Name,Features,Price,Quantity
Plum Cerasense Moisturizing Creme for Instant Barrier Repair... ₹449 10% Off Regular price ₹499. Discounted price ₹449. 10% Off.  Enjoy Free Gift  ( 265 ),FEATURED,499,
Neutrogena Hydro Boost Hyaluronic Acid Water Gel Light Face ... ₹1071 10% Off Regular price ₹1190. Discounted price ₹1071. 10% Off. ( 152547 ),"FEATURED, BESTSELLER",1190,2 Sizes
Pilgrim Korean Rice Water Hydra Glow Light Gel Moisturizer ₹332 16% Off Regular price ₹395. Discounted price ₹332. 16% Off. ( 2929 ),FEATURED,395,2 Sizes
"Olay 7in1 Gel Moisturizer with Niacinamide, Vitamin C, Colla... ₹551 31% Off Regular price ₹799. Discounted price ₹551. 31% Off. ( 756 )","FEATURED, BESTSELLER",799,
Bobbi Brown Vitamin Enriched Face Base (Moisturizer & Primer... ₹7500 ( 17788 ),FEATURED,7500,3 Sizes
Simple Kind To Skin Hydrating Light Moisturiser ₹424 15% Off Regular price ₹499. Discounted price ₹424. 15% Off. ( 54590 ),FEATURED,499,1 Size
TONYMOLY Korean Aloe Chok Chok Soothing Gel 93% to Calm & Hy... ₹450 ( 2541 ),FEATURED,450,
Renee Cosmetics Everyday Face Bright Serum In Cream ₹199 13% Off Regular price ₹229. Discounted price ₹199. 13% Off. ( 2462 ),FEATURED,229,
Aveeno Calm + Restore Oat Gel Face Moisturizer Normal Dry Se... ₹1196 8% Off Regular price ₹1300. Discounted price ₹1196. 8% Off. ( 91 ),FEATURED,1300,
"Earth Rhythm Calming Aloe Vera Gel, Healing, Calming and Soo... ₹314 10% Off Regular price ₹349. Discounted price ₹314. 10% Off. ( 915 )",FEATURED,349,
Dot & Key Vitamin C + E Super Bright Face Moisturizer For Gl... ₹441 11% Off Regular price ₹495. Discounted price ₹441. 11% Off. ( 113911 ),"AD, BESTSELLER",495,2 Sizes
Bioderma Niacinamide Moisturizer - Atoderm Creme Ultra-Boost... ₹799 ( 43773 ),BESTSELLER,799,2 Sizes
Cetaphil Moisturising Cream ₹836 7% Off Regular price ₹899. Discounted price ₹836. 7% Off. ( 152408 ),BESTSELLER,899,3 Sizes
Plum 2% Niacinamide & Rice Water Moisturiser - Lightweight G... ₹473 10% Off Regular price ₹525. Discounted price ₹473. 10% Off.  Enjoy Free Gift  ( 21506 ),BESTSELLER,525,
Dr. Sheth's Ceramide & Vitamin C Oil - Free Moisturizer to H... ₹479 20% Off Regular price ₹599. Discounted price ₹479. 20% Off. ( 48410 ),AD,599,
Dot & Key Hyaluronic + Ceramide Barrier Repair Hydrating Fac... ₹352 11% Off Regular price ₹395. Discounted price ₹352. 11% Off. ( 113379 ),BESTSELLER,395,2 Sizes
CeraVe Moisturizer Cream For Dry Skin With Ceramides & Hyalu... ₹387 10% Off Regular price ₹430. Discounted price ₹387. 10% Off. ( 47270 ),BESTSELLER,430,2 Sizes
Clinique Moisture Surge 100h Auto-replenishing Hydrator (Moi... ₹950 ( 79957 ),BESTSELLER,950,5 Sizes
Clinique Moisture Surge Intense 72h Lipid-replenishing Hydra... ₹950 21% Off Regular price ₹1200. Discounted price ₹950. 21% Off. ( 9340 ),AD,1200,
Minimalist Vitamin B5 10% Moisturizer ₹332 5% Off Regular price ₹349. Discounted price ₹332. 5% Off.  Enjoy Complimentary Gift  ( 80520 ),BESTSELLER,349,2 Sizes
Ponds Super Light Gel Oil Free Moisturiser With Hyaluronic A... ₹623 25% Off Regular price ₹830. Discounted price ₹623. 25% Off. ( 649940 ),,830,4 Sizes
"La Roche-Posay Cicaplast Baume B5+ Repair Moisturizer Balm, ... ₹550 ( 1001 )",,550,2 Sizes
BEST IN BEAUTY Estee Lauder Revitalizing Supreme+ Youth Power Creme Moistur... ₹12300  Get Complimentary Product  ( 3141 ),AD,12300,4 Sizes
Cetaphil Moisturising Lotion ₹718 9% Off Regular price ₹789. Discounted price ₹718. 9% Off. ( 199650 ),,789,4 Sizes
Embryolisse Lait-Creme Concentre ₹1373 10% Off Regular price ₹1525. Discounted price ₹1373. 10% Off. ( 35940 ),,1525,2 Sizes
Cetaphil DailyAdvance Ultra Hydrating Lotion ₹704 8% Off Regular price ₹765. Discounted price ₹704. 8% Off. ( 138494 ),,765,3 Sizes
CeraVe Oil Control Gel-Cream Lightweight Moisturizer For Oil... ₹1140 5% Off Regular price ₹1200. Discounted price ₹1140. 5% Off. ( 391 ),AD,1200,
Lakme Absolute Perfect Radiance Skin Brightening Day Creme ₹353 15% Off Regular price ₹415. Discounted price ₹353. 15% Off. ( 145869 ),,415,4 Sizes
COSRX Advanced Snail Mucin 92 All In One Cream with Hyaluron... ₹1650 ( 15605 ),,1650,
"The Face Shop Rice & Ceramide Moisturizing Emulsion, Locks S... ₹990  Enjoy Complimentary Gift  ( 23181 )",,990,2 Sizes
Clinique Dramatically Different Moisturizing Lotion Mini Fac... ₹750 42% Off Regular price ₹1300. Discounted price ₹750. 42% Off. ( 2318 ),AD,1300,
CeraVe Moisturizing Body Lotion for Normal to Dry skin with ... ₹1853 5% Off Regular price ₹1950. Discounted price ₹1853. 5% Off. ( 13418 ),,1950,3 Sizes
Re'equil Ceramide & Hyaluronic Acid Moisturiser For Normal T... ₹280 5% Off Regular price ₹295. Discounted price ₹280. 5% Off. ( 29399 ),,295,
"CeraVe Moisturizer For Dry Skin, Barrier Repair Cream with C... ₹1572 7% Off Regular price ₹1690. Discounted price ₹1572. 7% Off. ( 9275 )",,1690,2 Sizes
"Dot & Key Cica Calming Oil-Free Moisturizer, With Niacinamid... ₹436 12% Off Regular price ₹495. Discounted price ₹436. 12% Off. ( 9290 )",AD,495,
"Ponds Youthful Miracle Hexyl Retinol Complex, Renew & Repair... ₹719 20% Off Regular price ₹899. Discounted price ₹719. 20% Off. ( 102132 )",,899,3 Sizes
"BEST IN BEAUTY Vaseline Gluta-Hya Dewy Radiance Lotion Bright, Glowing Skin... ₹340 18% Off Regular price ₹415. Discounted price ₹340. 18% Off. ( 25134 )",,415,
NIVEA Soft Vit E Light Non Sticky Face Moisturiser Cream Fre... ₹340 15% Off Regular price ₹400. Discounted price ₹340. 15% Off. ( 185294 ),,400,4 Sizes
Dr. Sheth's Ceramide & Vitamin C Oil - Free Moisturizer to H... ₹311 11% Off Regular price ₹349. Discounted price ₹311. 11% Off. ( 48410 ),AD,349,
Foxtale Nourishing Ceramide Moisturiser for 100hrs of Hydrat... ₹324 18% Off Regular price ₹395. Discounted price ₹324. 18% Off.  Offer Available  ( 15880 ),,395,2 Sizes
Dot & Key CSMS Vitamin C Bestseller Combo ₹1474 15% Off Regular price ₹1734. Discounted price ₹1474. 15% Off. ( 333658 ),,1734,
d'you In My Defence Barrier-Building Moisturiser With 20x Mo... ₹3500 ( 3404 ),,3500,2 Sizes
Himalaya Moisturizing Aloe Vera Face Gel ₹74 18% Off Regular price ₹90. Discounted price ₹74. 18% Off. ( 25162 ),AD,90,
Plum BodyLovin Vanilla Caramello Bestselling Body Lotion for... ₹409 14% Off Regular price ₹475. Discounted price ₹409. 14% Off.  Enjoy Free Gift  ( 32069 ),,475,
Glow & Lovely Advanced Multi Vitamin Face Cream ₹72 ( 6188 ),,72,3 Sizes
Cetaphil BHR Brightening Day Protection Cream SPF ₹1195 8% Off Regular price ₹1299. Discounted price ₹1195. 8% Off. ( 8294 ),,1299,
Fixderma Kojic Acid + Arbutin Skarfix - Plus Cream ₹509 15% Off Regular price ₹599. Discounted price ₹509. 15% Off. ( 5454 ),AD,599,
The Face Shop Pomegranate & 10% Collagen Korean Beauty Moist... ₹1249  Enjoy Complimentary Gift  ( 4615 ),,1249,2 Sizes
Episoft AC Moisturiser SPF 30 With Microencapsulated Sunscre... ₹644 5% Off Regular price ₹678. Discounted price ₹644. 5% Off. ( 20414 ),,678,2 Sizes
"Bioderma Moisturizer Sebium Hydra for Oily, Acne-Prone Skin ... ₹1195 ( 3264 )",,1195,
"Celimax Pore + Dark Spot Brightening Cream, Reduces Spots & ... ₹2599 ( 169 )",AD,2599,
Minimalist B12 + Repair Complex 5.5% Face Moisturizer ₹379 5% Off Regular price ₹399. Discounted price ₹379. 5% Off.  Enjoy Complimentary Gift  ( 3692 ),NEW,399,2 Sizes
Raaga Professional De-Tan Removal Cream ₹373 10% Off Regular price ₹414. Discounted price ₹373. 10% Off. ( 17944 ),,414,
Neutrogena Visible Repair Retinol + Peptide Anti-Ageing Day ... ₹1394 17% Off Regular price ₹1680. Discounted price ₹1394. 17% Off. ( 2323 ),,1680,
"Dot & Key Strawberry Dew Brightening Moisturizer, Niacinamid... ₹359 10% Off Regular price ₹399. Discounted price ₹359. 10% Off. ( 1617 )",AD,399,
BEST IN BEAUTY Olay Retinol Anti Ageing Night Cream For Youthful Looking Sk... ₹1799 10% Off Regular price ₹1999. Discounted price ₹1799. 10% Off. ( 18161 ),,1999,2 Sizes
Forest Essentials Soundarya Radiance Cream With 24K Gold And... ₹6850  Enjoy Complimentary Gift  ( 3495 ),,6850,3 Sizes
Aestura Atobarrier365 Cream ₹1400 ( 316 ),,1400,2 Sizes
Dot & Key Blueberry Hydrate Barrier Repair Intense Moisturiz... ₹359 10% Off Regular price ₹399. Discounted price ₹359. 10% Off. ( 868 ),AD,399,
Beauty of Joseon Dynasty Cream ₹2090 ( 955 ),,2090,
Kiehl's Ultra Facial Cream With 24 Hour Hydration - Moisturi... ₹3000 ( 3906 ),,3000,3 Sizes
Foxtale Super Glow Moisturiser With 4% VitC-Niacinamide Comp... ₹369 17% Off Regular price ₹445. Discounted price ₹369. 17% Off.  Offer Available  ( 5474 ),,445,
"Dot & Key Watermelon Cooling Icy Gel Moisturizer, With Hyalu... ₹441 11% Off Regular price ₹495. Discounted price ₹441. 11% Off. ( 927 )",AD,495,
Raaga Professional De Tan Removal Creme With Kojic & Milk(50... ₹1346 10% Off Regular price ₹1495. Discounted price ₹1346. 10% Off. ( 8181 ),,1495,
Minimalist Marula Oil Moisturizer ₹284 5% Off Regular price ₹299. Discounted price ₹284. 5% Off.  Enjoy Complimentary Gift  ( 40015 ),NEW,299,2 Sizes
Dot & Key 72Hr Hydrating Lightweight Gel Face Moisturizer Wi... ₹441 11% Off Regular price ₹495. Discounted price ₹441. 11% Off. ( 39228 ),,495,2 Sizes
Clinique Moisture Surge Intense 72H Lipid-Replenishing Hydra... ₹950 21% Off Regular price ₹1200. Discounted price ₹950. 21% Off. ( 9340 ),AD,1200,4 Sizes
Charlotte Tilbury Charlotte's Magic Cream ₹6800  Offer Available  ( 4705 ),,6800,2 Sizes
Olay Super Collagen Peptides Moisturizer For Firm & Lifted S... ₹1499 25% Off Regular price ₹1999. Discounted price ₹1499. 25% Off. ( 455 ),,1999,
Minimalist Daily Skincare Routine For Oily & Acne Prone Skin... ₹1481 10% Off Regular price ₹1646. Discounted price ₹1481. 10% Off.  Enjoy Complimentary Gift  ( 454564 ),,1646,
Fixderma Kojic Acid + Arbutin Skarfix - Plus Cream ₹298 15% Off Regular price ₹350. Discounted price ₹298. 15% Off. ( 5454 ),AD,350,
Lotus Professional PhytoRx Whitening & Brightening Face Crea... ₹707 10% Off Regular price ₹785. Discounted price ₹707. 10% Off. ( 17876 ),,785,
Dr. Sheth's Ceramide & Vitamin C Oil ₹311 11% Off Regular price ₹349. Discounted price ₹311. 11% Off. ( 48410 ),,349,2 Sizes
Beauty Of Joseon Red Bean Water Gel Face Moisturizer For Oil... ₹1570 ( 442 ),,1570,
"ClayCo Rice & Ceramide Moisturiser With Exosomes, Vitamin B1... ₹999  Extra 10% Off  ( 116 )",AD,999,
MCaffeine Coffee Under Eye Cream for Dark Circle & Puffiness... ₹297 15% Off Regular price ₹349. Discounted price ₹297. 15% Off. ( 18571 ),,349,
"Olay Total Effects Day Cream With Spf 15, Fights 7 Signs Of ... ₹899 10% Off Regular price ₹999. Discounted price ₹899. 10% Off. ( 10736 )",,999,
BEST IN BEAUTY LANEIGE Bouncy And Firm Sleeping Mask ₹1300  Enjoy Free Gift  ( 1047 ),,1300,1 Size
The Formularx Barrier Relief Lightweight Ceramide Moisturize... ₹629 10% Off Regular price ₹699. Discounted price ₹629. 10% Off. ( 814 ),AD,699,
Olay Regenerist Mico Sculpting Day Cream For Plump-Bouncy Sk... ₹1619 10% Off Regular price ₹1799. Discounted price ₹1619. 10% Off. ( 5275 ),,1799,
Foxtale Oil Balancing Moisturizer ₹392 12% Off Regular price ₹445. Discounted price ₹392. 12% Off.  Offer Available  ( 3869 ),,445,2 Sizes
The Face Shop Ceramide & Rice Moisturizer - Korean Day Cream... ₹1040  Enjoy Complimentary Gift  ( 4748 ),,1040,
The Derma Co 5% Vitamin C Oil Free Daily Face Moisturizer ₹297 15% Off Regular price ₹349. Discounted price ₹297. 15% Off. ( 1789 ),AD,349,
Bioderma Anti-Itching Balm-Atoderm Intensive Baume-Ceramides... ₹1699 ( 10826 ),,1699,3 Sizes
"La Roche-Posay Effaclar Duo+M Gel with Salicylic acid, Anti-... ₹450 ( 224 )",,450,2 Sizes
Plum Saffron & Kumkumadi Oil Glow Bright Moisturizer For Dul... ₹374 10% Off Regular price ₹415. Discounted price ₹374. 10% Off.  Enjoy Free Gift  ( 6532 ),,415,
Simple Hydrating Light Moisturiser ₹237 5% Off Regular price ₹249. Discounted price ₹237. 5% Off. ( 671 ),AD,249,
"Sebamed Clear Face Care Gel, pH 5.5, Non-Sticky Moisturizer ... ₹550 ( 9042 )",,550,
"Lakmé Peach Creme Moisturiser, Ceramide & Peptide, Skin Barr... ₹585 25% Off Regular price ₹780. Discounted price ₹585. 25% Off. ( 185789 )",,780,4 Sizes
Neutrogena Hydro Boost Hyaluronic Acid Water Gel Face Moistu... ₹950 4% Off Regular price ₹990. Discounted price ₹950. 4% Off. ( 2037 ),,990,
Wishcare 2:1:3 NMF Water Gel Moisturizer for Oily & Sensitiv... ₹347 13% Off Regular price ₹399. Discounted price ₹347. 13% Off. ( 366 ),"AD, NEW",399,
Glycolic Bright Glowing Day Cream SPF 30 ₹759 5% Off Regular price ₹799. Discounted price ₹759. 5% Off. ( 13234 ),,799,2 Sizes
Conscious Chemist Rapid Relief Acne Spot Corrector Gel ₹299 25% Off Regular price ₹399. Discounted price ₹299. 25% Off. ( 714 ),,399,
"Deconstruct Oil-Free Moisturizer, Lightweight, Non-Sticky, 7... ₹321 8% Off Regular price ₹349. Discounted price ₹321. 8% Off. ( 2473 )",,349,
The Formularx Hydraveil Moisturizer With Ectoin & Ceramide F... ₹629 10% Off Regular price ₹699. Discounted price ₹629. 10% Off. ( 297 ),AD,699,
Ponds Hydra Miracle Super Light Gel With Hyaluronic Acid & S... ₹296 5% Off Regular price ₹312. Discounted price ₹296. 5% Off. ( 1244 ),,312,2 Sizes
CeraVe AM Facial Moisturizier With Sunscreen SPF 50 UVB + UV... ₹1425 5% Off Regular price ₹1500. Discounted price ₹1425. 5% Off. ( 233 ),,1500,
M.A.C Strobe Cream Illuminating Moisturizer & Liquid Highlig... ₹4200 ( 33522 ) 2 Shades,,4200,
Forest Essentials Night Cream Eternal Youth Date & Litchi An... ₹2095  Enjoy Complimentary Gift  ( 2652 ),AD,2095,
Fixderma Nigrifix Cream ₹581 25% Off Regular price ₹775. Discounted price ₹581. 25% Off. ( 7254 ),,775,2 Sizes
CeraVe PM Facial Moisturizer Lightweight Night Cream with Ce... ₹1235 5% Off Regular price ₹1300. Discounted price ₹1235. 5% Off. ( 1082 ),,1300,
Plum Green Tea Oil-Free Moisturizer With Niacinamide For Oil... ₹423 10% Off Regular price ₹470. Discounted price ₹423. 10% Off.  Enjoy Free Gift  ( 20503 ),,470,
Asaya Ceramide Moisturizer for Dark Spots & Pigmentation Rem... ₹449 25% Off Regular price ₹599. Discounted price ₹449. 25% Off. ( 251 ),AD,599,
Biotique Morning Nectar Nourish & Hydrate Moisturizer ₹298 30% Off Regular price ₹425. Discounted price ₹298. 30% Off. ( 133263 ),,425,2 Sizes
Chemist at Play Vitamin C Neck Knee Elbow Brightening Roll O... ₹319 9% Off Regular price ₹349. Discounted price ₹319. 9% Off. ( 3826 ),,349,
PAC Aqua Blast - Water Based Moisturizer ₹895  Offer Available  ( 22784 ),,895,2 Sizes
Dot & Key Pomegranate + Peptide Youth Restore Moisturizer SP... ₹441 11% Off Regular price ₹495. Discounted price ₹441. 11% Off. ( 2737 ),AD,495,
L'Oreal Paris Hyaluronic Acid Line Filling Water Cream with ... ₹849 15% Off Regular price ₹999. Discounted price ₹849. 15% Off. ( 18628 ),,999,2 Sizes
Dot & Key Vitamin C + E In The Spotlight Strobe Cream ₹297 14% Off Regular price ₹345. Discounted price ₹297. 14% Off. ( 29235 ) 2 Shades,,345,
Anua 3 Ceramide Panthenol Moisture Barrier Cream with Hyalur... ₹2100 ( 109 ),,2100,
Dr. Sheth's Kesar & Kojic Acid Oil-Free Moisturizer ₹311 11% Off Regular price ₹349. Discounted price ₹311. 11% Off. ( 10294 ),AD,349,2 Sizes
The Derma Co Oil-free Daily Face Moisturizer With Hyaluronic... ₹311 11% Off Regular price ₹349. Discounted price ₹311. 11% Off. ( 5086 ),,349,
Eucerin Anti-Pigment Day Cream With Sunscreen SPF30 & Thiami... ₹2592 10% Off Regular price ₹2880. Discounted price ₹2592. 10% Off.  Extra 10% Off  ( 78 ),,2880,
Pilgrim Squalane Glow Moisturizer with Niacinamide & Vitamin... ₹413 25% Off Regular price ₹550. Discounted price ₹413. 25% Off. ( 12801 ),,550,
BiE Moongleam- Precious Gel Cream ₹2999  Extra 10% Off  ( 17 ),AD,2999,2 Sizes
Lotus Professional PhytoRx Whitening & Brightening Day & Nig... ₹1375 13% Off Regular price ₹1580. Discounted price ₹1375. 13% Off. ( 2808 ),,1580,
Bioderma Brightening Cream - Pigmentbio Sensitive Areas - Ex... ₹1599 ( 603 ),,1599,
"Olay Total Effects Night Cream, Fights 7 Signs Of Ageing Wit... ₹899 10% Off Regular price ₹999. Discounted price ₹899. 10% Off. ( 6657 )",,999,
BiE Superpower- Eternal Youth Cream ₹2999  Extra 10% Off  ( 119 ),AD,2999,2 Sizes
Cetaphil Gentle Cleansing & Moisturizing Combo ₹1249 8% Off Regular price ₹1358. Discounted price ₹1249. 8% Off. ( 397514 ),,1358,
Embryolisse Lait Sensitive Moisturizer Cream ₹2516 10% Off Regular price ₹2795. Discounted price ₹2516. 10% Off. ( 39 ),,2795,
LANEIGE Water Bank Blue Hyaluronic Gel Moisturizer ₹2900  Enjoy Free Gift  ( 1172 ),,2900,2 Sizes
Wishcare 3:1:1 Barrier Bounce Moisturizer with Non-Comedogen... ₹347 13% Off Regular price ₹399. Discounted price ₹347. 13% Off. ( 332 ),NEW,399,
Simple Hydrating Light Moisturiser ₹237 5% Off Regular price ₹249. Discounted price ₹237. 5% Off. ( 671 ),,249,
Lotus Herbals YouthRx Anti Ageing Transforming Face Cream SP... ₹735 12% Off Regular price ₹835. Discounted price ₹735. 12% Off. ( 7408 ),,835,
Hyphen 2% Ceramide-Peptide Complex Barrier Repair Moisturize... ₹449 10% Off Regular price ₹499. Discounted price ₹449. 10% Off. ( 2537 ),,499,
"Lakmé Peach Moisturiser with SPF 30 & Ceramide, UV Defense &... ₹439 20% Off Regular price ₹549. Discounted price ₹439. 20% Off. ( 107577 )",,549,3 Sizes
O3+ Radiant Day Cream Moisturiser SPF30 for Brightening & Gl... ₹998 5% Off Regular price ₹1050. Discounted price ₹998. 5% Off. ( 3309 ),,1050,
Minimalist 0.3% Ceramide Barrier Repair Moisturizing Cream F... ₹569 5% Off Regular price ₹599. Discounted price ₹569. 5% Off.  Enjoy Complimentary Gift  ( 2843 ),,599,
Cetaphil Optimal Hydration Restoring Water Gel ₹299 25% Off Regular price ₹399. Discounted price ₹299. 25% Off. ( 83 ),NEW,399,2 Sizes
Pilgrim Retinol Night Cream with Vitamin C & Hyaluronic Acid ₹533 18% Off Regular price ₹650. Discounted price ₹533. 18% Off. ( 5712 ),,650,
The Body Shop Vitamin C Glow Boosting Moisturizer Boosts Rad... ₹2426 10% Off Regular price ₹2695. Discounted price ₹2426. 10% Off. ( 2138 ),,2695,
Wishcare 2:1:3 NMF Water Gel Moisturizer for Oily & Sensitiv... ₹347 13% Off Regular price ₹399. Discounted price ₹347. 13% Off. ( 366 ),NEW,399,
Biotique Bio Sun Shield Sandalwood Ultra Protective Face Lot... ₹205 50% Off Regular price ₹410. Discounted price ₹205. 50% Off. ( 47031 ),,410,3 Sizes
Bioderma Ultra-Soothing Foaming Gel Atoderm Intensive Gel Mo... ₹699 ( 2107 ),,699,
Mamaearth Aloe Vera Gel with Pure Aloe Vera & VitaminE for S... ₹297 7% Off Regular price ₹319. Discounted price ₹297. 7% Off. ( 20483 ),,319,
"ClayCo Rice & Ceramide Moisturiser With Exosomes, Vitamin B1... ₹999  Extra 10% Off  ( 116 )",,999,
Venusia Acne Control Moisturizer| Oily Skin Friendly| Lighte... ₹522 18% Off Regular price ₹636. Discounted price ₹522. 18% Off. ( 384 ),,636,
Fixderma Tranexamic Acid + 2%Kojic Acid + 1%Arbutin SKARFIX ... ₹404 15% Off Regular price ₹475. Discounted price ₹404. 15% Off. ( 2295 ),,475,2 Sizes
Avene Cicalfate + Restorative Protective Cream ₹1805 5% Off Regular price ₹1900. Discounted price ₹1805. 5% Off. ( 728 ),,1900,2 Sizes
Sulwhasoo Concentrated Ginseng Renewing Cream Ex ₹17900  Enjoy Free Gift  ( 196 ),,17900,2 Sizes
Foxtale Aquamarine Oil Free Hydrating Moisturiser With Hyalu... ₹308 22% Off Regular price ₹395. Discounted price ₹308. 22% Off.  Offer Available  ( 2930 ),,395,
Forest Essentials Eladi Day Cream With SPF 30 PA++ Ayurvedic... ₹2795  Enjoy Complimentary Gift  ( 480 ),,2795,
Bioderma Atoderm Intensive Gel Creme Moisturizer ₹879 20% Off Regular price ₹1099. Discounted price ₹879. 20% Off. ( 632 ),,1099,2 Sizes
Clinique Dramatically Different Moisturizing Gel ₹3500 32% Off Regular price ₹5150. Discounted price ₹3500. 32% Off. ( 1617 ),,5150,2 Sizes
Foxtale Hydrating Ceramide Supercream Moisturizer With Hyalu... ₹356 20% Off Regular price ₹445. Discounted price ₹356. 20% Off.  Offer Available  ( 19924 ),,445,2 Sizes
Wishcare Pure & Natural Aloe Vera Gel - Enriched With Vitami... ₹279 30% Off Regular price ₹399. Discounted price ₹279. 30% Off. ( 5442 ),,399,
Dr. Sheth's Kesar & Kojic Acid Oil-Free Moisturizer ₹311 11% Off Regular price ₹349. Discounted price ₹311. 11% Off. ( 10294 ),,349,2 Sizes
Fixderma Kojic Acid + Arbutin Skarfix - Plus Cream ₹298 15% Off Regular price ₹350. Discounted price ₹298. 15% Off. ( 5454 ),,350,2 Sizes
The Body Shop Vitamin E Moisture Cream ₹1095 ( 6535 ),,1095,1 Size
Plum Bulgarian Rose And 1% Hyaluronic Acid Dew-It-Light Gel ... ₹449 10% Off Regular price ₹499. Discounted price ₹449. 10% Off.  Enjoy Free Gift  ( 452 ),,499,
Lakme Retinol Advanced Renewal Day Creme Pro-Retinol Peptide... ₹899 10% Off Regular price ₹999. Discounted price ₹899. 10% Off. ( 3622 ),,999,
The Formularx Hydraveil Moisturizer With Ectoin & Ceramide F... ₹629 10% Off Regular price ₹699. Discounted price ₹629. 10% Off. ( 297 ),,699,
The Ordinary Natural Moisturizing Factors + HA ₹700 ( 8184 ),,700,
"Hyphen Brightening Moisturizer THD- 20% KakaduPlum, Stable V... ₹427 5% Off Regular price ₹449. Discounted price ₹427. 5% Off. ( 356 )",,449,
Physiogel Daily Moisture Therapy - Face Moisturizer Cream ₹740 ( 1722 ),,740,
Nykaa Skin Hydrating Gentle Face Wash ₹424 15% Off Regular price ₹499. Discounted price ₹424. 15% Off. ( 223 ) 4 Shades,NEW,499,
The Derma Co 1% Salicylic Acid Oil-free Moisturizer for Face... ₹311 11% Off Regular price ₹349. Discounted price ₹311. 11% Off. ( 4585 ),,349,
Mamaearth Rice Oil-Free Face Moisturizer With Rice Water & N... ₹293 8% Off Regular price ₹319. Discounted price ₹293. 8% Off. ( 7289 ),,319,
NIVEA Soft Light Cream - Pack Of 2 ₹680 15% Off Regular price ₹800. Discounted price ₹680. 15% Off. ( 240641 ),,800,
Dot & Key Pomegranate + Peptide Youth Restore Moisturizer SP... ₹441 11% Off Regular price ₹495. Discounted price ₹441. 11% Off. ( 2737 ),,495,
"WOW Skin Science 99% Pure Aloe Vera Gel for Face, Skin and H... ₹431 4% Off Regular price ₹449. Discounted price ₹431. 4% Off. ( 60739 )",,449,2 Sizes
Lotus Herbals WhiteGlow Deep Moisturising Face Cream SPF 20 ... ₹396 12% Off Regular price ₹450. Discounted price ₹396. 12% Off. ( 11509 ),,450,1 Size
Plix 2% Alpha Arbutin Pineapple Moisturizer With SymWhite PL... ₹446 15% Off Regular price ₹525. Discounted price ₹446. 15% Off.  Enjoy Complimentary Gift  ( 3483 ),,525,
The Face Shop Korean Jeju Aloe Vera Soothing Gel with Vitami... ₹466 5% Off Regular price ₹490. Discounted price ₹466. 5% Off.  Enjoy Complimentary Gift  ( 7185 ),,490,
PAC Aqua Blast Water Based Moisturizer Mini - Lightweight Hy... ₹475  Offer Available  ( 22784 ),,475,
Lacto Calamine Super Light Face Moisturizer Gel For Oily Ski... ₹230 23% Off Regular price ₹299. Discounted price ₹230. 23% Off. ( 4042 ),,299,
"Vaseline Gluta-Hya Flawless Glow Lotion Bright, Even Tone Sk... ₹340 18% Off Regular price ₹415. Discounted price ₹340. 18% Off. ( 11101 )",,415,
Hyphen 2% Cica Exosome Oil-Free Moisturizer 5% Niacinamide C... ₹395 7% Off Regular price ₹425. Discounted price ₹395. 7% Off. ( 338 ),,425,
COSRX OIL-FREE Ultra Moisturizing Lotion (with Birch Sap) ₹1650 ( 1096 ),,1650,
Torriden Dive In Soothing Cream - Korean Hyaluronic Acid Gel... ₹1900 ( 58 ),,1900,
The Derma Co 5% Nia-Ceramide Mattifying Moisturizer for Oily... ₹391 13% Off Regular price ₹449. Discounted price ₹391. 13% Off. ( 693 ),,449,
Klairs Illuminating Supple Blemish Cream SPF 40 PA++ ₹1710 ( 1216 ),,1710,
Aqualogica Illuminate + Hydra Gel Moisturizer With Alpha Arb... ₹449 10% Off Regular price ₹499. Discounted price ₹449. 10% Off. ( 2132 ),,499,
"Vaseline Gluta-Hya Overnight Radiance, Serum-In-Lotion, With... ₹344 18% Off Regular price ₹420. Discounted price ₹344. 18% Off. ( 3555 )",,420,
Lotus Professional PhytoRx Skin Anti-Ageing Face Cream SPF 2... ₹869 10% Off Regular price ₹965. Discounted price ₹869. 10% Off. ( 2785 ),,965,
Innisfree Perfect 9 Intensive Cream EX - Anti-Aging & Firmin... ₹3230 5% Off Regular price ₹3400. Discounted price ₹3230. 5% Off. ( 855 ),,3400,
The Derma Co X Dr. V Skin Renew Peptide Retinol Serum Cream ₹1519 5% Off Regular price ₹1599. Discounted price ₹1519. 5% Off. ( 489 ),,1599,
Cetaphil Bright Healthy Radiance Day And Night Cream ₹2390 8% Off Regular price ₹2598. Discounted price ₹2390. 8% Off. ( 44608 ),,2598,
Brinton Acmist Moisturizing Cream Gel With Quick Absorbing F... ₹401 8% Off Regular price ₹436. Discounted price ₹401. 8% Off. ( 892 ),,436,
Dot & Key Barrier Repair Essentials Duo ₹547 15% Off Regular price ₹644. Discounted price ₹547. 15% Off. ( 164364 ),,644,
Hyphen 10% Heartleaf & 7% Ceramides-NMF Face Moisturizer| Ri... ₹427 5% Off Regular price ₹449. Discounted price ₹427. 5% Off. ( 310 ),,449,
Estee Lauder Sunscreen - Perfectionist Pro Multi-Defense wit... ₹4000  Get Complimentary Product  ( 369 ),,4000,
Innisfree Green Tea Seed Cream - Hydrating & Soothing Moistu... ₹1602 10% Off Regular price ₹1780. Discounted price ₹1602. 10% Off. ( 1292 ),,1780,
RAS Luxury Oils Super Charge Multivitamin Day Cream SPF 30 I... ₹1992 20% Off Regular price ₹2490. Discounted price ₹1992. 20% Off.  Enjoy Complimentary Gift  ( 753 ),,2490,2 Sizes
Fixderma Kojic Acid + Arbutin Skarfix - Plus Cream ₹298 15% Off Regular price ₹350. Discounted price ₹298. 15% Off. ( 5454 ),,350,
Illiyoon Ceramide Ato Lotion ₹650 ( 46 ),NEW,650,3 Sizes
"CeraVe Blemish Control Gel with 2% Salicylic Acid, AHA & Nia... ₹808 5% Off Regular price ₹850. Discounted price ₹808. 5% Off. ( 138 )",,850,
"NIVEA Creme, Multi-Purpose Moisturizer, Protective Skin Care... ₹472 10% Off Regular price ₹524. Discounted price ₹472. 10% Off. ( 179780 )",,524,2 Sizes
Olay Natural White Instant Glowing Fairness Skin Cream with ... ₹199 ( 40473 ),,199,2 Sizes
Medicube Collagen Jelly Cream ₹2800 ( 36 ),NEW,2800,2 Sizes
M.A.C Hyper Real Skincanvas Balm Moisturizer With Niacinamid... ₹5500 ( 1203 ),,5500,2 Sizes
Simple Water Boost Hydrating Gel Creme 100 HR Hydration ₹404 10% Off Regular price ₹449. Discounted price ₹404. 10% Off. ( 4121 ),,449,
"Deconstruct Niacinamide Brightening Face Moisturizer, Bright... ₹367 8% Off Regular price ₹399. Discounted price ₹367. 8% Off. ( 1554 )",,399,
Neutrogena Hydro Boost Hyaluronic Acid Night Cream & Moistur... ₹1301 4% Off Regular price ₹1355. Discounted price ₹1301. 4% Off. ( 1140 ),,1355,
Pilgrim White Lotus Day Cream SPF 50 with Camellia & Yugdugu ₹450 10% Off Regular price ₹500. Discounted price ₹450. 10% Off. ( 5353 ),,500,
Aqualogica Glow+ Hydra Gel Moisturizer With Papaya & Vitamin... ₹299 ( 464 ),,299,
The Derma Co 5% Vitamin C Oil Free Daily Face Moisturizer ₹297 15% Off Regular price ₹349. Discounted price ₹297. 15% Off. ( 1789 ),,349,
Olay Regenerist Revilatising Hydration Day Cream With Spf 15... ₹1519 5% Off Regular price ₹1599. Discounted price ₹1519. 5% Off. ( 2012 ),,1599,
"BEST IN BEAUTY Kama Ayurveda Kumkumadi Youth - Revitalising Soft Cream, For... ₹4450 ( 1928 )",,4450,2 Sizes
Plum 1% Resveratrol & Vitamin C Youthful Glow Moisturizer Fo... ₹539 10% Off Regular price ₹599. Discounted price ₹539. 10% Off.  Enjoy Free Gift  ( 1579 ),,599,
The Ordinary Natural Moisturizing Factors + Beta Glucan ₹1450 ( 636 ),,1450,
Recode Cream Water ₹629 10% Off Regular price ₹699. Discounted price ₹629. 10% Off. ( 1229 ),,699,
Aqualogica Glow+ Hydra Gel Moisturizer With Papaya & Vitamin... ₹449 10% Off Regular price ₹499. Discounted price ₹449. 10% Off. ( 1266 ),,499,
Personal Touch Sunstalker Korea Aqua Gel Sunscreen SPF 50 PA... ₹594 15% Off Regular price ₹699. Discounted price ₹594. 15% Off. ( 253 ),,699,
Aveeno Dermexa Daily Emollient Cream | Oat + Ceramide Face &... ₹1551 6% Off Regular price ₹1650. Discounted price ₹1551. 6% Off. ( 796 ),,1650,
Neutrogena Ultra Gentle Daily Face Moisturizer With Glycerin... ₹675 10% Off Regular price ₹750. Discounted price ₹675. 10% Off. ( 172 ),,750,
Hyphen 2% Ceramide-Peptide Complex Barrier Repair Moisturize... ₹404 10% Off Regular price ₹449. Discounted price ₹404. 10% Off. ( 1635 ),,449,
L'Oreal Paris Revitalift Anti-Wrinkles + Radiance Moisturizi... ₹1049 ( 6313 ),,1049,
"Vaseline Cloud Soft Light Moisturiser,100 Hours Non-Sticky H... ₹423 20% Off Regular price ₹529. Discounted price ₹423. 20% Off. ( 1050 )",,529,3 Sizes
Forest Essentials Advanced Sanjeevani Beauty Elixir ₹4995  Enjoy Complimentary Gift  ( 811 ),,4995,2 Sizes
"The Face Shop Rice & Ceramide Moisturizing Skincare Set, Com... ₹899 ( 1377 )",,899,
Lotus Herbals WhiteGlow Skin Whitening & Brightening Gel Cre... ₹485 15% Off Regular price ₹570. Discounted price ₹485. 15% Off. ( 27251 ),,570,2 Sizes
Lacto Calamine Oil Balance Lotion (For Oily Skin) ₹149 10% Off Regular price ₹165. Discounted price ₹149. 10% Off. ( 50348 ),,165,3 Sizes
The Face Shop White Seed Brightening Lotion - Korean Moistur... ₹779  Enjoy Complimentary Gift  ( 1680 ),,779,2 Sizes
Mederma Advance Plus Scar Gel ₹530 ( 8175 ),,530,2 Sizes
Kiehl's Ultra Facial Cream Refill ₹6200,,6200,
ClayCo Acne Paste With 10% Sulfur & Salicylic Acid ₹599  Extra 10% Off  ( 19 ),NEW,599,
COSRX Ultimate Nourishing Rice Overnight Spa Mask ₹1390 ( 1669 ),,1390,
Dr. Sheth's Tea Tree & Lactic Acid Body Lotion Provides Even... ₹269 10% Off Regular price ₹299. Discounted price ₹269. 10% Off. ( 13956 ),,299,2 Sizes
TONYMOLY Korean Intense Care Gold 24K Snail Cream with Niaci... ₹3070 ( 63 ),,3070,
Pilgrim Squalane Roll-On Under Eye Eream Serum with Phyto-Re... ₹340 15% Off Regular price ₹400. Discounted price ₹340. 15% Off. ( 2751 ),,400,
"Olay Total Effects Day Cream, Fights 7 Signs of Ageing With ... ₹949 5% Off Regular price ₹999. Discounted price ₹949. 5% Off. ( 2224 )",,999,
Asaya Ceramide Moisturizer for Dark Spots & Pigmentation Rem... ₹449 25% Off Regular price ₹599. Discounted price ₹449. 25% Off. ( 251 ),,599,
Olay Age Protect Anti-Ageing Cream ₹425 ( 7698 ),,425,2 Sizes
PLIX 2% Niacinamide Jamun Moisturizer to Reduce Pimples for ... ₹318 33% Off Regular price ₹475. Discounted price ₹318. 33% Off.  Enjoy Complimentary Gift  ( 1594 ),,475,
Lotus Make-Up Xpress Glow 10 In 1 Daily Beauty Face Cream SP... ₹332 15% Off Regular price ₹390. Discounted price ₹332. 15% Off. ( 14948 ) 2 Shades,,390,
Physiogel Calming Relief Anti Irritant Face Moisturizer Crea... ₹725 ( 856 ),,725,
Plum Cerasense Moisturizer for Instant Barrier Repair & 72-H... ₹449 10% Off Regular price ₹499. Discounted price ₹449. 10% Off.  Enjoy Free Gift  ( 265 ),,499,2 Sizes
Pilgrim Red Vine Night Gel Creme with Retinol Mulberry ₹468 28% Off Regular price ₹650. Discounted price ₹468. 28% Off. ( 3261 ),,650,
Estee Lauder Daywear Anti-Oxidant 72H-Hydration Sorbet Creme... ₹5800  Get Complimentary Product  ( 4216 ),,5800,1 Size
Aqualogica Radiance+ Oil Free Moisturizer with Watermelon & ... ₹367 8% Off Regular price ₹399. Discounted price ₹367. 8% Off. ( 2318 ),,399,
Clinique Dramatically Different Moisturizing Lotion SPF 50 -... ₹3500 ( 8 ),,3500,2 Sizes
Re'equil Skin Radiance Cream ₹328 5% Off Regular price ₹345. Discounted price ₹328. 5% Off. ( 3396 ),,345,
Venusia Moisturizing Cream | Body & Face Cream | 24 hrs Mois... ₹480 18% Off Regular price ₹585. Discounted price ₹480. 18% Off. ( 297 ),,585,
Cetaphil Cleansing + Hydrating Regime ₹1148 8% Off Regular price ₹1248. Discounted price ₹1148. 8% Off. ( 366128 ),,1248,
Pilgrim French Red Vine Youthful Glow Moisturizer SPF 30 wit... ₹479 13% Off Regular price ₹550. Discounted price ₹479. 13% Off. ( 4372 ),,550,
Lakme Absolute Hydra Pro Gel Creme ₹722 15% Off Regular price ₹849. Discounted price ₹722. 15% Off. ( 11382 ),,849,1 Size
Hyalugel Moisturising Gel For Oily Skin ₹270 ( 258 ),,270,
The Body Shop Vitamin C Daily Glow Cleansing Polish ₹995 ( 276 ),,995,
Quench 2% Niacinamide Ultra Light Gel Moisturizer ₹551 8% Off Regular price ₹599. Discounted price ₹551. 8% Off. ( 3275 ),,599,1 Size
The Body Shop Oils Of Life Intensely Revitalizing Cream ₹2516 10% Off Regular price ₹2795. Discounted price ₹2516. 10% Off. ( 360 ),,2795,
belif Moisturizing Bomb Cream-Vegan Korean Face Cream with C... ₹3353 10% Off Regular price ₹3725. Discounted price ₹3353. 10% Off. ( 1005 ),,3725,3 Sizes
LANEIGE Water Bank Blue Hyaluronic Cream Moisturizer - Mini ₹1680  Enjoy Free Gift  ( 1591 ),,1680,
Lotus Botanicals Skin Brightening Day Cream with Vitamin C S... ₹685 ( 2581 ),,685,
VT Cosmetics PDRN Capsule Cream ₹1869 15% Off Regular price ₹2199. Discounted price ₹1869. 15% Off. ( 27 ),NEW,2199,
Quench 92% Snail Mucin Collagen Boost Moisturizer ₹629 10% Off Regular price ₹699. Discounted price ₹629. 10% Off. ( 999 ),,699,2 Sizes
Innisfree Aloe Vera Revital Soothing Gel - Cooling & Refresh... ₹570 5% Off Regular price ₹600. Discounted price ₹570. 5% Off. ( 4795 ),,600,
"Olay Regenerist Whip Cream With Spf30, Ultra Lightweight For... ₹1899 5% Off Regular price ₹1999. Discounted price ₹1899. 5% Off. ( 1227 )",,1999,
Dermatouch Bye Bye Pigmentation Removal Cream ₹477 10% Off Regular price ₹530. Discounted price ₹477. 10% Off. ( 541 ),,530,
The Derma Co 5% Nia-Ceramide Daily Hydrating Moisturizer for... ₹391 13% Off Regular price ₹449. Discounted price ₹391. 13% Off. ( 389 ),,449,
Conscious Chemist 10% Azelaic Acid Gel Cream For Redness Rel... ₹259 35% Off Regular price ₹399. Discounted price ₹259. 35% Off. ( 485 ),,399,
"Novology Acne Light Moisturizing Gel For Oily, Acne Prone Sk... ₹450 10% Off Regular price ₹500. Discounted price ₹450. 10% Off. ( 198 )",,500,
Lotus Herbals Whiteglow Day And Night Face Cream Pack And Fa... ₹840 12% Off Regular price ₹955. Discounted price ₹840. 12% Off. ( 5496 ),,955,
Klairs Midnight Blue Calming Cream ₹1050 ( 2692 ),,1050,2 Sizes
"Lotus Professional PhytoRx Deep Moisturising Face Cream, Dee... ₹707 10% Off Regular price ₹785. Discounted price ₹707. 10% Off. ( 2227 )",,785,
Forest Essentials Tejasvi Brightening Emulsion Ayurvedic Fac... ₹1750  Enjoy Complimentary Gift  ( 598 ),,1750,2 Sizes
The Derma Co Ceramide + HA Intense Daily Face Moisturizer Fo... ₹297 15% Off Regular price ₹349. Discounted price ₹297. 15% Off. ( 4413 ),,349,
Plum Green Tea Mattifying Moisturizer With Glycolic Acid & G... ₹423 10% Off Regular price ₹470. Discounted price ₹423. 10% Off.  Enjoy Free Gift  ( 18631 ),,470,
Pilgrim 24k Gold Gel Moisturizer With Hyaluronic Acid & Alph... ₹596 25% Off Regular price ₹795. Discounted price ₹596. 25% Off. ( 889 ),,795,
Plix 3% Vitamin C Guava Glow Smoothie Moisturizer For Bright... ₹468 15% Off Regular price ₹550. Discounted price ₹468. 15% Off.  Enjoy Complimentary Gift  ( 341 ),,550,
Pilgrim 5 Ceramides Barrier Repair Moisturizer ₹308 22% Off Regular price ₹395. Discounted price ₹308. 22% Off. ( 936 ),,395,
Ponds Age Miracle Retinol Combo ₹1309 28% Off Regular price ₹1818. Discounted price ₹1309. 28% Off. ( 131904 ),,1818,
Innisfree Jeju Cherry Blossom Tone Up Cream - Dewy & Glowy F... ₹1615 5% Off Regular price ₹1700. Discounted price ₹1615. 5% Off. ( 850 ),,1700,
Quench 92% Snail Mucin Collagen Boost Moisturizer ₹629 10% Off Regular price ₹699. Discounted price ₹629. 10% Off. ( 999 ),,699,
ETUDE SoonJung 10 Free Moist Emulsion ₹1215 10% Off Regular price ₹1350. Discounted price ₹1215. 10% Off.  Extra 10% Off  ( 1770 ),,1350,
Charlotte Tilbury Magic Cream SPF (Refillable) ₹9900  Offer Available  ( 49 ),,9900,
Indulgeo Essentials 24k Rose Gold Face Primer Oil Lightweigh... ₹2243 25% Off Regular price ₹2990. Discounted price ₹2243. 25% Off. ( 8955 ),,2990,3 Sizes
Plum Bright Years Restorative Overnight Anti-Aging Creme - F... ₹1013 10% Off Regular price ₹1125. Discounted price ₹1013. 10% Off.  Enjoy Free Gift  ( 1713 ),,1125,
"Plum Cica & Hyaluronic Aqua-Light SPF Sunscreen 50 PA+++, Fo... ₹359 10% Off Regular price ₹399. Discounted price ₹359. 10% Off.  Enjoy Free Gift  ( 4159 )",,399,
Cetaphil Skin Care Regime For Oily Skin ₹1415 8% Off Regular price ₹1538. Discounted price ₹1415. 8% Off. ( 175325 ),,1538,
Kiehl's Super Multi Corrective Anti-Ageing Cream ₹7900,,7900,
Clinique Moisture Surge SPF 25 Sheer Hydrator(Moisturiser + ... ₹4100 ( 364 ),,4100,2 Sizes
Olay Moisturizing Cream ₹625 ( 10071 ),,625,2 Sizes
ETUDE SoonJung Hydro Barrier Cream ₹1440 10% Off Regular price ₹1600. Discounted price ₹1440. 10% Off.  Extra 10% Off  ( 147 ),,1600,
Cetaphil Daily Ultra Hydrating Lotion - Pack Of 2 ₹513 8% Off Regular price ₹558. Discounted price ₹513. 8% Off. ( 82290 ),,558,
Biotique Saffron Youth Anti-Ageing Cream ₹315 30% Off Regular price ₹450. Discounted price ₹315. 30% Off. ( 8132 ),,450,
Plum E-Luminence Deep Moisturizing Creme With Vitamin E - In... ₹518 10% Off Regular price ₹575. Discounted price ₹518. 10% Off.  Enjoy Free Gift  ( 6328 ),,575,
"Olay Natural Aura Day Cream With SPF 15, Glowing Radiance Cr... ₹449 ( 2879 )",,449,
Kiehl's Ultra Facial Oil Free Gel Cream ₹6200 ( 384 ),,6200,2 Sizes
Recode Moisturizer with Goat Milk ₹500 10% Off Regular price ₹555. Discounted price ₹500. 10% Off. ( 636 ),,555,
The Derma Co X Dr. V Skin Renew Barrier Repair Peptide Moist... ₹474 5% Off Regular price ₹499. Discounted price ₹474. 5% Off. ( 725 ),,499,
Sebamed Moisturizing Cream ₹630 ( 1963 ),,630,
Lotus Herbals WhiteGlow Deep Moisturising Face Cream SPF 20 ... ₹295 12% Off Regular price ₹335. Discounted price ₹295. 12% Off. ( 1669 ),,335,
Fixderma Strallium Stretch Mark Cream ₹361 15% Off Regular price ₹425. Discounted price ₹361. 15% Off. ( 186 ),,425,1 Size
Plum Squalane & Vitamin E Dewy-Bright SPF 50 PA+++ Sunscreen... ₹449 10% Off Regular price ₹499. Discounted price ₹449. 10% Off.  Enjoy Free Gift  ( 678 ),,499,
"L'Oreal Paris Hydrated, Plump & Radiant Skin Kit ₹1102 15% Off Regular price ₹1297. Discounted price ₹1102. 15% Off. ( 203200 )",,1297,
Bioderma Cicabio Creme + Repairing Cream ₹1599 ( 459 ),,1599,
Cetaphil Moisturising Lotion - Pack Of 2 ₹1452 8% Off Regular price ₹1578. Discounted price ₹1452. 8% Off. ( 93274 ),,1578,
Venusia CeraPlus Cream for dry skin | All-Day Intense Hydrat... ₹356 18% Off Regular price ₹434. Discounted price ₹356. 18% Off. ( 284 ),,434,
Charlotte Tilbury Magic Water Cream ₹10400  Offer Available  ( 53 ),,10400,2 Sizes
"Olay Total Effects Day Cream With SPF 15 Normal, Fights 7 Si... ₹429 ( 5848 )",,429,
Neutrogena Ultra Gentle Daily Face Moisturizer With SPF 15 ₹480 40% Off Regular price ₹800. Discounted price ₹480. 40% Off. ( 101 ),,800,
Clinique Smart Clinical Repair Wrinke Correcting Cream With ... ₹8300 ( 84 ),,8300,2 Sizes
"Garnier Skin Naturals, Wrinkle Lift Anti-Ageing Cream ₹313 5% Off Regular price ₹329. Discounted price ₹313. 5% Off. ( 19077 )",,329,
Dr. Sheth's Kesar & 2% Kojic Acid Daily Pigmentation Correct... ₹299 40% Off Regular price ₹499. Discounted price ₹299. 40% Off. ( 4099 ),,499,
Aqualogica Barrier+ Hydra Gel Moisturizer With 5 Ceramides &... ₹299 ( 325 ),,299,
Minimalist Dry Skincare Kit ₹1077 10% Off Regular price ₹1197. Discounted price ₹1077. 10% Off.  Enjoy Complimentary Gift  ( 95485 ),,1197,
BiE Superpower- Eternal Youth Cream ₹2999  Extra 10% Off  ( 119 ),,2999,2 Sizes
Cetaphil Moisturising Cream - Pack Of 2 ₹1654 8% Off Regular price ₹1798. Discounted price ₹1654. 8% Off. ( 124668 ),,1798,
Bioderma Anti-Itching Balm-Atoderm Intensive Baume-Ceramides... ₹2850 ( 9 ),NEW,2850,
Sulwhasoo Concentrated Ginseng Rejuvenating Cream ₹3800  Enjoy Free Gift  ( 196 ),,3800,
"SIMPLE Active Skin Barrier Care, with 11% Ceramide Boosters ... ₹399 5% Off Regular price ₹420. Discounted price ₹399. 5% Off. ( 1877 )",,420,
L'Occitane Immortelle Divine Cream ₹11500  Enjoy Free Gift  ( 289 ),,11500,3 Sizes
"Plum 1% Ceramide Face Cream With Oat, Strengthens Skin Barri... ₹359 10% Off Regular price ₹399. Discounted price ₹359. 10% Off.  Enjoy Free Gift  ( 486 )",,399,
Dot & Key Blueberry Hydrate Barrier Repair Oil-Free Moisturi... ₹347 13% Off Regular price ₹399. Discounted price ₹347. 13% Off. ( 246 ),,399,
Cetaphil Bright Healthy Radiance Day Care Regime ₹3033 8% Off Regular price ₹3297. Discounted price ₹3033. 8% Off. ( 46522 ),,3297,
Himalaya Natural Glow Rose Face Gel ₹77 15% Off Regular price ₹90. Discounted price ₹77. 15% Off. ( 5794 ),,90,
"Olay Total Effects Night Cream, Fights 7 Signs Of Ageing Wit... ₹429 ( 5826 )",,429,
belif Aqua Bomb Gel Moisturizer-Vegan Korean Hydrating Face ... ₹3539 5% Off Regular price ₹3725. Discounted price ₹3539. 5% Off. ( 1352 ),,3725,2 Sizes
ETUDE Soonjung 10-Panthensoside Cica Balm ₹1485 10% Off Regular price ₹1650. Discounted price ₹1485. 10% Off.  Extra 10% Off  ( 67 ),,1650,
The Body Shop Vitamin E Intense Moisture Cream 72H Hydration... ₹1706 10% Off Regular price ₹1895. Discounted price ₹1706. 10% Off. ( 649 ),,1895,
Dr.Jart+ Cicapair Tiger Grass Color Correcting Treatment Wit... ₹1950 ( 37 ),,1950,2 Sizes
Dr.Jart+ Cicapair Intensive Soothing Repair Gel Cream With C... ₹3550 ( 25 ),,3550,
Eucerin Hyaluron-Filler +3X Effect Night Cream ₹4050 10% Off Regular price ₹4500. Discounted price ₹4050. 10% Off.  Extra 10% Off  ( 8 ),,4500,
Clinique Moisture Surge Duo (2 x 30ml) ₹4500 ( 16565 ),,4500,
Olay Vitamin C Kit For 2x Glow - Cream With Free Cleanser ₹999 57% Off Regular price ₹2398. Discounted price ₹999. 57% Off. ( 508 ),,2398,
L'Oreal Paris Glycolic Bright Day Regime ₹1128 15% Off Regular price ₹1327. Discounted price ₹1128. 15% Off. ( 28563 ),,1327,
NIVEA Soft Light Moisturizing Cream Berry Blossom Fragrance ... ₹276 5% Off Regular price ₹290. Discounted price ₹276. 5% Off. ( 24390 ),,290,2 Sizes
Olay Regenerist Micro Sculpting Cream Moisturizer With SPF 3... ₹1709 5% Off Regular price ₹1799. Discounted price ₹1709. 5% Off. ( 741 ),,1799,
"Lakmé Peach Gel Moisturiser 2%Pro Ceramide, Skin Barrier Rep... ₹468 20% Off Regular price ₹585. Discounted price ₹468. 20% Off. ( 8605 )",,585,3 Sizes
Olay Total Effects 7 In One Anti-Ageing Day and Night Regime... ₹1848 8% Off Regular price ₹1998. Discounted price ₹1848. 8% Off. ( 17725 ),,1998,
LANEIGE Water Bank Blue Hyaluronic Gel Moisturizer - Mini ₹1680  Enjoy Free Gift  ( 1172 ),,1680,
Dr.Jart+ Ceramidin Skin Barrier Moisturizing Cream ₹1950 ( 13 ),,1950,2 Sizes
"Lotus Professional PhytoRx Anti-Blemish Face Cream ,Glowing ... ₹779 10% Off Regular price ₹865. Discounted price ₹779. 10% Off. ( 1866 )",,865,
Bioderma Sensibio Defensive Rich Soothing 12hr Moisturizer W... ₹764 15% Off Regular price ₹899. Discounted price ₹764. 15% Off. ( 348 ),,899,
Bioderma SPF 50+ Brightening Sunscreen - Pigmentbio Daily Ca... ₹2499 ( 331 ),,2499,
Mamaearth Milky Soft Face Cream for Babies with Milk Protein... ₹199 ( 7993 ),,199,
"Celimax Derma Nature Glutathione Tone-Up Cream, Brightens Sk... ₹1699 ( 70 )",,1699,
SADHEV Aloe Vera Gel With Saffron And Kumkumadi Thailam ₹1499 ( 1696 ),,1499,3 Sizes
Bioderma Anti-Blemish Gel Cream - Sebium Kerato+ Spot Correc... ₹1599 ( 90 ),,1599,
Olay Total Effects 7 In One Anti-Ageing Day Cream Normal SPF... ₹858 ( 23242 ),,858,
Bioderma Sensibio Forte Rapid Soothing Cream With Vitamin E ... ₹1499 ( 267 ),,1499,
"Lakme Absolute Day-N-Night Luminance Kit (Face Wash, Day Cre... ₹963 19% Off Regular price ₹1189. Discounted price ₹963. 19% Off. ( 242621 )",,1189,
Eucerin Hyaluron-Filler +3X Effect Day SPF 30 ₹4050 10% Off Regular price ₹4500. Discounted price ₹4050. 10% Off.  Extra 10% Off  ( 11 ),,4500,2 Sizes
Personal Touch Melakey Radiance Cream With Azelaic Acid For ... ₹594 15% Off Regular price ₹699. Discounted price ₹594. 15% Off. ( 39 ),,699,
Murad Essential-C Firming Radiance Day Cream ₹9240 ( 30 ),,9240,
Mamaearth Vitamin C Daily Glow Lumi Cream ₹237 5% Off Regular price ₹249. Discounted price ₹237. 5% Off. ( 16025 ),,249,2 Sizes
Estee Lauder DayWear Multi Protection Anti Oxidant Creme SPF... ₹5800  Get Complimentary Product  ( 232 ),,5800,
"Olay Total Effects BB Cream With SPF15, Fights 7 Signs of Ag... ₹949 5% Off Regular price ₹999. Discounted price ₹949. 5% Off. ( 888 )",,999,
Jergens Ultra Healing Extra Dry Skin Moisturizer ₹764 10% Off Regular price ₹849. Discounted price ₹764. 10% Off. ( 532 ),,849,2 Sizes
"Novology Pigmentation Reduction Moisturiser For Dark Spots, ... ₹765 10% Off Regular price ₹850. Discounted price ₹765. 10% Off. ( 255 )",,850,
Simple Kind to Skin Protecting Light Moisturizer SPF UVA + U... ₹449 10% Off Regular price ₹499. Discounted price ₹449. 10% Off. ( 4284 ),,499,
Himalaya Moisturizing Aloe Vera Face Gel Duo ₹144 20% Off Regular price ₹180. Discounted price ₹144. 20% Off. ( 50328 ),,180,
The Pink Foundry Acne Moisturiser 2% Squalane & 3% Niacinami... ₹424 15% Off Regular price ₹499. Discounted price ₹424. 15% Off. ( 598 ),,499,
Wild Organic Pure & Unscented Glycerine ₹179 10% Off Regular price ₹199. Discounted price ₹179. 10% Off. ( 836 ),,199,
Dr.Jart+ Vital Hydra Solution Hydro Plump Water Cream ₹3400 ( 49 ),,3400,2 Sizes
Klairs Rich Moist Soothing Cream ₹1850 ( 1351 ),,1850,2 Sizes
"Olay Regenerist Microsculpting Day Cream, Plump & Bouncy Ski... ₹299 25% Off Regular price ₹399. Discounted price ₹299. 25% Off. ( 1195 )",,399,
Numour Collagen Bombshell Jelly With Red Led Sonic Booster ₹1049 ( 10 ),,1049,
Himalaya Nourishing Skin Cream ₹245 ( 96155 ),,245,3 Sizes
Wishcare Pure & Unscented Glycerine Oil For Healthy Skin & H... ₹297 15% Off Regular price ₹349. Discounted price ₹297. 15% Off. ( 3092 ),,349,
Lakme 9 to 5 Vitamin C+ Day Cream with Vitamin C E & Shea Bu... ₹359 20% Off Regular price ₹449. Discounted price ₹359. 20% Off. ( 6125 ),,449,
"Round Lab Birch Juice Moisturizing Cream, Deep Hydration wit... ₹3099 ( 11 )",,3099,
"Lotus Botanicals Vitamin C Skin Brightening Facial Kit, Boos... ₹445 ( 324 )",,445,
Forest Essentials Night Cream Eternal Youth Date & Litchi An... ₹2095  Enjoy Complimentary Gift  ( 2652 ),,2095,
Lotus Organics + Bakuchiol Plant Retinol Creme SPF 20 PA +++ ₹803 15% Off Regular price ₹945. Discounted price ₹803. 15% Off. ( 570 ),,945,
Lotus Organics Precious Brightening Creme SPF 20 ₹761 15% Off Regular price ₹895. Discounted price ₹761. 15% Off. ( 1799 ),,895,
Mamaearth Vitamin C Daily Glow Lumi Cream ₹237 5% Off Regular price ₹249. Discounted price ₹237. 5% Off. ( 16025 ),,249,
Cetaphil Cleansing & Hydrating Combo For Normal To Dry Skin ₹1126 8% Off Regular price ₹1224. Discounted price ₹1126. 8% Off. ( 320924 ),,1224,
Himalaya Natural Glow Kesar Face Gel ₹77 15% Off Regular price ₹90. Discounted price ₹77. 15% Off. ( 4987 ),,90,
Dermalogica Skin Smoothing Cream Face Moisturiser ₹4750 ( 690 ),,4750,2 Sizes
"Within Beauty Ceramide & Hyaluronic Acid Gel Moisturiser, Da... ₹599 17% Off Regular price ₹719. Discounted price ₹599. 17% Off. ( 356 )",,719,
Vilvah Ultra Moisturising Cream To Balance Moisture With Oli... ₹790 ( 182 ),,790,
Colorbar Face The Sun Broad Spectrum Daily Face Protector SP... ₹491 18% Off Regular price ₹599. Discounted price ₹491. 18% Off. ( 1173 ),,599,
Bioheal Boh Probioderm 3D Lifting Cream - Advanced Peptide A... ₹2590 ( 17 ),NEW,2590,
Dot & Key Vitamin C Glow Essentials Mini ₹865 13% Off Regular price ₹994. Discounted price ₹865. 13% Off. ( 198138 ),,994,
Orimii Face Moisturizer with Ceramide For Skin Barrier Repai... ₹356 10% Off Regular price ₹395. Discounted price ₹356. 10% Off. ( 53 ),,395,
LANEIGE Water Bank Blue Hyaluronic Intensive Moisturizer - M... ₹1680  Enjoy Free Gift  ( 99 ),,1680,
Anua Heartleaf 70 Daily Lotion Lightweight Moisturizer with ... ₹2100 ( 17 ),,2100,1 Size
The Ordinary Natural Moisturizing Factors + PhytoCeramides ₹2400 ( 116 ),,2400,
O3+ Brightening Cream SPF-30 ₹466 5% Off Regular price ₹490. Discounted price ₹466. 5% Off. ( 1813 ),,490,
Kapiva Aloe Vera Gel Hydrating and Moisturizing Gel for Face... ₹150 ( 1124 ),,150,
Plum 2% Niacinamide & Rice Water Daily Brightening Gel Cream... ₹893 15% Off Regular price ₹1050. Discounted price ₹893. 15% Off.  Enjoy Free Gift  ( 42890 ),,1050,
Mustela Hydra Babe Facial Cream ₹600 ( 42 ),,600,
Biotique Coconut Brightening Instant Glow Cream ₹236 25% Off Regular price ₹315. Discounted price ₹236. 25% Off. ( 13463 ),,315,
RAS Luxury Oils Saffron Kumkumadi Face Gel Creme With Aloeve... ₹1272 20% Off Regular price ₹1590. Discounted price ₹1272. 20% Off.  Enjoy Complimentary Gift  ( 85 ),,1590,
Mamaearth Beetroot Hydraful Light Moisturizing Cream with Hy... ₹404 10% Off Regular price ₹449. Discounted price ₹404. 10% Off. ( 229 ),,449,
Plum 1% Vitamin C Ultra-Light-Glow Boosting Gel Cream ₹494 10% Off Regular price ₹549. Discounted price ₹494. 10% Off.  Enjoy Free Gift  ( 64 ),,549,
Medicube Age-R Glutathione Glow Capsule Cream ₹2800,NEW,2800,
"The Face Shop Jeju Aloe Fresh Soothing Gel Tube, Pure Non St... ₹490  Enjoy Complimentary Gift  ( 1435 )",,490,
Dermatouch Bye Bye Pigmentation Cream ₹495 10% Off Regular price ₹550. Discounted price ₹495. 10% Off. ( 1227 ),,550,2 Sizes
Sulwhasoo Essential Firming Cream ₹6250  Enjoy Free Gift  ( 2 ),,6250,2 Sizes
O3+ Day & Night Combo ₹1905 5% Off Regular price ₹2005. Discounted price ₹1905. 5% Off. ( 13776 ),,2005,
Estee Lauder Revitalizing Supreme+ Bright Radiance Power Sof... ₹11600  Get Complimentary Product  ( 4 ),,11600,
Olay Luminous Light Perfecting Cream Niacinamide SPF 15 PA++ ₹1899 5% Off Regular price ₹1999. Discounted price ₹1899. 5% Off. ( 613 ),,1999,
Joy Hydra Refresh Ultra-Light Gel With Oil Free Moisturiser ... ₹203 32% Off Regular price ₹299. Discounted price ₹203. 32% Off.  Extra 5% Off  ( 3384 ),,299,2 Sizes
Dermalogica Intensive Moisture Balance ₹5450 ( 192 ),,5450,2 Sizes
Lotus Professional dermoSpa Brazilian Anti-Ageing Skin Firmi... ₹896 10% Off Regular price ₹995. Discounted price ₹896. 10% Off. ( 605 ),,995,
DERMISTRY Kojic Acid Pigmentation Spots Tan Removal Cream Gl... ₹338 10% Off Regular price ₹375. Discounted price ₹338. 10% Off.  Extra 10% Off  ( 638 ),,375,
Clinique Even Better Clinical Brightening Moisturizer ₹7150 ( 29 ),,7150,2 Sizes
Dermatouch Kojic Acid 2% Cream ₹179 10% Off Regular price ₹199. Discounted price ₹179. 10% Off. ( 530 ),,199,1 Size
Kaya Brightening Day Cream-White Lumenis SPF 15 ₹812 18% Off Regular price ₹990. Discounted price ₹812. 18% Off. ( 1851 ),,990,
SUROSKIE Feather Touch Moisturizer For Soft & Glowing Skin ₹1079 28% Off Regular price ₹1499. Discounted price ₹1079. 28% Off. ( 23 ),,1499,
O3+ Dermal Brightening & Whitening Zone White Day Cream SPF ... ₹907 5% Off Regular price ₹955. Discounted price ₹907. 5% Off. ( 633 ),,955,
"Khadi Natural Transparent Aloe Vera Gel for Acne, Sunburn an... ₹192 23% Off Regular price ₹249. Discounted price ₹192. 23% Off. ( 1345 )",,249,
Kama Ayurveda Amarrupa Anti - Ageing Contour - Defining & Fi... ₹3295 ( 55 ),,3295,2 Sizes
Ponds Ultra Light Biome Gel With Cera - Hyamino ₹339 15% Off Regular price ₹399. Discounted price ₹339. 15% Off. ( 815 ),,399,
Lacto Calamine Oil Balance Lotion (Combination to Normal Ski... ₹277 6% Off Regular price ₹295. Discounted price ₹277. 6% Off. ( 67403 ),,295,3 Sizes
Ponds Super Light Gel Oil Free Moisturiser With Hyaluronic A... ₹916 23% Off Regular price ₹1190. Discounted price ₹916. 23% Off. ( 849577 ),,1190,
Garnier Bright Complete Vitamin C SPF40/PA+++ Serum Cream ₹309 3% Off Regular price ₹319. Discounted price ₹309. 3% Off. ( 3451 ),,319,
"Olay Natural Aura Day Cream With SPF 15, Glowing Radiance Cr... ₹449 ( 2574 )",,449,
Kama Ayurveda Eladhi Nourishing Rich Cream ₹3125 ( 2 ),,3125,
Lotus Herbals YouthRx Anti Ageing Transforming SPF 25 PA+++ ... ₹1454 15% Off Regular price ₹1710. Discounted price ₹1454. 15% Off. ( 25781 ),,1710,
Clinique For Men Maximum Hydrator 72-Hour Auto-Replenishing ... ₹3800 ( 297 ),,3800,1 Size
Uriage Cica-Daily Repairing Gel Face Cream Rejuvenates Skin ... ₹1200 ( 47 ),,1200,
Estee Lauder Perfectionist Pro Rapid Brightening Treatment ₹14400  Get Complimentary Product  ( 4 ),,14400,2 Sizes
ETUDE Soonjung 2X Barrier Intensive Cream ₹1530 10% Off Regular price ₹1700. Discounted price ₹1530. 10% Off.  Extra 10% Off  ( 8 ),,1700,
Kiehl's Super Multi-Corrective Cream SPF 30 ₹6200 ( 1 ),,6200,
The Derma Co Pore Minimizing Moisturizer With 3% Niacinamide... ₹297 15% Off Regular price ₹349. Discounted price ₹297. 15% Off. ( 1719 ),,349,
L'Oreal Paris Glycolic Acid Glowing And Protecting C-S-M-S R... ₹1776 ( 28644 ),,1776,
Lakme Absolute Perfect Radiance Skin Brightening Day Creme +... ₹811 20% Off Regular price ₹1014. Discounted price ₹811. 20% Off. ( 213816 ),,1014,
TONYMOLY Korean Wonder Ceramide Mochi Water Cream-Gel Moistu... ₹1500 ( 25 ),,1500,
SUGAR Bling Leader Illuminating Moisturizer Strobe Cream wit... ₹474 5% Off Regular price ₹499. Discounted price ₹474. 5% Off. ( 68 ) 2 Shades,,499,
Foxtale CSMS Flawless Skin Combo ₹1373 29% Off Regular price ₹1934. Discounted price ₹1373. 29% Off.  Offer Available  ( 87271 ),,1934,
Aroma Magic Vitamin C Day Cream ₹316 20% Off Regular price ₹395. Discounted price ₹316. 20% Off. ( 7444 ),,395,2 Sizes
Innisfree Perfect 9 Intensive Lotion - Anti-Aging & Firm Ski... ₹2375 5% Off Regular price ₹2500. Discounted price ₹2375. 5% Off. ( 388 ),,2500,
Skin1004 Madagascar Centella Poremizing Light Gel Cream ₹1425 5% Off Regular price ₹1500. Discounted price ₹1425. 5% Off. ( 17 ),,1500,
Clinique Moisture Surge Hydration & Glow For All-Over Dewy H... ₹3700 ( 1 ),NEW,3700,
"Kaya Anytime Moisturising Cream, with Shea Butter for all sk... ₹533 18% Off Regular price ₹650. Discounted price ₹533. 18% Off. ( 1324 )",,650,
Aqualogica Glow+ Oil Free Moisturizer with Papaya & Vitamin ... ₹367 8% Off Regular price ₹399. Discounted price ₹367. 8% Off. ( 3774 ),,399,
Biotique Vitamin C Correcting and Brightening Moisture Treat... ₹200 20% Off Regular price ₹250. Discounted price ₹200. 20% Off. ( 6552 ),,250,
Supergoop (Re)setting 100% Mineral Powder SPF 35 - Transluce... ₹3300 ( 5 ),,3300,
Mamaearth Beetroot Daily Glow Face Cream ₹237 5% Off Regular price ₹249. Discounted price ₹237. 5% Off. ( 533 ),,249,
"Nat Habit Turmeric Nutmeg Face Moisturizer Malai, Pigmentati... ₹333 17% Off Regular price ₹401. Discounted price ₹333. 17% Off. ( 476 )",,401,
Fixderma Dewrav Moisturizing Cream for Face & Body with Shea... ₹120 ( 107 ),,120,2 Sizes
"Earth Rhythm Healing Cica Gel, Calms Redness and Fades Acne ... ₹319 20% Off Regular price ₹399. Discounted price ₹319. 20% Off. ( 969 )",,399,
Fixderma Kojic Acid + Arbutin Skarfix - Plus Cream ₹509 15% Off Regular price ₹599. Discounted price ₹509. 15% Off. ( 5454 ),,599,
Lotus Professional Retemin Plant Retinol & Natural Vitamin C... ₹671 10% Off Regular price ₹745. Discounted price ₹671. 10% Off. ( 1001 ),,745,
Earth Rhythm Phyto Moisturiser ₹399 20% Off Regular price ₹499. Discounted price ₹399. 20% Off. ( 4789 ) 2 Shades,,499,
Biotique Bio Morning Nectar Visibly Flawless Skin Moisturize... ₹820 45% Off Regular price ₹1490. Discounted price ₹820. 45% Off. ( 247 ),,1490,
Avene Cicalfate + Restorative Protective Cream ₹1520 5% Off Regular price ₹1600. Discounted price ₹1520. 5% Off. ( 728 ),,1600,
Dr. Sheth's Cica & Ceramide Oil-Free Moisturizer ₹311 11% Off Regular price ₹349. Discounted price ₹311. 11% Off. ( 1630 ),,349,
The Derma Co 4% Ceramide Barrier Repair Moisturizer ₹355 11% Off Regular price ₹399. Discounted price ₹355. 11% Off. ( 209 ),,399,
MCaffeine Vitamin C Green Tea Night Cream with Hyaluronic Ac... ₹489 15% Off Regular price ₹575. Discounted price ₹489. 15% Off. ( 6993 ),,575,
Dr. Sheth's Oats & Ceramide Sensitive Skin Moisturizer ₹439 12% Off Regular price ₹499. Discounted price ₹439. 12% Off. ( 77 ),,499,
Mamaearth Vitamin C Oil-Free Moisturizer For Face With Vitam... ₹287 10% Off Regular price ₹319. Discounted price ₹287. 10% Off. ( 6008 ),,319,
Fixderma Dewrav Acne Control & Oil Free Moisturizer For Face... ₹298 15% Off Regular price ₹350. Discounted price ₹298. 15% Off. ( 134 ),,350,
Aqualogica Glow+ Jello Moisturizer with Papaya & Vitamin C ₹449 10% Off Regular price ₹499. Discounted price ₹449. 10% Off. ( 3589 ),,499,
Cetaphil Oil Skin Cleansing & Moisturizing Combo ₹1516 8% Off Regular price ₹1648. Discounted price ₹1516. 8% Off. ( 206701 ),,1648,
Avene Revitalizing Nourishing Cream ₹2660 5% Off Regular price ₹2800. Discounted price ₹2660. 5% Off. ( 35 ),,2800,
Clarins Super Restorative Day Cream All Skin Types ₹7360 20% Off Regular price ₹9200. Discounted price ₹7360. 20% Off. ( 9 ),,9200,
"Chemist At Play 0.1% Retinol Night Cream, Reduces Fine Lines... ₹399 11% Off Regular price ₹449. Discounted price ₹399. 11% Off. ( 220 )",NEW,449,
Medicube Age-R PDRN Booster Gel ₹1900 ( 8 ),NEW,1900,
Jeva Aloe Vera Gel - Hydrating & Revitalizing Care for Young... ₹165 49% Off Regular price ₹325. Discounted price ₹165. 49% Off. ( 1396 ),,325,
Medicube PDRN Pink Hyaluronic Moisturizing Cream ₹2600 ( 2 ),NEW,2600,
"Nivea Luminous Even Glow Oil Control Day Cream Spf 50,Thiami... ₹404 10% Off Regular price ₹449. Discounted price ₹404. 10% Off. ( 222 )",,449,2 Sizes
Physiogel Calming Relief Anti Irritant - Body Lotion ₹730 ( 385 ),,730,
PIXI On-the-Glow Moisture Stick ₹2100 ( 704 ),,2100,
Lakme Absolute Argan Oil Radiance Overnight Oil-In-Creme wit... ₹926 5% Off Regular price ₹975. Discounted price ₹926. 5% Off. ( 2891 ),,975,
"Biluma Day Cream, Vitamin E, Helps Get Bright & Even Toned S... ₹1360 12% Off Regular price ₹1546. Discounted price ₹1360. 12% Off. ( 160 )",,1546,
Clinique Moisture Surge Sheertint Hydrator SPF 25 ₹3650 4 Shades,NEW,3650,
Lotus Herbals Whiteglow Vitamin C Radiance Gel Face Cream SP... ₹418 12% Off Regular price ₹475. Discounted price ₹418. 12% Off. ( 1946 ),,475,
Dermafique Aqua Cloud Hydrating Light Moisturising Crème For... ₹1079 10% Off Regular price ₹1199. Discounted price ₹1079. 10% Off. ( 1836 ),,1199,1 Size
Himalaya Natural Glow Kesar Face Cream ₹55 ( 6222 ),,55,
Lakme Absolute Argan Oil Radiance Oil-In-Gel Face Cream ₹879 5% Off Regular price ₹925. Discounted price ₹879. 5% Off. ( 1188 ),,925,
Minimalist Anti Acne Solution ₹1077 10% Off Regular price ₹1197. Discounted price ₹1077. 10% Off.  Enjoy Complimentary Gift  ( 268636 ),,1197,
Aqualogica Barrier+ Hydra Gel Moisturizer With 5 Ceramides &... ₹449 10% Off Regular price ₹499. Discounted price ₹449. 10% Off. ( 637 ),,499,
Anua Peach 77 Niacin Conditioning Milk with Ceramide & Hyalu... ₹2050 ( 9 ),,2050,
"Kaya Acne Care Purifying Nourisher, Gentle/light/non-greasy ... ₹566 18% Off Regular price ₹690. Discounted price ₹566. 18% Off. ( 1133 )",,690,
It's Skin Collagen Nutrition Cream ₹1100 ( 562 ),,1100,
Farmacy Beauty Honey Halo Ultra-Hydrating Ceramide Moisturiz... ₹5100 ( 101 ),,5100,2 Sizes
"Nykaa Naturals Aloe Vera Gel - Hydrates & Soothes Skin, Repa... ₹239 40% Off Regular price ₹399. Discounted price ₹239. 40% Off. ( 1867 )",,399,
Jeva Anti-Tan Gel - Brightening & Pigmentation Reducing Gel ... ₹165 49% Off Regular price ₹325. Discounted price ₹165. 49% Off. ( 634 ),,325,
Lotus Herbals Nutramoist Skin Renewal Daily Moisturising Fac... ₹427 12% Off Regular price ₹485. Discounted price ₹427. 12% Off. ( 2287 ),,485,
Estee Lauder Nutritious Melting Soft Creme/Mask Moisturizer ₹4600  Get Complimentary Product  ( 191 ),,4600,1 Size
Dr. Sheth's Haldi & Hyaluronic Acid Oil-Free Moisturizer ₹311 11% Off Regular price ₹349. Discounted price ₹311. 11% Off. ( 4452 ),,349,
"Biluma Skin Brightening Lotion, Vitamin E, Fades Fine Lines ... ₹714 12% Off Regular price ₹811. Discounted price ₹714. 12% Off. ( 197 )",,811,
Olay Regenerist Day & Night Cream Regime ₹3138 8% Off Regular price ₹3398. Discounted price ₹3138. 8% Off. ( 14590 ),,3398,
Lakme Perfect Radiance Pigmentation Treatment Gel with 10% N... ₹509 15% Off Regular price ₹599. Discounted price ₹509. 15% Off. ( 1194 ),,599,
"Nat Habit Fresh Pure Aloe Vera Gel for Healthy Skin & Hair, ... ₹400 17% Off Regular price ₹482. Discounted price ₹400. 17% Off. ( 312 )",,482,
Lakme Glycolic Illuminate Day Cream With Glycolic Acid For R... ₹674 10% Off Regular price ₹749. Discounted price ₹674. 10% Off. ( 423 ),,749,1 Size
Mamaearth Rice Dewy Bright Light Moisturizing Cream With Ric... ₹169 ( 258 ),,169,
Uriage Xemose Anti-Irritation Body Cream Dry Skin Prone to A... ₹2000 ( 24 ),,2000,
"Lakme Vitamin C Brilliance Night Cream With Vitamin C, Healt... ₹380 20% Off Regular price ₹475. Discounted price ₹380. 20% Off. ( 4628 )",,475,
Olay Total Effects Night & Day Cream Combo ₹1798 10% Off Regular price ₹1998. Discounted price ₹1798. 10% Off. ( 34736 ),,1998,
Ozone Glo Radiance Luminous Skin Protection Lotion ₹509 15% Off Regular price ₹599. Discounted price ₹509. 15% Off. ( 1464 ),,599,
Shesha Ayurveda Kumkumadi Skin Brightening & Intense Hydrati... ₹599 ( 40 ),,599,
Episoft AC Moisturiser SPF 30 With Microencapsulated Sunscre... ₹1288 5% Off Regular price ₹1356. Discounted price ₹1288. 5% Off. ( 19848 ),,1356,
Biodance Pore Perfecting Collagen Peptide Cream ₹2500 ( 2 ),NEW,2500,
Lotus Professional Retemin Plant Retinol & Vitamin C Brighte... ₹716 10% Off Regular price ₹795. Discounted price ₹716. 10% Off. ( 816 ),,795,
SkinInspired Ceramide Cream Moisturiser ₹999 9% Off Regular price ₹1099. Discounted price ₹999. 9% Off. ( 137 ),,1099,
Foxtale Nourishing Face Moisturizer With Niacinamide - Pack ... ₹383 23% Off Regular price ₹498. Discounted price ₹383. 23% Off.  Offer Available  ( 12040 ),,498,
"d'Alba piedmont White Truffle Double Serum & Cream, Vegan, E... ₹3000 ( 2 )",NEW,3000,
TONYMOLY Korean Watermelon Soothing Gel Cream to Hydrate & R... ₹820 ( 176 ),,820,
Charlotte Tilbury Magic Night Cream (Refillable) ₹15150  Offer Available  ( 7 ),,15150,
Simple Protect N Glow Vitamin C Moisturising Glow Gel ₹404 10% Off Regular price ₹449. Discounted price ₹404. 10% Off. ( 1302 ),,449,
The Body Shop Vitamin E Moisture Cream & Face Wash Combo ₹1432 20% Off Regular price ₹1790. Discounted price ₹1432. 20% Off. ( 10478 ),,1790,
Kama Ayurveda Urjasara Moisturising Water Cream - Lightweigh... ₹2750 ( 9 ),,2750,2 Sizes
Aestura Regederm 365 Intensive Lifting Capsule Cream ₹3000 ( 4 ),NEW,3000,
Innisfree Jeju Cherry Blossom Jelly Cream - Brightening & De... ₹1530 10% Off Regular price ₹1700. Discounted price ₹1530. 10% Off. ( 1022 ),,1700,
Novology Moisture Barrier Booster Face Cream For 100 Hours O... ₹360 10% Off Regular price ₹400. Discounted price ₹360. 10% Off. ( 268 ),,400,
Bioderma Cicabio Arnica+ SOS Quickly Repairs and Soothes Ski... ₹1199 ( 275 ),,1199,
Himalaya Clear Complexion Brightening Day Cream ₹270 ( 3016 ),,270,
M.A.C Mini Hyper Real Skincanvas Balm Moisturizer With Niaci... ₹2700 ( 1203 ),,2700,
Kapiva Aloe Vera Gel Hydrating and Moisturizing Gel for Face... ₹450 ( 707 ),,450,
The Face Shop Alltimate Vegan Mucin 8 Peptide Cream - Anti A... ₹1620  Enjoy Complimentary Gift  ( 46 ),,1620,
Himalaya Purifying Neem Face Gel ₹77 15% Off Regular price ₹90. Discounted price ₹77. 15% Off. ( 2487 ),,90,
Jeva Skin Whitening & Brightening Instant Glow Gel for Norma... ₹165 49% Off Regular price ₹325. Discounted price ₹165. 49% Off. ( 279 ),,325,
Yuderma Renewcell Unifying Regenerator Retinol 2% + Argireli... ₹1350 ( 5 ),,1350,
"Cureskin Barrier Restructure Cream With Ceramides, Oat Brand... ₹385 4% Off Regular price ₹400. Discounted price ₹385. 4% Off. ( 281 )",,400,
The Derma Co 3% Vitamin E Face Moisturizer With Vitamin E & ... ₹297 15% Off Regular price ₹349. Discounted price ₹297. 15% Off. ( 2164 ),,349,
SOHRAI Luminous Cloud Cream | Lightweight Moisturizer with N... ₹846 15% Off Regular price ₹995. Discounted price ₹846. 15% Off.  Extra 5% Off  ( 21 ),,995,
Glamveda Korean Glass Skin Rice & Ceramide Morning 4 Step Sk... ₹1271 25% Off Regular price ₹1694. Discounted price ₹1271. 25% Off.  Extra 5% Off  ( 404 ),,1694,
Dr. Sakhiya Kojiclear Whitening Brightening Tan Removal Face... ₹275 8% Off Regular price ₹299. Discounted price ₹275. 8% Off. ( 277 ),,299,2 Sizes
SK-II Skinpower Re-New Cream ₹12999  Enjoy Complimentary Gift ,NEW,12999,2 Sizes
Moody AcneXpert Oil Free Moisturizer with Niacinamide & Gree... ₹273 7% Off Regular price ₹294. Discounted price ₹273. 7% Off.  Enjoy Complimentary Gift  ( 274 ),,294,
Blue Heaven BB & Tint BB Cream 4 In 1 Lightweight Foundation ₹267 18% Off Regular price ₹325. Discounted price ₹267. 18% Off.  Extra 5% Off  ( 78 ) 5 Shades,,325,
Pilgrim Australian Kakadu Plum Vitamin C Brightening Moistur... ₹311 10% Off Regular price ₹345. Discounted price ₹311. 10% Off. ( 43 ),NEW,345,
Medicube Triple Collagen Cream 4.0 ₹3100 ( 3 ),NEW,3100,
Yuderma Skindose Timefiller Face Cream ₹2700 ( 3 ),NEW,2700,
Embryolisse Filaderme Emulsion Face Lotion ₹2385 10% Off Regular price ₹2650. Discounted price ₹2385. 10% Off. ( 82 ),,2650,
Lotus Herbals Active Aloe + Niacinamide Brightening Boost Ge... ₹348 12% Off Regular price ₹395. Discounted price ₹348. 12% Off. ( 1605 ),,395,
Dot & Key Happy Hydration Gift Set- Pack of 3 ₹1399 ( 170 ),,1399,
The Derma Co Oil-free Daily Face Wash With Hyaluronic Acid G... ₹248 10% Off Regular price ₹275. Discounted price ₹248. 10% Off. ( 1449 ),,275,
FAE Beauty Daily Dip Lightweight Moisturiser with Ceramides ... ₹539 10% Off Regular price ₹599. Discounted price ₹539. 10% Off. ( 470 ),,599,
Neutrogena Bestselling Mini Duo ₹693 1% Off Regular price ₹699. Discounted price ₹693. 1% Off. ( 596277 ),,699,
Pyunkang Yul Calming Moisture Barrier Cream ₹1400 ( 35 ),,1400,
Clinique Moisture Surge Duo 2x 50ml ₹6390 10% Off Regular price ₹7100. Discounted price ₹6390. 10% Off. ( 14463 ),,7100,
The Body Shop Edelweiss Smoothing Day Cream ₹2516 10% Off Regular price ₹2795. Discounted price ₹2516. 10% Off. ( 34 ),,2795,1 Size
"Kaya Brightening Night Cream, with Azeloyl Glycine & Vitamin... ₹812 18% Off Regular price ₹990. Discounted price ₹812. 18% Off. ( 1083 )",,990,
Dr. Sheth's Kesar & Kojic Acid Moisturizing Cream ₹297 15% Off Regular price ₹349. Discounted price ₹297. 15% Off. ( 278 ),,349,2 Sizes
Cos-IQ CPM 2% Ceramides & Peptides Moisturizer ₹399 33% Off Regular price ₹595. Discounted price ₹399. 33% Off. ( 193 ),,595,
Aveeno Calm + Restore Tinted Moisturizer Sunscreen SPF30 Dry... ₹994 8% Off Regular price ₹1080. Discounted price ₹994. 8% Off. ( 32 ),,1080,
Charmis Deep Nourishing Cold Cream With Vitamin C- A & E ₹175 50% Off Regular price ₹349. Discounted price ₹175. 50% Off. ( 1290 ),,349,
Physiogel Daily Moisture Therapy - Body Lotion ₹660 ( 399 ),,660,
"Olay Moisturising Lotion, Light Weight & Non Greasy With Coc... ₹699 ( 448 )",,699,
Mamaearth CSMS Vitamin C Glow & Protect Regimen ₹1136 16% Off Regular price ₹1352. Discounted price ₹1136. 16% Off. ( 40665 ),,1352,
Dot & Key AM PM Routine With Hyaluronic Acid- 72HR Hydrating... ₹930 15% Off Regular price ₹1094. Discounted price ₹930. 15% Off. ( 53905 ),,1094,
L'Occitane Immortelle Precious Cream - New Formula ₹6600  Enjoy Free Gift  ( 259 ),,6600,3 Sizes
Kiehl's Calendula Herbal Extract Alcohol-Free Toner ₹3200 ( 411 ),,3200,1 Size
Johnson's Baby Cream ₹320 20% Off Regular price ₹400. Discounted price ₹320. 20% Off. ( 80 ),,400,
DERMISTRY Anti Ageing Collagen Retinol SPF 30 Moisturizer Da... ₹349 7% Off Regular price ₹375. Discounted price ₹349. 7% Off.  Extra 10% Off  ( 431 ),,375,
Aroma Magic Vitamin C Skin Brightening Gel SPF 30 ₹356 10% Off Regular price ₹395. Discounted price ₹356. 10% Off. ( 3137 ),,395,
Joy Honey & Almonds Nourishing Skin Cream ₹364 39% Off Regular price ₹595. Discounted price ₹364. 39% Off.  Extra 5% Off  ( 2648 ),,595,2 Sizes
Sebamed Anti-Ageing Q10 Protection Cream ₹1480 ( 189 ),,1480,
Kaya Dramatic Renew Day Cream ₹1222 18% Off Regular price ₹1490. Discounted price ₹1222. 18% Off. ( 297 ),,1490,
Plum Bright & Clear Skin Bestsellers CSMS Combo ₹1312 15% Off Regular price ₹1543. Discounted price ₹1312. 15% Off.  Enjoy Free Gift  ( 159513 ),,1543,
Lacto Calamine Skin & Body Lotion Moisturizer + SPF 30 PA+++... ₹275 19% Off Regular price ₹340. Discounted price ₹275. 19% Off. ( 345 ),,340,
AXIS-Y Heartleaf My Type Calming Cream ₹1550 ( 15 ),,1550,
Elovera Moisturising Cream ₹390 5% Off Regular price ₹411. Discounted price ₹390. 5% Off. ( 194 ),,411,2 Sizes
"Fixderma Salicylic Acid Salyzap Day Time Gel For Acne Scars,... ₹276 15% Off Regular price ₹325. Discounted price ₹276. 15% Off. ( 314 )",,325,
MCaffeine Oil-Free Coffee Face Moisturizer Gel with Hyaluron... ₹359 10% Off Regular price ₹399. Discounted price ₹359. 10% Off. ( 5602 ),,399,
Dr.Jart+ Cicapair Intensive Soothing Repair Cream With Cente... ₹3200 ( 14 ),,3200,
Paula's Choice Clear Oil-Free Moisturizer ₹2800 ( 4 ),,2800,2 Sizes
Hyalugel Plus Moisturising Gel For Oily Skin ₹349 ( 37 ),,349,
Clinique Smart Clinical Repair Wrinkle Correcting Cream With... ₹9600,,9600,
O3+ Ideal Hydration Moisturiser With Hyaluronic Acid For Bar... ₹474 5% Off Regular price ₹499. Discounted price ₹474. 5% Off. ( 51 ),,499,
Estee Lauder Revitalizing Supreme+ Youth Power Soft Creme ₹11100  Get Complimentary Product  ( 20 ),,11100,1 Size
Torriden Cellmazing Firming Cream ₹2400 ( 3 ),,2400,
Medicube Zero Pore Cream 2.0 ₹3100,NEW,3100,
Kiehls Facial Fuel Invigorating Moisture Treatment For Men T... ₹3200 ( 50 ),,3200,
Be Bodywise 1% Peptide & Ceramide Moisturizer- Retains Moist... ₹459 8% Off Regular price ₹499. Discounted price ₹459. 8% Off. ( 375 ),,499,
BEPANTHEN Sensi Control Daily Moisturizing Cream ₹567 16% Off Regular price ₹675. Discounted price ₹567. 16% Off. ( 136 ),,675,
"Nivea Sun Lotion, SPF 30, With UVA & UVB Protection, Water R... ₹468 10% Off Regular price ₹520. Discounted price ₹468. 10% Off. ( 7182 )",,520,2 Sizes
SK-II Skinpower Re-New Airy Cream ₹12999  Enjoy Complimentary Gift ,NEW,12999,2 Sizes
"Olay Total Effects Day Cream,Gentle With SPF 15 For Sensitiv... ₹949 5% Off Regular price ₹999. Discounted price ₹949. 5% Off. ( 661 )",,999,
Anua Heartleaf 70 Intense Calming Cream with Ceramide & Pant... ₹2650 ( 4 ),,2650,
"Kaya Pigmentation Reducing Complex, with Azelaic & Phytic Ac... ₹976 18% Off Regular price ₹1190. Discounted price ₹976. 18% Off. ( 836 )",,1190,
O3+ Snail Bright Mucin Gel Cream Moisturiser For Korean Glas... ₹789 5% Off Regular price ₹830. Discounted price ₹789. 5% Off. ( 114 ),,830,
The Derma Co 2% Kojic Acid Advanced Face Cream ₹494 10% Off Regular price ₹549. Discounted price ₹494. 10% Off. ( 30 ),,549,
Nat Habit Active Orange Kiwi Vitamin C Face Gel Moisturiser ... ₹391 17% Off Regular price ₹471. Discounted price ₹391. 17% Off. ( 147 ),,471,
Clarins Extra Firming Lift Plumping Cream All Skin Types ₹6800 ( 36 ),,6800,
WOW Skin Science Shea Butter With Lactic Acid Body Lotion - ... ₹446 5% Off Regular price ₹469. Discounted price ₹446. 5% Off. ( 5588 ),,469,
Re'equil Hydrate & Sun Protect Combo For Oily Skin ₹621 10% Off Regular price ₹690. Discounted price ₹621. 10% Off. ( 39344 ),,690,
Simple Kind To Skin Refreshing Facial Wash + Protecting Ligh... ₹807 15% Off Regular price ₹949. Discounted price ₹807. 15% Off. ( 187103 ),,949,
L'Occitane Shea Butter Ultra Rich Comforting Face Cream ₹3800  Enjoy Free Gift  ( 40 ),,3800,
Everyuth Naturals Nourishing Aloe Vera & Cucumber Gel - Aloe... ₹101 16% Off Regular price ₹120. Discounted price ₹101. 16% Off. ( 351 ),,120,
Estee Lauder Perfectionist Pro Rapid Firm + Lift Treatment ₹13000  Get Complimentary Product  ( 7 ),,13000,2 Sizes
VLCC Honey Moisturiser ₹322 2% Off Regular price ₹329. Discounted price ₹322. 2% Off. ( 1777 ),,329,
Simple Barrier Repair Soothing Water Creme With 6% Ceramide ... ₹474 5% Off Regular price ₹499. Discounted price ₹474. 5% Off. ( 228 ),,499,
Conscious Chemist Hyaluronic Acid Lightweight Gel Moisturize... ₹259 35% Off Regular price ₹399. Discounted price ₹259. 35% Off. ( 514 ),,399,
Aqualogica IIIuminate + Oil Free Moisturizer with Wild Berri... ₹351 12% Off Regular price ₹399. Discounted price ₹351. 12% Off. ( 3746 ),,399,
"Faces Canada SPF 15 Hydra Face Moisturizer, Lightweight & No... ₹499 17% Off Regular price ₹599. Discounted price ₹499. 17% Off.  Enjoy Complimentary Gift  ( 1472 )",,599,
The Derma Co 5% Propylene Oil Free Moisturizer ₹293 11% Off Regular price ₹329. Discounted price ₹293. 11% Off. ( 604 ),,329,
Chemist at Play Intensely Hydrating Face Moisturizer Hydrate... ₹389 13% Off Regular price ₹449. Discounted price ₹389. 13% Off. ( 58 ),,449,
Dermatouch Bye Bye Pigmentation Combo ₹943 10% Off Regular price ₹1048. Discounted price ₹943. 10% Off. ( 206 ),,1048,
CeraVe Moisturizing Lotion For Dry Skin With Ceramides & Hya... ₹968 12% Off Regular price ₹1100. Discounted price ₹968. 12% Off. ( 7385 ),,1100,
O3+ Vitamin- C & Turmeric Gel Cream For Glow And Moisturised... ₹703 5% Off Regular price ₹740. Discounted price ₹703. 5% Off. ( 808 ),,740,
Adhyay Shata Dhauta Ghrita Skin Repairing Moisturizing Ghee ... ₹1431 20% Off Regular price ₹1789. Discounted price ₹1431. 20% Off. ( 40 ),,1789,
Lotus Botanicals Bio-Retinol Youth Radiance Ultra Cream SPF ... ₹775 ( 753 ),,775,
Neude Skin Energising Face Moisturizer Gel for Oily Skin - S... ₹494 10% Off Regular price ₹549. Discounted price ₹494. 10% Off. ( 71 ),,549,
Medicube Triple Collagen Toner 4.0 ₹2200 ( 3 ),NEW,2200,
Mamaearth Beetroot Hydraful Light Gel Moisturizer ₹449 10% Off Regular price ₹499. Discounted price ₹449. 10% Off. ( 179 ),,499,
Lotus Professional DermoSpa Bulgarian Rose Skin Radiance Cre... ₹896 10% Off Regular price ₹995. Discounted price ₹896. 10% Off. ( 390 ),,995,
L'Occitane Reine Blanche Brightening Cream ₹6600  Enjoy Free Gift  ( 77 ),,6600,2 Sizes
Fixderma Dewrav Moisturizing Cream for Face & Body with Shea... ₹120 ( 107 ),,120,
The Face Shop Tea Tree Pore Cream - Korean Moisturizer with ... ₹2799  Enjoy Complimentary Gift  ( 51 ),,2799,
Aqualogica Illuminate + Milk Fluid Moisturizer For Oily To C... ₹359 20% Off Regular price ₹449. Discounted price ₹359. 20% Off. ( 123 ),,449,
Innisfree Jeju Orchid Enriched Cream ₹2280 5% Off Regular price ₹2400. Discounted price ₹2280. 5% Off. ( 531 ),,2400,
Dr. Sheths Ceramide & Vitamin C Moisturizing Cream ₹399 20% Off Regular price ₹499. Discounted price ₹399. 20% Off. ( 185 ),,499,1 Size
Estee Lauder Revitalizing Supreme+ Youth Power Creme SPF 25 ₹11100  Get Complimentary Product  ( 2 ),,11100,
DIOR Hydra Life Creme Sorbet Fraicheur ₹7100 ( 18 ),,7100,
Mamaearth Tea Tree Oil-Free Moisturizer For Face For Oily Sk... ₹287 10% Off Regular price ₹319. Discounted price ₹287. 10% Off. ( 2241 ),,319,
"Asaya Vit C & Niacinamide Moisturizer for All Skin Types, Br... ₹439 20% Off Regular price ₹549. Discounted price ₹439. 20% Off. ( 91 )",,549,
"Celimax Dual Barrier Skin Wearable Cream, Hydrates, Calms & ... ₹2239 ( 12 )",,2239,
Jergens Original Scent Dry Skin Moisturizer ₹764 10% Off Regular price ₹849. Discounted price ₹764. 10% Off. ( 442 ),,849,2 Sizes
Illiyoon Fresh Moisture Lotion ₹1310 ( 6 ),NEW,1310,
Lotus Botanicals 100x Vitamin C Day & Night Combo ₹1925 ( 13768 ),,1925,
Fixderma Scar Gel ₹308 20% Off Regular price ₹385. Discounted price ₹308. 20% Off. ( 80 ),,385,
AXIS-Y Spot the Difference Blemish Treatment ₹1400 ( 16 ),,1400,
Lakme Lumi Smooth AHA+BHA+PHA+B3 cream ₹338 10% Off Regular price ₹375. Discounted price ₹338. 10% Off. ( 575 ),,375,
Dermalogica Multivit Power Recovery Masque Face Mask For Glo... ₹1600 ( 213 ),,1600,1 Size
"Bio-essence Face Lifting Cream, Tightening, Brightening, Dou... ₹1049 25% Off Regular price ₹1399. Discounted price ₹1049. 25% Off. ( 358 )",,1399,
Venusia Derm Moisturizing Lotion | 24-hour Intense Hydration... ₹330 18% Off Regular price ₹403. Discounted price ₹330. 18% Off. ( 127 ),,403,
La Prairie White Caviar Crème Extraordinaire Illuminating Fa... ₹78200 ( 1 ),,78200,
Lotus Professional DermoSpa Japanese Sakura Skin Whitening &... ₹896 10% Off Regular price ₹995. Discounted price ₹896. 10% Off. ( 515 ),,995,
Innisfree Bija Trouble Care Lotion With Salicylic Acid For O... ₹1150 ( 435 ),,1150,
TONYMOLY Korean Egg Pore Blackhead Steam Balm with Charcoal ... ₹1200 ( 186 ),,1200,
"Mixsoon Bean Cream, Deep Hydration, Brightens Dull Skin & No... ₹3799 ( 5 )",,3799,
Mamaearth Bye Bye Blemishes Face Cream With Mulberry Extract... ₹443 6% Off Regular price ₹471. Discounted price ₹443. 6% Off. ( 6102 ),,471,
iUNIK Centella Calming Gel Cream ₹1450 ( 40 ),,1450,
Lotus Herbals YouthRx Firm & Bright Cream ₹735 12% Off Regular price ₹835. Discounted price ₹735. 12% Off. ( 339 ),,835,
Olay Natural White Day and Night Regime ₹898 ( 10930 ),,898,
Miduty EpiHydrate 72 Hrs Moisture Lock Hyaluronic Acid Skin ... ₹1699 ( 26 ),,1699,
Mamaearth Rice Dewy Bright Light Moisturizing Cream ₹404 10% Off Regular price ₹449. Discounted price ₹404. 10% Off. ( 61 ),,449,
Dr.Jart+ Ceramidin Skin Barrier Milky Lotion (Dermatologist-... ₹2600 ( 19 ),,2600,
Re'equil Hydrate & Sun Protect Combo For Dry Skin ₹846 10% Off Regular price ₹940. Discounted price ₹846. 10% Off. ( 101659 ),,940,
Pilgrim Red Vine Face Cream SPF30 with Vitamin C & Rosehip O... ₹880 20% Off Regular price ₹1100. Discounted price ₹880. 20% Off. ( 8742 ),,1100,
Klairs Maple Energy Infusing Cream ₹2100 ( 12 ),,2100,
Clarins Bright Plus Moisturizing Emulsion ₹3840 20% Off Regular price ₹4800. Discounted price ₹3840. 20% Off. ( 17 ),,4800,
Lacto Calamine Aloe Vera Gel Face Moisturizer With 99% Pure ... ₹159 36% Off Regular price ₹249. Discounted price ₹159. 36% Off. ( 926 ),,249,
Murad Nutrient-charged Water Gel ₹6750 ( 137 ),,6750,1 Size
"Kama Ayurveda Kumkumadi Youth - Revitalising Soft Cream,For ... ₹2095 ( 5 )",,2095,
Kaya Replenishing Night Cream ₹861 18% Off Regular price ₹1050. Discounted price ₹861. 18% Off. ( 443 ),,1050,
Venusia Max Moisturiser Lotion For Everyday Use for Dry Skin ₹1446 18% Off Regular price ₹1764. Discounted price ₹1446. 18% Off. ( 487 ),,1764,
"BRING GREEN Tea Tree Cica Soothing Cream Plus, Hydrating Kor... ₹1400 ( 15 )",NEW,1400,
Jeva Hyaluronic Acid Face Moisturizer Hydrating Water Gel fo... ₹165 49% Off Regular price ₹325. Discounted price ₹165. 49% Off. ( 497 ),,325,
Underated Azelaic Acid 9% GDL 5% Niacinamide 4% Cream ₹319 20% Off Regular price ₹399. Discounted price ₹319. 20% Off. ( 141 ),,399,
₹849 29% Off Regular price ₹1199. Discounted price ₹849. 29% Off. ( 67 ),,1199,Bath & Body Works Dark Kiss Travel Size Body Lotion
Mamaearth Rice Day Cream For Daily Use With Rice Water & Nia... ₹551 8% Off Regular price ₹599. Discounted price ₹551. 8% Off. ( 769 ),,599,
PIXI Vitamin-C Moisturizing Lotion ₹2715 ( 82 ),,2715,
PIXI Rose Ceramide Moisturizing Cream ₹2660 ( 80 ),,2660,
Bobbi Brown Extra Repair Intense Moisture Cream Refill ₹8700 ( 14 ),,8700,
Re'equil Acne Clarifying Gel ₹328 5% Off Regular price ₹345. Discounted price ₹328. 5% Off. ( 700 ),,345,
Paula's Choice Resist Barrier Repair Advanced Moisturizer ₹3740 ( 6 ),,3740,
Elovera Pro Cream ₹345 5% Off Regular price ₹363. Discounted price ₹345. 5% Off. ( 41 ),,363,
"Indulgeo Essentials Pep-Tite, Peptide Skin Firming Moisturiz... ₹1913 15% Off Regular price ₹2250. Discounted price ₹1913. 15% Off. ( 44 )",,2250,
"Mamaearth Aloe Ashwagandha Gel, For Face, With Aloe Vera & A... ₹314 10% Off Regular price ₹349. Discounted price ₹314. 10% Off. ( 828 )",,349,
Recode SPF 25 Moisturizer Spray ₹500 10% Off Regular price ₹555. Discounted price ₹500. 10% Off. ( 754 ),,555,
Simple Kind to Skin Replenishing Rich Moisturizer All Skin T... ₹449 10% Off Regular price ₹499. Discounted price ₹449. 10% Off. ( 4274 ),,499,
Aestura Theracne365 Soothing Active Moisturizer ₹2200 ( 5 ),,2200,
Shiseido Vital Perfection Bright Revitalizing Lotion Enriche... ₹4620 40% Off Regular price ₹7700. Discounted price ₹4620. 40% Off.,,7700,2 Sizes
"Olay Total Effects Day Cream, Fights 7 Signs of Ageing With ... ₹429 ( 686 )",,429,
Lotus Botanicals Vitamin C Skin Brightening Face Moisturiser ₹645 ( 834 ),,645,
Khadi Natural Gold Face Massage Cream Removes Dead Cells ₹160 18% Off Regular price ₹195. Discounted price ₹160. 18% Off. ( 1939 ),,195,
Fixderma Salyzap 2% Salicylic Acid Acne Spot Corrector Gel w... ₹323 15% Off Regular price ₹380. Discounted price ₹323. 15% Off. ( 17 ),,380,
Kiehl's Calendula Serum Infused Water Cream ₹3400 ( 105 ),,3400,1 Size
Aroma Magic Day & Night Cream Combo ₹593 25% Off Regular price ₹790. Discounted price ₹593. 25% Off. ( 9079 ),,790,
Mamaearth Rice Dewy Bright Light Gel Moisturizer ₹424 15% Off Regular price ₹499. Discounted price ₹424. 15% Off. ( 49 ),,499,
Suganda White Lotus Oil Free Gel Moisturiser (Unscented)with... ₹750 ( 655 ),,750,
Cetaphil Oily Skin Cleanser & Hydrating Combo For Sensitive ... ₹1393 8% Off Regular price ₹1514. Discounted price ₹1393. 8% Off. ( 130129 ),,1514,
Lakme Dew Drama Gel Creme With With Vit E + Vit B + Vit F & ... ₹338 10% Off Regular price ₹375. Discounted price ₹338. 10% Off. ( 310 ),,375,
Aflairza Hydrawave Face Moisturizer Water Based Cream ₹899 ( 49 ),,899,2 Sizes
SkinInspired Mattifying Gel Moisturizer ₹999 9% Off Regular price ₹1099. Discounted price ₹999. 9% Off. ( 71 ),,1099,
Glamveda Glass Skin Rice & Ceramide Face Moisturizer ₹342 24% Off Regular price ₹450. Discounted price ₹342. 24% Off.  Extra 5% Off  ( 324 ),,450,
Paula's Choice Resist Youth-Extending Daily Hydrating Fluid ₹3440 ( 4 ),,3440,2 Sizes
Pilgrim Oil-Free Gel Moisturiser with Hyaluronic Acid for Ac... ₹470 5% Off Regular price ₹495. Discounted price ₹470. 5% Off. ( 981 ),,495,
"Nat Habit Cocoa Mogra Night Restore Face Cream, Light Face M... ₹333 17% Off Regular price ₹401. Discounted price ₹333. 17% Off. ( 222 )",,401,
Dermafique Hydra Tonique Gel Fluid For Normal To Oily Skin ₹854 10% Off Regular price ₹949. Discounted price ₹854. 10% Off. ( 690 ),,949,1 Size
Biotique Morning Nectar Nourish & Hydrate Moisturizing Cream ₹200 20% Off Regular price ₹250. Discounted price ₹200. 20% Off. ( 5049 ),,250,
Re'equil Pitstop Gel ₹328 5% Off Regular price ₹345. Discounted price ₹328. 5% Off. ( 2093 ),,345,
Bobbi Brown Extra Repair Intense Moisture Cream ₹10850 ( 8 ),,10850,
Murad Restorative Hydro-Hyaluronic Cream ₹6455 ( 1 ),,6455,
Garnier Wrinkle Lift Anti-Ageing Cream ₹179 ( 44656 ),,179,1 Size
Mamaearth Vitamin C Daily Glow Face Cream With Vitamin C & T... ₹359 10% Off Regular price ₹399. Discounted price ₹359. 10% Off. ( 671 ),,399,
Aminu BioRetinol Cream-Bakuchiol + Niacinamide + Ectoin to r... ₹2850 ( 11 ),,2850,
"Lacto Calamine Dewy Rice Moisturizer for Face, Rice Water & ... ₹300 14% Off Regular price ₹349. Discounted price ₹300. 14% Off. ( 24 )",,349,
Mamaearth Vitamin C Nourishing Cold Cream ₹199 ( 1176 ),,199,
Neude Skin Non-Greasy Weightless Face Moistuirizer for Dry S... ₹674 10% Off Regular price ₹749. Discounted price ₹674. 10% Off. ( 51 ),,749,
Lancome Absolue Soft Cream Refill ₹18200  Enjoy Free Gift,,18200,
"Biodance Skin Glow Essence Cream, Barrier Strengthening Kore... ₹3500 ( 2 )",,3500,
Lakme Hydra Pro (Day + Night Cream) Combo ₹1398 20% Off Regular price ₹1748. Discounted price ₹1398. 20% Off. ( 13350 ),,1748,
Olay Luminous Niacinamide Vitamin C Moisturiser ₹1899 5% Off Regular price ₹1999. Discounted price ₹1899. 5% Off. ( 18 ),,1999,
APLB Glutathione Niacinamide Facial Cream ₹690 ( 8 ),NEW,690,
Lotus Professional Promen Turn Around Face Creme ₹608 10% Off Regular price ₹675. Discounted price ₹608. 10% Off. ( 375 ),,675,
Forest Essentials Everyday Radiance Ritual ₹3565  Enjoy Complimentary Gift  ( 56228 ),,3565,
Nudestix Nudeskin Citrus-C Mask & Daily Moisturizer ₹3613 15% Off Regular price ₹4250. Discounted price ₹3613. 15% Off.  Enjoy Free Gift  ( 15 ),,4250,2 Sizes
"NIVEA Men Creme, Non Greasy Moisturizer, Cream for Face, Bod... ₹261 5% Off Regular price ₹275. Discounted price ₹261. 5% Off. ( 3386 )",,275,1 Size
Moody Hydroburst Light Weight Oil Free Gel Moistuiser ₹349 38% Off Regular price ₹563. Discounted price ₹349. 38% Off.  Enjoy Complimentary Gift  ( 474 ),,563,
Joy Pure Aloe Vera Light Moisturizer Skin Cream for Face & B... ₹199 29% Off Regular price ₹280. Discounted price ₹199. 29% Off.  Extra 5% Off  ( 1463 ),,280,1 Size
O3+ Moisture Boost Glow Gel Cream With Hydrating Hyaluronic ... ₹830 ( 528 ),,830,
Dr.Jart+ Prejuvenation Firming Bakuchiol Cream – Face Moistu... ₹5250 ( 4 ),,5250,
Clinique Hydration Mini Kit With Moisture Surge 100H ₹2700 ( 60 ),,2700,
Ahaglow Skin Repair Gel ₹912 11% Off Regular price ₹1025. Discounted price ₹912. 11% Off.,NEW,1025,
ONE THING Cica B5 Cream ₹1650 ( 7 ),,1650,2 Sizes
Lakme Absolute Perfect Radiance AM PM Routine ₹1381 17% Off Regular price ₹1663. Discounted price ₹1381. 17% Off. ( 227161 ),,1663,
Ghar Soaps Magic Cream ₹599 ( 14 ),,599,
Sulwhasoo Essential Revitalizing Emulsion ₹4900  Enjoy Free Gift,,4900,
Clarins Hydra Essentiel Light Cream ₹3600 ( 5 ),,3600,
SUGAR Aquaholic Priming Moisturizer ₹591 9% Off Regular price ₹649. Discounted price ₹591. 9% Off. ( 1809 ),,649,
Kaya Bestselling Brightining Combo ₹1778 25% Off Regular price ₹2370. Discounted price ₹1778. 25% Off. ( 10909 ),,2370,
"NIVEA MEN Creme, Non Greasy Moisturizer, Cream for Face, Bod... ₹94 5% Off Regular price ₹99. Discounted price ₹94. 5% Off. ( 1440 )",,99,
Clarins Multi Active Day Cream Normal To Dry Skin ₹5700 ( 17 ),,5700,
Jergens Soothing Aloe Refreshing Moisturizer ₹764 10% Off Regular price ₹849. Discounted price ₹764. 10% Off. ( 252 ),,849,2 Sizes
"Dermalogica Biolumin-C Gel Face Moisturiser with Vitamin C, ... ₹6000 ( 16 )",,6000,
Mamaearth Vitamin C Oil-Free Moisturizer For Face with Vitam... ₹199 ( 116 ),,199,
Dermafique Advanced Hydration Day Cream For All Skin Types ₹404 10% Off Regular price ₹449. Discounted price ₹404. 10% Off. ( 1125 ),,449,2 Sizes
"Gabit Salicylic Acid & Green Tea Face Moisturiser For Acne, ... ₹428 5% Off Regular price ₹450. Discounted price ₹428. 5% Off. ( 270 )",,450,
Blue Nectar Shubhr Shata Dhauta Ghrita Face Cream for Women ₹1875 6% Off Regular price ₹1995. Discounted price ₹1875. 6% Off. ( 14 ),,1995,
Pilgrim 2% Vitamin C Oil - Free Moisturizer ₹298 15% Off Regular price ₹350. Discounted price ₹298. 15% Off. ( 336 ),,350,
Mamaearth Coco Soft Face Cream With Coconut Milk & Turmeric ... ₹199 ( 1645 ),,199,
AromaMusk Organic Glycerine Skin Protectant Softens & Moistu... ₹353 28% Off Regular price ₹490. Discounted price ₹353. 28% Off. ( 549 ),,490,
Clinique Smart Clinical Repair Lifting Face + Neck Cream ₹12100,,12100,2 Sizes
Blue Nectar Night Repair Cream for Ultra Hydration & Skin Re... ₹1004 10% Off Regular price ₹1115. Discounted price ₹1004. 10% Off. ( 225 ),,1115,
Episoft AC Moisturiser SPF + Cleansing Lotion For Sensitive ... ₹1214 5% Off Regular price ₹1278. Discounted price ₹1214. 5% Off. ( 24224 ),,1278,
AromaMusk Organic And Pure Vegetable Glycerine For Face ₹176 28% Off Regular price ₹245. Discounted price ₹176. 28% Off. ( 90 ),,245,
Dermatouch Kojic Acid 2% Cream - Pack Of 2 ₹358 10% Off Regular price ₹398. Discounted price ₹358. 10% Off. ( 19 ),,398,
"SIMPLE Active Skin Barrier Care with 5% AHA, Gel Cleanser fo... ₹399 5% Off Regular price ₹420. Discounted price ₹399. 5% Off. ( 444 )",,420,
Mamaearth Beetroot Hydraful Moisturizer ₹321 8% Off Regular price ₹349. Discounted price ₹321. 8% Off. ( 801 ),,349,
Beyond Rice Oil-Free Rice Ceramide Gel Cream ₹520 ( 41 ),,520,
Torriden Dive In Cream ₹1650 ( 5 ),,1650,
"Deconstruct Acne Control Moisturiser, Lightweight & Non-Stic... ₹367 8% Off Regular price ₹399. Discounted price ₹367. 8% Off. ( 5 )",NEW,399,
Himalaya Dark Spot Clearing Turmeric Face Cream ₹226 18% Off Regular price ₹275. Discounted price ₹226. 18% Off. ( 447 ),,275,
Proven Honest Derma (PHD) Vitamin C Brightening Moisturizer ₹494 10% Off Regular price ₹549. Discounted price ₹494. 10% Off. ( 24 ),NEW,549,
DIOR Dreamskin Care & Perfect Le Fluide Perfecteur ₹19000,,19000,1 Size
VLCC Pista Massage Cream (Normal to Dry Skin) ₹304 13% Off Regular price ₹349. Discounted price ₹304. 13% Off. ( 739 ),,349,
Pilgrim Am Pm Brightening Combo - Brightens & Evens Skin Ton... ₹1568 15% Off Regular price ₹1845. Discounted price ₹1568. 15% Off. ( 36536 ),,1845,
JEANNOT CEUTICALS Instant Hydrating Cream ₹1660 ( 2 ),NEW,1660,
Moody Derma Soothe Barrier Repair Moisturiser Ceramides & Vi... ₹365 7% Off Regular price ₹393. Discounted price ₹365. 7% Off.  Enjoy Complimentary Gift  ( 214 ),,393,
Moody Derma Soothe Barrier Repair Moisturiser Ceramides & Vi... ₹365 7% Off Regular price ₹393. Discounted price ₹365. 7% Off.  Enjoy Complimentary Gift  ( 214 ),,393,
It's Skin Peptide Collagen Moisturizer ₹1990 ( 7 ),,1990,
Lacto Calamine Pro Ceramides Light Moisturiser Gel Creme wit... ₹194 22% Off Regular price ₹249. Discounted price ₹194. 22% Off. ( 41 ),NEW,249,
Lotus Organics Precious Brightening Creme & Night Creme Comb... ₹1432 20% Off Regular price ₹1790. Discounted price ₹1432. 20% Off. ( 5598 ),,1790,
"Hydrating Cream –Repairs Barrier, Soothes Irritation, Streng... ₹2750 ( 4 )",,2750,
O3+ Derma Cult Retinol Cream Night Moisturizer For Wrinkles ... ₹759 5% Off Regular price ₹799. Discounted price ₹759. 5% Off. ( 768 ),,799,1 Size
Mamaearth Vitamin C Daily Glow Light Moisturizing Cream ₹404 10% Off Regular price ₹449. Discounted price ₹404. 10% Off. ( 66 ),,449,
Himalaya Acne Clear+ Moisturizing Gel with Natural Salicylic... ₹297 15% Off Regular price ₹349. Discounted price ₹297. 15% Off. ( 77 ),,349,
Plum Green Tea - Day & Night Oil-free Moisturizer Duo For Al... ₹888 15% Off Regular price ₹1045. Discounted price ₹888. 15% Off.  Enjoy Free Gift  ( 98363 ),,1045,
Fixderma Shadow Tan Removal Lotion ₹396 20% Off Regular price ₹495. Discounted price ₹396. 20% Off. ( 25 ),,495,
Kaya Brightening Day & Night Cream Combo ₹1485 25% Off Regular price ₹1980. Discounted price ₹1485. 25% Off. ( 5869 ),,1980,
La Prairie Skin Caviar Luxe Cream Sheer ₹102500,,102500,1 Size
The Derma Co 4% Urea Deep Moisturizing Cream ₹293 11% Off Regular price ₹329. Discounted price ₹293. 11% Off. ( 388 ),,329,
Clinique 3-step Mini Kit Skin Type 2 ₹2000 ( 48 ),,2000,
Mamaearth Vitamin C Night Cream For Women With Vitamin C & G... ₹551 8% Off Regular price ₹599. Discounted price ₹551. 8% Off. ( 882 ),,599,
Venusia Max Intensive Moisturizing Cream ₹1212 18% Off Regular price ₹1478. Discounted price ₹1212. 18% Off. ( 904 ),,1478,
AXIS-Y LHA Peel & Fill Pore Balancing Cream ₹1500 ( 8 ),,1500,
Olay Glowing Skin Care Kit ₹858 ( 12954 ),,858,
Himalaya Natural Glow Rose Face Gel Duo ₹144 20% Off Regular price ₹180. Discounted price ₹144. 20% Off. ( 11588 ),,180,
Jergens Age Defying Multi-Vitamin Moisturizer ₹584 10% Off Regular price ₹649. Discounted price ₹584. 10% Off. ( 101 ),,649,1 Size
Brillare Skin Brightening Moisturizers For Reducing Pigmenta... ₹695 ( 164 ),,695,
Elizabeth Arden Eight Hour Cream Skin Protectant Original ₹2185 5% Off Regular price ₹2300. Discounted price ₹2185. 5% Off. ( 107 ),,2300,
"Khadi Natural Aloe Vera Gel with Dispenser for Breakouts, It... ₹252 28% Off Regular price ₹350. Discounted price ₹252. 28% Off. ( 795 )",,350,
"Earth Rhythm Hydrating Sea Glow Gel, 72 Hour Hydration, Oil ... ₹319 20% Off Regular price ₹399. Discounted price ₹319. 20% Off. ( 365 )",,399,
Lotus Dermabotanics Kojic Acid + Multi Berry Ampoule Face Cr... ₹491 10% Off Regular price ₹545. Discounted price ₹491. 10% Off. ( 127 ),,545,
ISDIN Isdinceutics Hyaluronic Moisture Sensitive ₹4950,,4950,
Caudalie VinoHydra Gel Moisturizer ₹2800  Offer Available  ( 7 ),,2800,
Murad Sensitive Skin Heartleaf Calming Cream ₹5995 ( 1 ),,5995,
"PAC Moisture Lotion - Lightweight Fast Absorbing Formula, Al... ₹795  Offer Available  ( 837 )",,795,
Kaya Anti Ageing Day & Night Cream Combo ₹1905 25% Off Regular price ₹2540. Discounted price ₹1905. 25% Off. ( 1480 ),,2540,
Nature's Essence Bright Glow Vitamin C Serum Cream ₹71 5% Off Regular price ₹75. Discounted price ₹71. 5% Off. ( 243 ),,75,
Earth Rhythm 2 - In - 1 Serum Sunscreen & Face Moisturizer ₹439 20% Off Regular price ₹549. Discounted price ₹439. 20% Off. ( 201 ) 1 Shade,,549,
Neutrogena Hydration Power Duo Combo ₹2243 10% Off Regular price ₹2505. Discounted price ₹2243. 10% Off. ( 70924 ),,2505,
Swiss Beauty Skin Brightenign Day Cream ₹337 25% Off Regular price ₹449. Discounted price ₹337. 25% Off. ( 355 ),,449,
IT COSMETICS Confidence In A Cream ₹5700 ( 1 ),,5700,
Himalaya Acne Clear+ Spot Treatment Pen with 2% Natural Sali... ₹509 15% Off Regular price ₹599. Discounted price ₹509. 15% Off. ( 63 ),,599,
Garnier Vitamin C Regime Bright Complete Facewash With Vitam... ₹1317 ( 1019 ),,1317,
"Deconstruct Skin Soothe Moisturizer, 1% Ceramide + 0.2% Bisa... ₹349 8% Off Regular price ₹379. Discounted price ₹349. 8% Off. ( 559 )",,379,
Givenchy Skin Perfecto Emulsion ₹7300  Offer Available  ( 6 ),,7300,
It's Skin Hyaluronic Acid Moisture Cream ₹1100 ( 663 ),,1100,
Clinique Moisture Surge Duo (2x 125ml) ₹13200 ( 857 ),,13200,
Lotus Herbals Papayablem Papaya-N-Saffron Anti-Blemish Creme ₹832 12% Off Regular price ₹945. Discounted price ₹832. 12% Off. ( 177 ),,945,
VLCC Pro Radiance Skin Brightening Day Cream SPF 25 PA+++ ₹359 20% Off Regular price ₹449. Discounted price ₹359. 20% Off. ( 418 ),,449,
Olay Regenerist Day & Night Cream for Collagen Boost ₹3038 5% Off Regular price ₹3198. Discounted price ₹3038. 5% Off. ( 6922 ),,3198,
Proven Honest Derma (PHD) 3% Niacinamide Oil-Free Moisturize... ₹494 10% Off Regular price ₹549. Discounted price ₹494. 10% Off. ( 20 ),NEW,549,
Jeva Natural & Pure Aloe Vera Gel for Skin & Hair - Hydratin... ₹165 49% Off Regular price ₹325. Discounted price ₹165. 49% Off. ( 601 ),,325,
Dot & Key Barrier Repair Ceramides Face Cream - Pack Of 2 ₹672 15% Off Regular price ₹790. Discounted price ₹672. 15% Off. ( 110434 ),,790,
WOW Skin Science Vitamin C & Niacinamide Face Cream- For All... ₹379 5% Off Regular price ₹399. Discounted price ₹379. 5% Off. ( 2108 ),,399,
Mamaearth Ubtan Oil-Free Face Moisturizer With Turmeric & Sa... ₹293 8% Off Regular price ₹319. Discounted price ₹293. 8% Off. ( 1743 ),,319,
"Lotus Botanicals 100% Pure AloeVera Gel with Vitamin E, Soot... ₹345 ( 717 )",,345,
ISDIN Isdinceutics Hyaluronic Moisture Normal ₹4950 ( 3 ),,4950,
Suganda Soothing Ceramide Barrier Repair Hydrating Face Mois... ₹1100 ( 488 ),,1100,
Deconstruct Brightening Moisturizer - 5% Niacinamide + 1% Ko... ₹718 10% Off Regular price ₹798. Discounted price ₹718. 10% Off. ( 3108 ),,798,
Nat Habit Tomato Rosehip Light Face Moisturizer For Glowing ... ₹302 17% Off Regular price ₹364. Discounted price ₹302. 17% Off. ( 94 ),,364,
Olay Regenerist Complete Skincare (Day/Night Moisturizer + S... ₹4847 7% Off Regular price ₹5197. Discounted price ₹4847. 7% Off. ( 16791 ),,5197,
Dr. Sheth's Centella And Niacinamide Moisturizing Cream ₹297 15% Off Regular price ₹349. Discounted price ₹297. 15% Off. ( 154 ),,349,2 Sizes
Estee Lauder Re-Nutriv Ultimate Diamond Sculpted Transformat... ₹40500  Get Complimentary Product  ( 2 ),,40500,
Lacto Calamine 15% Vitamin C Moisturizer for Face| Quick Abs... ₹262 25% Off Regular price ₹349. Discounted price ₹262. 25% Off. ( 19 ),,349,
SEREKO Vit C Night Cream with Niacinamide for Tan Removal & ... ₹878 10% Off Regular price ₹975. Discounted price ₹878. 10% Off. ( 46 ),,975,
Biotique Quince Seed Anti-Ageing Face Massage ₹280 20% Off Regular price ₹350. Discounted price ₹280. 20% Off. ( 917 ),,350,
"Asaya Salicylic Acid & Ceramide Moisturizer for Oily Skin, F... ₹439 20% Off Regular price ₹549. Discounted price ₹439. 20% Off. ( 71 )",,549,
Fixderma Melasma Treatment Kit ₹642 15% Off Regular price ₹755. Discounted price ₹642. 15% Off. ( 20286 ),,755,
Elemis Pro-collagen Marine Cream ₹14500 ( 8 ),,14500,2 Sizes
Olay Total Effects Preventive Anti Aging Combo ₹1138 12% Off Regular price ₹1298. Discounted price ₹1138. 12% Off. ( 27044 ),,1298,
Lakme Lumi Cream & Absolute Radiance Day Cream Combo ₹611 20% Off Regular price ₹764. Discounted price ₹611. 20% Off. ( 364267 ),,764,
Neutrogena Bestseller Duo Combo ₹1232 17% Off Regular price ₹1489. Discounted price ₹1232. 17% Off. ( 514435 ),,1489,
Biotique Advanced Ayurveda Winter Cherry Body Lotion ₹276 20% Off Regular price ₹345. Discounted price ₹276. 20% Off. ( 98 ),,345,
Aqualogica Bright Essentials Combo Sunscreen + Face Serum + ... ₹1299 16% Off Regular price ₹1547. Discounted price ₹1299. 16% Off. ( 164898 ),,1547,
Elovera AD Lotion ₹504 5% Off Regular price ₹530. Discounted price ₹504. 5% Off. ( 17 ),,530,
Biotique Bio Coconut Whitening & Brighting Cream ₹450 40% Off Regular price ₹750. Discounted price ₹450. 40% Off. ( 49 ),,750,
Aroma Magic Passion Flower Massage Cream ₹248 20% Off Regular price ₹310. Discounted price ₹248. 20% Off. ( 970 ),,310,1 Size
Brinton Atomist Cream ₹551 8% Off Regular price ₹599. Discounted price ₹551. 8% Off. ( 13 ),,599,
SkinQ Face Liquid Moisturizer with Ceramides & Sodium Hyalur... ₹569 5% Off Regular price ₹599. Discounted price ₹569. 5% Off. ( 156 ),,599,
Himalaya Natural Glow Kesar Face Gel Duo ₹144 20% Off Regular price ₹180. Discounted price ₹144. 20% Off. ( 9974 ),,180,
"Nat Habit Honey Multi-Nut Face Moisturizer Malai, Day Cream ... ₹313 17% Off Regular price ₹377. Discounted price ₹313. 17% Off. ( 119 )",,377,
Rivona Naturals Deep Bright Pink Face Cream Everyday Glow ₹495 38% Off Regular price ₹799. Discounted price ₹495. 38% Off. ( 272 ) 1 Shade,,799,
Olay Regenerist Micro-Sculpting Day Cream With Regenerist Se... ₹3328 8% Off Regular price ₹3598. Discounted price ₹3328. 8% Off. ( 13897 ),,3598,
"Celimax The Real Noni Energy Repair Cream, Calms, Hydrates, ... ₹2239 ( 8 )",,2239,
Biotique Bio Winter Green Acne Control Spot Correction Cream ₹232 20% Off Regular price ₹290. Discounted price ₹232. 20% Off. ( 4575 ),,290,
"PAC Spotlight Moisturizer - Quick Absorbing Formula, Keeps S... ₹1095  Offer Available  ( 187 )",,1095,
e.l.f. Cosmetics Holy Hydration Face Cream - Fragrance Free ₹1700 ( 69 ),,1700,
Pilgrim Korean White Lotus Day Cream SPF 50 with Camellia - ... ₹800 20% Off Regular price ₹1000. Discounted price ₹800. 20% Off. ( 10706 ),,1000,
O3+ Mijoo Korea Legacy Cushion Cream Rice Moisturizer ₹789 5% Off Regular price ₹830. Discounted price ₹789. 5% Off. ( 2 ),NEW,830,
Skinvest Face Hug Barrier Repair Moisturizer 70% Rice water ₹840 40% Off Regular price ₹1400. Discounted price ₹840. 40% Off. ( 38 ),,1400,
Sebamed Anti-Acne Bestseller Duo ₹950 ( 21967 ),,950,
Biodance Radiant Vita Niacinamide Cream ₹2500 ( 1 ),NEW,2500,
Olay Collagen & Retinol Day & Night Combo ₹3698 8% Off Regular price ₹3998. Discounted price ₹3698. 8% Off. ( 13416 ),,3998,
"Nat Habit Tomato Vetiver Light Moisturizer, Non Sticky Face ... ₹302 17% Off Regular price ₹364. Discounted price ₹302. 17% Off. ( 167 )",,364,
TONYMOLY Korean The Chok Chok Green Tea Watery Lotion to Hyd... ₹1640 ( 35 ),,1640,
Mederma Scar Gel ₹505 ( 647 ),,505,2 Sizes
Innisfree Collagen Booster Green Tea Cream - Firming & Hydra... ₹2700 ( 29 ),,2700,
SADHEV Ayurvedic Anti-Ageing Face Cream with Bakuchiol & Nat... ₹1999 ( 7 ),,1999,2 Sizes
Lotus Botanicals Bio-Retinol Youth Radiance Sleeping Mask ₹745 ( 270 ),,745,
Kaya Acne Combo For Oily Skin ₹1073 25% Off Regular price ₹1430. Discounted price ₹1073. 25% Off. ( 23606 ),,1430,
Dermafique Hydra Tonique Gel Crème For Dry Skin ₹854 10% Off Regular price ₹949. Discounted price ₹854. 10% Off. ( 537 ),,949,1 Size
Quench Oil Control Moisturizer with Chia Seeds Omega 3 ₹545 9% Off Regular price ₹599. Discounted price ₹545. 9% Off. ( 161 ),,599,
Plum Night Gel Pack of 2 ₹978 15% Off Regular price ₹1150. Discounted price ₹978. 15% Off.  Enjoy Free Gift  ( 57374 ),,1150,
"Jeva Skin Lightening Gel for Face Brightening, Even Skin Ton... ₹159 51% Off Regular price ₹325. Discounted price ₹159. 51% Off. ( 290 )",,325,
Lotus Professional Retemin Plant Retinol + Vitamin C Brighte... ₹1340 13% Off Regular price ₹1540. Discounted price ₹1340. 13% Off. ( 3633 ),,1540,
Lotus Organics Divine Nutritive Creme SPF 20 ₹676 15% Off Regular price ₹795. Discounted price ₹676. 15% Off. ( 232 ),,795,
Olay Regenerist Summer Skincare With SPF 30 ₹3608 5% Off Regular price ₹3798. Discounted price ₹3608. 5% Off. ( 5806 ),,3798,
Lumineve Lightweight Moisturizer for Oily & Acne Prone Skin ... ₹1619 10% Off Regular price ₹1799. Discounted price ₹1619. 10% Off.  Extra 10% Off  ( 18 ),,1799,
Estee Lauder Re-Nutriv Ultimate Lift Regenerating Youth Mois... ₹9500  Get Complimentary Product  ( 1 ),,9500,
Pilgrim Red Vine Face Premium Ritual Combo Pack ₹1760 20% Off Regular price ₹2200. Discounted price ₹1760. 20% Off. ( 26145 ),,2200,
Lotus Herbals Wheatnourish Wheatgerm Oil & Honey Massage Cre... ₹365 12% Off Regular price ₹415. Discounted price ₹365. 12% Off. ( 371 ),,415,
Daughter Earth Ripe Super Cream ₹1895 ( 32 ),,1895,
La Prairie Skin Caviar Luxe Face Cream ₹56300,,56300,2 Sizes
Fixderma Tomaglow Brightening Face Cream ₹383 15% Off Regular price ₹450. Discounted price ₹383. 15% Off. ( 25 ),,450,
Cetaphil Winter Moisturizing Combo ₹1553 8% Off Regular price ₹1688. Discounted price ₹1553. 8% Off. ( 217946 ),,1688,
Lotus Botanicals Natural Green Tea HydraDetox Glow Boosting ... ₹575 ( 384 ),,575,
Faces Canada Watermelon Fresh Glow Gel Crème ₹479 20% Off Regular price ₹599. Discounted price ₹479. 20% Off.  Enjoy Complimentary Gift  ( 115 ),,599,
Arencia Hyssop Fume Balm ₹1450 ( 5 ),,1450,
"Sanfe Pigmentation Lightening Cream, Kojic Acid, Glutathione... ₹391 2% Off Regular price ₹399. Discounted price ₹391. 2% Off. ( 22 )",,399,
Brillare Professional Age Revival Moisturizer | Anti-Aging M... ₹895 ( 12 ),,895,
Glamveda Glutathione Brightening Face Cream ₹295 26% Off Regular price ₹399. Discounted price ₹295. 26% Off.  Extra 5% Off  ( 68 ),,399,
Aqualogica Bright+ Hydra Gel Moisturizer ₹449 10% Off Regular price ₹499. Discounted price ₹449. 10% Off. ( 14 ),,499,
The Body Shop Tea Tree Skin-control Hydrator ₹1166 10% Off Regular price ₹1295. Discounted price ₹1166. 10% Off. ( 33 ),,1295,
Uriage Bariesun Moisturizing Sunscreen SPF50+ Prevents Sun D... ₹1600 ( 2 ),,1600,
Himalaya Purifying Neem Face Gel Duo ₹144 20% Off Regular price ₹180. Discounted price ₹144. 20% Off. ( 4974 ),,180,
Murad Clarifying Water Gel ₹4785 ( 11 ),,4785,
"Round Lab 1025 Dokdo Cream, Soothing and Moisturizing Facial... ₹3099 ( 1 )",,3099,
Mamaearth Ubtan Nourishing Cold Cream ₹199 ( 844 ),,199,
Elizabeth Arden Advanced Ceramide Lift and Firm Day Cream ₹10450 5% Off Regular price ₹11000. Discounted price ₹10450. 5% Off. ( 2 ),,11000,
"Chemist At Play's Oil Control Face Moisturizer, With 3% Niac... ₹419 7% Off Regular price ₹449. Discounted price ₹419. 7% Off. ( 9 )",NEW,449,
Uriage Hyseac Matifying Emulsion Face Cream Combination to O... ₹3900 ( 3 ),,3900,
Benefit Cosmetics The Porefessional Smooth Sip Lightweight M... ₹2390 ( 1 ),,2390,2 Sizes
Nat Habit Active Olive Night Vitamin E Face Gel Moisturiser ... ₹391 17% Off Regular price ₹471. Discounted price ₹391. 17% Off. ( 56 ),,471,
Nat Habit Flax Bakuchi Light Face Moisturizer For Glowing Sk... ₹313 17% Off Regular price ₹377. Discounted price ₹313. 17% Off. ( 115 ),,377,
Eqqualberry Bakuchiol Plumping Capsule Cream – Pore Refining... ₹2750 ( 2 ),NEW,2750,
Episoft AC Moisturiser SPF + OC Cleansing Gel Combo ₹1214 5% Off Regular price ₹1278. Discounted price ₹1214. 5% Off. ( 21846 ),,1278,
Mamaearth Aloe Refresh Hydrating Light Gel Moisturizer ₹424 15% Off Regular price ₹499. Discounted price ₹424. 15% Off. ( 25 ),,499,
Olay Total Effects 7 In One Day Cream Combo - Pack Of 2 ₹1798 10% Off Regular price ₹1998. Discounted price ₹1798. 10% Off. ( 21470 ),,1998,
Givenchy Skin Ressource Velvet Cream ₹7100  Offer Available,,7100,
"Hibiscus Monkey Cuddles Coffee & Toffee Body Balm, Deeply Mo... ₹485 5% Off Regular price ₹510. Discounted price ₹485. 5% Off. ( 1 )",NEW,510,
Pilgrim Squalane Glow Moisturizer With Niacinamide & Vitamin... ₹803 27% Off Regular price ₹1100. Discounted price ₹803. 27% Off. ( 25602 ),,1100,
Jeva Whitening & Brightening Instant Glow Cream for Normal t... ₹165 49% Off Regular price ₹325. Discounted price ₹165. 49% Off. ( 251 ),,325,
Lacto Calamine Super Light Face Moisturizer Gel for Oily Ski... ₹413 31% Off Regular price ₹598. Discounted price ₹413. 31% Off. ( 8083 ),,598,
Biotique Sun Shield Carrot Ultra Protective Face Cream Sunsc... ₹280 20% Off Regular price ₹350. Discounted price ₹280. 20% Off. ( 906 ),,350,
iUNIK Beta Glucan Daily Moisture Cream ₹1450 ( 42 ),NEW,1450,2 Sizes
Jovees Derma Rice Water & Ceramides Glowing Skin Moisturizer ₹269 22% Off Regular price ₹345. Discounted price ₹269. 22% Off. ( 17 ),,345,
Lumineve Sensitive Skin Moisturizer with Ceramides for Barri... ₹1619 10% Off Regular price ₹1799. Discounted price ₹1619. 10% Off.  Extra 10% Off  ( 13 ),,1799,
Lumineve Combination Skin Moisturizer with Niacinamide - Lig... ₹1619 10% Off Regular price ₹1799. Discounted price ₹1619. 10% Off.  Extra 10% Off  ( 24 ),,1799,
"Mystiq Living Glycerine Pure And Unscented , 100% Organic Fo... ₹186 15% Off Regular price ₹219. Discounted price ₹186. 15% Off. ( 113 )",,219,2 Sizes
Ciel Hydration+ Nourishing Cream ₹573 17% Off Regular price ₹690. Discounted price ₹573. 17% Off. ( 117 ),,690,
Mamaearth Baby Dermasoft Face Cream ₹303 8% Off Regular price ₹329. Discounted price ₹303. 8% Off. ( 2 ),NEW,329,
Naturali Pigmentation Corrector Moisturiser with Superfoods ... ₹399 11% Off Regular price ₹449. Discounted price ₹399. 11% Off. ( 36 ),,449,
"Brinton Doux 24 Hour Moisturizer Cream Face, Moisturizer ₹367 8% Off Regular price ₹399. Discounted price ₹367. 8% Off. ( 14 )",,399,
Blue Nectar Brightening Day Cream with SPF30 for Sun Protect... ₹996 9% Off Regular price ₹1095. Discounted price ₹996. 9% Off. ( 180 ),,1095,
Dr. Ceuracle Vegan Kombucha Tea Gel Cream ₹2290 ( 1 ),,2290,
Revlon Touch & Glow Advanced Radiance Glow Cream ₹809 10% Off Regular price ₹899. Discounted price ₹809. 10% Off. ( 77 ),,899,
Brillare Vitamin C Liquid Moisturizer for Bright & Glowing S... ₹521 25% Off Regular price ₹695. Discounted price ₹521. 25% Off. ( 51 ),,695,
Swiss Beauty Care Dew Lock Daily Moisturiser - 1% Hyaluronic... ₹224 10% Off Regular price ₹249. Discounted price ₹224. 10% Off. ( 164 ),,249,
Avene Xeracalm Ad Lipid-Replenishing Cream ₹4370 5% Off Regular price ₹4600. Discounted price ₹4370. 5% Off. ( 6 ),,4600,
L'Occitane Organic-Certified Pure Shea Butter ₹1200  Enjoy Free Gift  ( 108 ),,1200,1 Size
L'Occitane Organic-Certified Pure Shea Butter ₹1200  Enjoy Free Gift  ( 108 ),,1200,
Dermatouch Salicylic Acid 2% Niacinamide 6% - Pack Of 2 ₹538 10% Off Regular price ₹598. Discounted price ₹538. 10% Off. ( 4 ),,598,
Lotus Professional Retemin Plant Retinol + Vitamin C Brighte... ₹1753 13% Off Regular price ₹2015. Discounted price ₹1753. 13% Off. ( 5102 ),,2015,
SeaSoul Day Cream Azevita Intense Brightening - Fine Line- W... ₹520 ( 122 ),,520,
Jovees Herbal Revita Ageing Skin Recovery Cream ₹387 15% Off Regular price ₹455. Discounted price ₹387. 15% Off. ( 185 ),,455,
Foxtale Cleanser & Moisturizer Combo ₹611 23% Off Regular price ₹794. Discounted price ₹611. 23% Off.  Offer Available  ( 44200 ),,794,
Mamaearth Aloe Vera Gel ₹219 12% Off Regular price ₹249. Discounted price ₹219. 12% Off. ( 14 ),,249,
Lotus Organics Vit-C Radiance Booster Crème SPF 20 PA+++ - L... ₹744 15% Off Regular price ₹875. Discounted price ₹744. 15% Off. ( 85 ),,875,
DIOR Hydralife Creme Sorbet Intense ₹7100 ( 21 ),,7100,
ISDIN Acniben On The Spot ₹1500 ( 4 ),,1500,
Uriage Hyseac Mattifying Fluid SPF50+ Light & Matt Texture C... ₹1800 ( 14 ),,1800,
Kora Organics Turmeric Glow Moisturizer – Hydrates Firms Bri... ₹5440 15% Off Regular price ₹6400. Discounted price ₹5440. 15% Off. ( 10 ),,6400,
Lotus Botanicals Skin Brightening Combo ₹2360 ( 17300 ),,2360,
Joy 99% Pure Aloe Vera Gel For Face & Body For Repairing & S... ₹219 19% Off Regular price ₹270. Discounted price ₹219. 19% Off.  Extra 5% Off  ( 626 ),,270,
Nat Habit Active Anti Acne Neem Tea Tree Face Gel Moisturise... ₹381 17% Off Regular price ₹459. Discounted price ₹381. 17% Off. ( 38 ),,459,
Ciel Skin Brightening Day Cream ₹1327 17% Off Regular price ₹1599. Discounted price ₹1327. 17% Off. ( 21 ),,1599,
Thalgo Hydrating Cooling Gel-Cream ₹4700 ( 4 ),,4700,
The Body Shop Vitamin E Barrier Boost Cream ₹2495,NEW,2495,
Nat Habit Flax Walnut Malai Face Moisturizer For Glowing Ski... ₹313 17% Off Regular price ₹377. Discounted price ₹313. 17% Off. ( 258 ),,377,
Mamaearth Vitamin C Daily Glow Light Gel Moisturizer ₹424 15% Off Regular price ₹499. Discounted price ₹424. 15% Off. ( 15 ),,499,
Kama Ayurveda Eladhi Hydrating Fresh Emulsion ₹3025,,3025,
Re'equil Hydrate And Protect Oil Free Combo ₹846 10% Off Regular price ₹940. Discounted price ₹846. 10% Off. ( 56298 ),,940,
Numbuzin No.2 Cica Ceramide Repair Cream ₹2250 ( 4 ),,2250,
Khadi Natural Nourishing Cream Heal & Moisturize Skin ₹111 18% Off Regular price ₹135. Discounted price ₹111. 18% Off. ( 256 ),,135,
Dot & Key Mini Glow Combo ₹761 15% Off Regular price ₹895. Discounted price ₹761. 15% Off. ( 21217 ),,895,
Indulgeo Essentials Cera Moist - Ceramide Calming Skin Moist... ₹1573 15% Off Regular price ₹1850. Discounted price ₹1573. 15% Off. ( 42 ),,1850,
Innisfree Retinol Cica Barrier Cream - Strengthens & Soothes... ₹2350 ( 8 ),,2350,
Nutrainix Organics Dark Spot Remover Cream With Skin Whiteni... ₹201 65% Off Regular price ₹575. Discounted price ₹201. 65% Off. ( 281 ),,575,
Jeva Rose and Aloe Vera Facial Massage Gel Soothing and Hydr... ₹165 49% Off Regular price ₹325. Discounted price ₹165. 49% Off. ( 752 ),,325,
"Olay Total Effects Gift Pack - Day Cream & Cleanser, Fights ... ₹1049 Regular price ₹1248. Discounted price ₹1049. 0% Off. ( 148 )",,1248,
Kapiva Ayurveda Ghee Kumkumadi Body Butter ₹599 ( 205 ),,599,
Auravedic Kumkumadi Face Cream With Kumkumadi Tailam Kumkuma... ₹450 10% Off Regular price ₹500. Discounted price ₹450. 10% Off. ( 69 ),,500,
The Pink Foundry 72HR Waterlight Gel Moisturiser With 1% Hya... ₹494 10% Off Regular price ₹549. Discounted price ₹494. 10% Off. ( 299 ),,549,1 Size
Day Skincare Regime: Olay Regenerist Day Skincare With SPF 3... ₹3418 5% Off Regular price ₹3598. Discounted price ₹3418. 5% Off. ( 4835 ),,3598,
Clinique Even Better Brightening Moisturizer SPF20 ₹6250 ( 8 ),,6250,
"Hibiscus Monkey Cuddles Mogra Body Balm, Deeply Moisturizes ... ₹485 5% Off Regular price ₹510. Discounted price ₹485. 5% Off. ( 3 )",NEW,510,
APLB Tranexamic Acid Niacinamide Facial Cream ₹690 ( 1 ),NEW,690,
Estee Lauder Re-Nutriv Ultimate Lift Regenerating Youth Face... ₹32000  Get Complimentary Product,,32000,
Foxtale Vitamin C Serum & Moisturizer Combo ₹818 25% Off Regular price ₹1090. Discounted price ₹818. 25% Off.  Offer Available  ( 45489 ),,1090,
Richfeel De-tan Cream: Natural Tan Removal Face Pack with Pe... ₹385 ( 61 ),,385,1 Size
Lumineve Soothing Moisturizer for Dry & Sensitive Skin with ... ₹1619 10% Off Regular price ₹1799. Discounted price ₹1619. 10% Off.  Extra 10% Off  ( 23 ),,1799,
Clarins Beauty Flash Balm ₹2950 ( 7 ),,2950,
Nat Habit Active Beetroot Tomato Vitamin A Face Gel Moisturi... ₹381 17% Off Regular price ₹459. Discounted price ₹381. 17% Off. ( 54 ),,459,
Faces Canada Urban Balance Pollution Defense Day Cream SPF 2... ₹839 30% Off Regular price ₹1199. Discounted price ₹839. 30% Off.  Enjoy Complimentary Gift  ( 130 ),,1199,
Cetaphil Bright Healthy Radiance Day Protection Cream - Pack... ₹2390 8% Off Regular price ₹2598. Discounted price ₹2390. 8% Off. ( 16586 ),,2598,
Just Herbs Skincare Jojoba + Wheatgerm Moisturising Sunscree... ₹416 16% Off Regular price ₹495. Discounted price ₹416. 16% Off. ( 189 ),,495,
Numbuzin No.3 Velvet Beauty Cream ₹2250 ( 3 ),,2250,
Thalgo Brightening Cream ₹7700 ( 8 ),,7700,
DERMISTRY 1% Salicylic Acid Oil Free Water Based Day Night F... ₹270 2% Off Regular price ₹275. Discounted price ₹270. 2% Off.  Extra 10% Off  ( 261 ),,275,
Jovees Herbal Vitamin C Face Cream Infused with Kakadu Plum ... ₹378 15% Off Regular price ₹445. Discounted price ₹378. 15% Off. ( 221 ),,445,
"Mystiq Living Pigmentation Removal Cream, Anti Blemishes, Da... ₹382 15% Off Regular price ₹449. Discounted price ₹382. 15% Off. ( 112 )",,449,
Fixderma 2% Niacinamide Face 21 Cream ₹356 25% Off Regular price ₹475. Discounted price ₹356. 25% Off. ( 74 ),,475,
Mamaearth Vitamin C Daily Glow Lumi Cream ₹281 6% Off Regular price ₹299. Discounted price ₹281. 6% Off. ( 16025 ),,299,
"Celimax The Real Noni Hydra Firming Lotion, Calms, Hydrates ... ₹2239 ( 14 )",,2239,
Clarins Men Wrinkle Smoothing & Firming Care Cream ₹4950,,4950,
Q+A Hyaluronic Acid Daily Moisturiser ₹1200 ( 1 ),NEW,1200,
Asaya Cream Face Moisturizer For Dry Skin With Niacinamide W... ₹639 20% Off Regular price ₹799. Discounted price ₹639. 20% Off. ( 56 ),,799,1 Size
Yuderma Yulift Cream 3X Firming With Instant Smooth & Tensor... ₹2250,NEW,2250,
Thalgo Nutri-Comfort Rich Cream - Deeply Nourishes & Restore... ₹4200,,4200,
Mixsoon Korean Centella Stick Balm ₹3799,,3799,
Biotique Bio Sandalwood 50+ SPF Sunscreen Ultra Soothing Fac... ₹399 20% Off Regular price ₹499. Discounted price ₹399. 20% Off. ( 1183 ),,499,
DERMISTRY Sensitive Dry & Very Dry Skin Deep Hydration Moist... ₹299 8% Off Regular price ₹325. Discounted price ₹299. 8% Off.  Extra 10% Off  ( 158 ),,325,
MCaffeine Green Tea Face Hydration Kit for Dull Skin ₹996 17% Off Regular price ₹1200. Discounted price ₹996. 17% Off. ( 39666 ),,1200,
Kama Ayurveda Anti Acne Spot Corrector ₹2050 ( 24 ),,2050,
Regenerist Microsculpting Combo for Plumper Skin ₹1938 12% Off Regular price ₹2198. Discounted price ₹1938. 12% Off. ( 12698 ),,2198,
Clenziderm MD® Daily Care Foaming Cleanser For Acne Treatmen... ₹5500,,5500,
Dr.Jart+ Cicapair So Soothing Treatment – Gel Cream With Cen... ₹3000 ( 1 ),,3000,
Kama Ayurveda Urjasara Nourish & Replenishing Rich Cream For... ₹2850 ( 2 ),,2850,
RAS Luxury Oils Ultra Hydrate Multi-purpose Gel ₹1521 10% Off Regular price ₹1690. Discounted price ₹1521. 10% Off.  Enjoy Complimentary Gift  ( 383 ),,1690,1 Size
JEANNOT CEUTICALS Skin Brightening Cream SPF 20 ₹1700 ( 1 ),NEW,1700,
Elovera Intense Moisturizing Formula Lotion ₹524 5% Off Regular price ₹552. Discounted price ₹524. 5% Off. ( 4 ),,552,
Oshea Herbals UV Shield SPF 70 PA+++ 9 In 1 Sun Block Cream ₹506 15% Off Regular price ₹595. Discounted price ₹506. 15% Off. ( 16 ),,595,
L'Occitane Cade Revitalizing Cream ₹5400  Enjoy Free Gift  ( 2 ),,5400,
Nature's Essence Facialist Anti Pigmentation Cream with Niac... ₹279 18% Off Regular price ₹340. Discounted price ₹279. 18% Off. ( 133 ),,340,
The Face Shop Alltimate Hyaluronic Squalane 1% Cream - Korea... ₹1529  Enjoy Complimentary Gift  ( 5 ),,1529,
Aroma Magic Almond Nourishing Anti Wrinkle Cream ₹1040 20% Off Regular price ₹1300. Discounted price ₹1040. 20% Off. ( 73 ),,1300,
Khadi Natural Almond and Saffron Moisturizers SLS & Paraben ... ₹212 23% Off Regular price ₹275. Discounted price ₹212. 23% Off. ( 697 ),,275,
Johnson's Milk + Rice Cream ₹336 20% Off Regular price ₹420. Discounted price ₹336. 20% Off. ( 830 ),,420,
Pilgrim Anti Ageing Face Wash & Day Cream SPF 50 Combo ₹720 20% Off Regular price ₹900. Discounted price ₹720. 20% Off. ( 14435 ),,900,
Nat Habit Flax Carrot Light Moisturizer For Combination Skin... ₹313 17% Off Regular price ₹377. Discounted price ₹313. 17% Off. ( 101 ),,377,
Paula's Choice Resist Super-Light Daily Wrinkle Defense SPF ... ₹3440 ( 3 ),,3440,
Lotus Organics Shea Luxe Tinted Moisturizer With SPF 15 ₹412 15% Off Regular price ₹485. Discounted price ₹412. 15% Off. ( 8 ) 3 Shades,,485,
Chantecaille Retinol Intense+ ₹14800,NEW,14800,
Ciel Anti Ageing Day Cream ₹1244 17% Off Regular price ₹1499. Discounted price ₹1244. 17% Off. ( 26 ),,1499,
Clarins Super Restorative Rose Radiance Cream ₹9200,NEW,9200,
Personal Touch Youthburst Clinically Approved Anti-Ageing Wa... ₹764 15% Off Regular price ₹899. Discounted price ₹764. 15% Off. ( 49 ),,899,
Thalgo Hydrating Melting Cream ₹4200 ( 7 ),,4200,
Aroma Magic Juniper Berry Oil Free Moisturiser & Skin Toner ... ₹356 25% Off Regular price ₹475. Discounted price ₹356. 25% Off. ( 18591 ),,475,
Biotique Advanced Organics Clear Improvement Vitamin C Ultra... ₹279 20% Off Regular price ₹349. Discounted price ₹279. 20% Off. ( 630 ),,349,
"Keya Seth Aromatherapy, Schoolers Nourishing Cream Gentle & ... ₹180 20% Off Regular price ₹225. Discounted price ₹180. 20% Off. ( 113 )",,225,
Plum 1% Ceramide Barrier Love Face Cream With Oat Strengthen... ₹678 15% Off Regular price ₹798. Discounted price ₹678. 15% Off.  Enjoy Free Gift  ( 972 ),,798,
APLB Azelaic Acid Peptide Facial Cream ₹690 ( 1 ),NEW,690,
Elizabeth Arden Ceramide Premier Activation Cream SPF 30 - F... ₹7050 ( 3 ),,7050,
Dermalogica Prisma Protect SPF30 Face Moisturiser & Sunscree... ₹4675 15% Off Regular price ₹5500. Discounted price ₹4675. 15% Off. ( 70 ),,5500,1 Size
Olay Regenerist Daily Skincare Regimen (Cleanser + Moisturiz... ₹1938 12% Off Regular price ₹2198. Discounted price ₹1938. 12% Off. ( 12696 ),,2198,
Kora Organics Active Algae Moisturizer- Reduces Dullness Fin... ₹1560 35% Off Regular price ₹2400. Discounted price ₹1560. 35% Off. ( 12 ),,2400,2 Sizes
ONE THING Hyaluronic Squalane Cream ₹1650 ( 3 ),,1650,2 Sizes
BRING GREEN Super Lemon Glutathione Sleeping Pack ₹1400 ( 2 ),NEW,1400,
Ponds Super Light Gel Oil Free Moisturzer + Ponds Sunscreen ... ₹849 8% Off Regular price ₹923. Discounted price ₹849. 8% Off. ( 851514 ),,923,
"Within Beauty Ceramide & Shea Butter Cream Moisturiser, Hell... ₹599 17% Off Regular price ₹719. Discounted price ₹599. 17% Off. ( 100 )",,719,
Conscious Chemist Snail Mucin Barrier Repair All-In-One Face... ₹175 50% Off Regular price ₹349. Discounted price ₹175. 50% Off. ( 14 ),,349,
Underated Glow & Acne Clear Face Moisturiser ₹319 20% Off Regular price ₹399. Discounted price ₹319. 20% Off. ( 94 ),,399,
SkinInspired Retinol Night Cream Refill 0.1% Retinol & Hyalu... ₹1199,NEW,1199,
Pilgrim Red Vine Sunrise Ritual Combo - Revitalizes & Refres... ₹960 20% Off Regular price ₹1200. Discounted price ₹960. 20% Off. ( 21583 ),,1200,
"Deconstruct Hyaluronic Acid & Squalane Moisturizer, Locks Hy... ₹358 8% Off Regular price ₹389. Discounted price ₹358. 8% Off. ( 192 )",,389,
TNW The Natural Wash Face Moisturizing Gel Cream For Dry & O... ₹449 25% Off Regular price ₹599. Discounted price ₹449. 25% Off. ( 468 ),,599,
Plix Avocado 1% Ceramide Moisture Rush Barrier Repair Cream ... ₹330 12% Off Regular price ₹375. Discounted price ₹330. 12% Off.  Enjoy Complimentary Gift  ( 108 ),,375,
Sereko Hydra Crème 100H Moisturizer For Dry Skin With Cerami... ₹1008 16% Off Regular price ₹1200. Discounted price ₹1008. 16% Off.,,1200,
"Palmer's Skin Success Fade Cream For Dark Spot Correction, A... ₹698 7% Off Regular price ₹750. Discounted price ₹698. 7% Off. ( 182 )",,750,
Glamveda 2% Kojic Acid Gel Cream ₹299 25% Off Regular price ₹399. Discounted price ₹299. 25% Off.  Extra 5% Off  ( 23 ),,399,
L'Occitane Immortelle Harmonie Cream ₹18900  Enjoy Free Gift  ( 9 ),,18900,1 Size
SADHEV Ayurvedic Hydrating Day Cream ₹1399 ( 54 ),,1399,1 Size
DHC Beauty LX-ME Brightening Gel ₹1444 15% Off Regular price ₹1699. Discounted price ₹1444. 15% Off. ( 18 ),,1699,
Pilgrim Everyday Deep Nourishing Skin Care Combo ₹960 20% Off Regular price ₹1200. Discounted price ₹960. 20% Off. ( 15263 ),,1200,
Nature's Essence Flawless Face Cream Papaya ₹115 8% Off Regular price ₹125. Discounted price ₹115. 8% Off. ( 597 ),,125,1 Size
Bio-essence Bio-Age Luxe Skin Expert Cream ₹1387 25% Off Regular price ₹1849. Discounted price ₹1387. 25% Off. ( 45 ),,1849,
Re'equil Oil Free Mattifying Moisturising Gel ₹428 5% Off Regular price ₹450. Discounted price ₹428. 5% Off. ( 4302 ),NEW,450,
Cureskin Sebum Control Hydra Gel - Hydration & Shine Control ₹395 1% Off Regular price ₹400. Discounted price ₹395. 1% Off. ( 198 ),,400,
Lacto Calamine Oil Control Therapy - Face Lotion & Wipes ₹376 24% Off Regular price ₹493. Discounted price ₹376. 24% Off. ( 79963 ),,493,
Neutrogena Summer Hydrating Gel Home + Travel Combo With Hya... ₹1190 25% Off Regular price ₹1590. Discounted price ₹1190. 25% Off. ( 67502 ),,1590,
Re'equil Hydrate & Sun Protect Combo For Normal Skin ₹846 10% Off Regular price ₹940. Discounted price ₹846. 10% Off. ( 56296 ),,940,
Fixderma Daily Moisturizing Cream For Hydration and Moisturi... ₹255 15% Off Regular price ₹300. Discounted price ₹255. 15% Off. ( 140 ),,300,
"Mystiq Living Anti Ageing Cream for Women, Wrinkle Face Crea... ₹399 20% Off Regular price ₹499. Discounted price ₹399. 20% Off. ( 57 )",,499,
GLAMOUR WORLD AYURVEDIC Glow Green Tea Cica Aqua Gel ₹212 8% Off Regular price ₹230. Discounted price ₹212. 8% Off. ( 19 ),,230,
TONYMOLY Korean Derma Lab Hyaluron 10X Cream with Hyaluronic... ₹1900 ( 5 ),,1900,
Oxyglow Herbals Aloevera Apple Face Massage Gel ₹172 35% Off Regular price ₹265. Discounted price ₹172. 35% Off.  Extra 10% Off  ( 185 ),,265,3 Sizes
Guerlain Abeille Royale Fortifying Lotion ₹7250 ( 1 ),,7250,
Oshea Herbals Vitamin C Brightening & Skin Illuminating Face... ₹463 15% Off Regular price ₹545. Discounted price ₹463. 15% Off. ( 7 ),,545,
SSUNSU Water Bomb Hyalu Ginseng Moisture Cream ₹1299 52% Off Regular price ₹2690. Discounted price ₹1299. 52% Off. ( 2 ),,2690,
Dermatouch Kojic Acid 2% Cream - Pack Of 2 ₹538 10% Off Regular price ₹598. Discounted price ₹538. 10% Off. ( 4 ),,598,
WOW Skin Science 99% Pure Aloe Vera Gel - Pack Of 2 ₹862 4% Off Regular price ₹898. Discounted price ₹862. 4% Off. ( 25932 ),,898,
Joy Skin Fruits Soft Moisturizer For Face & Body with Berrie... ₹305 49% Off Regular price ₹599. Discounted price ₹305. 49% Off.  Extra 5% Off  ( 38 ),,599,
GLAMOUR WORLD AYURVEDIC Glow Fair Moisturiser ₹262 8% Off Regular price ₹285. Discounted price ₹262. 8% Off. ( 24 ),,285,
Revolution Pro Miracle Cream ₹1378 5% Off Regular price ₹1450. Discounted price ₹1378. 5% Off. ( 4 ),,1450,
The Man Company Glow Pro Non-Sticky Daily Moisturizer for In... ₹258 26% Off Regular price ₹349. Discounted price ₹258. 26% Off. ( 29 ),,349,
Underated Acne Free Body Moisturizer ₹279 20% Off Regular price ₹349. Discounted price ₹279. 20% Off. ( 72 ),,349,
"Jeva Papaya Nourishing and Smoothing Cream for Soft, Hydrate... ₹159 51% Off Regular price ₹325. Discounted price ₹159. 51% Off. ( 96 )",,325,
"Olay Total Effects Slay All Day With Day & Night Cream, Figh... ₹1799 5% Off Regular price ₹1999. Discounted price ₹1799. 5% Off. ( 60 )",,1999,
Sammmm Glow Boosting Hydrating Moisturiser ₹800 ( 101 ),,800,
Fixderma Cleovera Cica Cream for Skin Moisturizer ₹431 25% Off Regular price ₹575. Discounted price ₹431. 25% Off. ( 30 ),,575,
Ricekraft Oil Free Korean Face Moisturizer ₹515 20% Off Regular price ₹645. Discounted price ₹515. 20% Off. ( 11 ),,645,
Colorbar Vita Hemp Restoring & Balancing Body Milk With SPF ₹327 18% Off Regular price ₹399. Discounted price ₹327. 18% Off. ( 82 ),,399,
Cetaphil Winter Essentials For Extra Nourishment ₹1531 8% Off Regular price ₹1664. Discounted price ₹1531. 8% Off. ( 172772 ),,1664,
Kaya CTM Regime Combo ₹1043 25% Off Regular price ₹1390. Discounted price ₹1043. 25% Off. ( 10205 ),,1390,
N PLUS PROFESSIONAL Deep Hydrating Moisturizer ₹323 16% Off Regular price ₹385. Discounted price ₹323. 16% Off. ( 12 ),,385,
Clarins Hydra Essentiel Silky Cream ₹3600 ( 1 ),,3600,
"Nat Habit Clove Tea-Tree Terpene+ Light Moisturizer, Anti Ac... ₹333 17% Off Regular price ₹401. Discounted price ₹333. 17% Off. ( 139 )",,401,
"Personal Touch SkinDam Korean Moisturizer With Ceramide 3, O... ₹1359 15% Off Regular price ₹1599. Discounted price ₹1359. 15% Off. ( 25 )",,1599,
VLCC Vitamin C Day Cream SPF 30 ₹467 22% Off Regular price ₹599. Discounted price ₹467. 22% Off. ( 90 ),,599,
GLAMOUR WORLD AYURVEDIC Glow Mint Moisturiser ₹235 8% Off Regular price ₹255. Discounted price ₹235. 8% Off. ( 21 ),,255,
Q+A Collagen Face Cream ₹1650,NEW,1650,
Clarins Hydra-Essentiel Matte Gel ₹3600 ( 3 ),,3600,
Embryolisse Soint Hydrant Matifiant Moisturizer ₹2156 10% Off Regular price ₹2395. Discounted price ₹2156. 10% Off. ( 9 ),,2395,
Paula's Choice Clear Ultra-Light Daily Hydrating Fluid SPF 3... ₹3440,,3440,
Aqualogica Illuminate+ Oil Free Moisturizer ₹249 ( 4 ),,249,
Numour Collagen Bombshell Moisturiser ₹549 ( 2 ),NEW,549,
Panchvati Herbals Face Cream For Men & Women - Pack Of 2 ₹340 ( 57 ),,340,
Conscious Chemist Flashfix Acne Spot Corrector Face Cream Wi... ₹324 35% Off Regular price ₹499. Discounted price ₹324. 35% Off. ( 73 ),,499,
Joy Retinol Night Cream with Ceramides & Avocado Anti Aging ... ₹230 23% Off Regular price ₹299. Discounted price ₹230. 23% Off.  Extra 5% Off  ( 46 ),,299,
Himalaya Wellness Antispetic Cream ₹55 ( 827 ),,55,
Vaadi Herbals Bamboo Age Defying Moisturiser With Grapeseed ... ₹120  Extra 10% Off  ( 645 ),,120,
Nat Habit Tomato Patchouli Malai Face Moisturizer For Glowin... ₹302 17% Off Regular price ₹364. Discounted price ₹302. 17% Off. ( 140 ),,364,
Aravi Organic Advanced Barrier Repair Moisturizer With Ceram... ₹299 25% Off Regular price ₹399. Discounted price ₹299. 25% Off.  Enjoy Complimentary Gift  ( 107 ),,399,
Farmacy Beauty Honey Cloud Moisturizer ₹5350,NEW,5350,
"Round Lab 1025 Dokdo Light Cream, Lightweight Soothing Moist... ₹3099 ( 2 )",,3099,
Mamaearth Cocoa Rich Moisturizing Cream ₹413 8% Off Regular price ₹449. Discounted price ₹413. 8% Off. ( 21 ),,449,
Swiss Beauty Care Dew Lock Day Cream With SPF 15+++ - 2% Aqu... ₹269 10% Off Regular price ₹299. Discounted price ₹269. 10% Off. ( 127 ),,299,
Lotus Dermabotanics Hydra Active Gel Moisturiser 2.5% Hyalur... ₹329 10% Off Regular price ₹365. Discounted price ₹329. 10% Off. ( 5 ),NEW,365,
NARS NARSskin Light Reflecting Moisturizer ₹6200,,6200,
"Lotus Botanicals Neem, Tulsi & Salicylic Acid Anti-Acne Puri... ₹575 ( 42 )",,575,
Elizabeth Arden Visible Difference Replenishing Hydragel Com... ₹4950 10% Off Regular price ₹5500. Discounted price ₹4950. 10% Off.,,5500,
Chantecaille Sheer Glow Gold Face Tint ₹8050,NEW,8050,
Innisfree Bija Cica Balm Ex With Centella For Sensitive Skin... ₹1700 ( 93 ),,1700,
Clarins Extra-Firming Emulsion Cream ₹6200 ( 1 ),,6200,
Yuderma Yuvit C Cream 2 VC Moisturizing Antiaging Cream ₹1530 ( 1 ),NEW,1530,
Dr. Sheth's Gulab & Glycolic Acid Oil-Free Moisturizer ₹311 11% Off Regular price ₹349. Discounted price ₹311. 11% Off. ( 272 ),,349,
AXIS-Y Cera-Heart My Type Duo Cream ₹2050 ( 1 ),,2050,
Keth Laboratories Oil Free Hydration Moisturiser ₹715 ( 8 ),,715,
ISDIN Acniben Face Mask ₹1700 ( 1 ),,1700,
Plum Green Tea Oil-Free Moisturizer With Niacinamide - Pack ... ₹799 15% Off Regular price ₹940. Discounted price ₹799. 15% Off.  Enjoy Free Gift  ( 40989 ),,940,
Orlane Extreme Line-Reducing Re-Plumping Cream ₹15700,,15700,
Mamaearth Vitamin C Day Cream For Face With Vitamin C & SPF ... ₹551 8% Off Regular price ₹599. Discounted price ₹551. 8% Off. ( 1901 ),,599,
SoulTree Advanced Kumkumadi Refined Radiance Facial Balm ₹2795 ( 2 ),,2795,
Skinfood Royal Honey Propolis Enrich Barrier Cream ₹2690,,2690,
Old School Hand-Worked Red Sandalwood And Saffron Renewing M... ₹2400 ( 3 ),,2400,
Volamena Glutathione Skin Lightening Fairness Cream ₹599 ( 74 ),,599,
Just Herbs Aloe Vera Facial Gel ₹300 20% Off Regular price ₹375. Discounted price ₹300. 20% Off. ( 62 ),,375,
APLB Collagen EGF Peptide Facial Cream ₹690 ( 2 ),NEW,690,
Kora Organics Plant Stem Cell Retinol Alternative Moisturize... ₹1690 35% Off Regular price ₹2600. Discounted price ₹1690. 35% Off. ( 1 ),,2600,1 Size
Just Herbs Radiant Glow Gel Cream ₹476 20% Off Regular price ₹595. Discounted price ₹476. 20% Off. ( 6 ),,595,
Khadi Natural Face Day Cream Retain Skin Moisture ₹270 28% Off Regular price ₹375. Discounted price ₹270. 28% Off. ( 398 ),,375,
Dr. G A'Clear Balancing Moisturizer ₹2200 ( 2 ),,2200,
Colorbar Anti Acne Breakout Moisturiser ₹759 5% Off Regular price ₹799. Discounted price ₹759. 5% Off. ( 39 ),,799,
Streax Bright & Shine Serum Infused Face Cream Gel ₹187 25% Off Regular price ₹249. Discounted price ₹187. 25% Off. ( 18 ),,249,
Lotus Professional Retemin Plant Retinol + Vitamin C Brighte... ₹1427 13% Off Regular price ₹1640. Discounted price ₹1427. 13% Off. ( 3100 ),,1640,
Saffrn Anti-Ageing Cream ₹840 47% Off Regular price ₹1599. Discounted price ₹840. 47% Off. ( 19 ),,1599,
"Naturali Radiant Glow Gel Moisturiser with Superfoods Pea, Q... ₹399 11% Off Regular price ₹449. Discounted price ₹399. 11% Off. ( 24 )",,449,
Joy Honey & Almonds Combo Of Advanced Nourishing Body Lotion... ₹460 45% Off Regular price ₹830. Discounted price ₹460. 45% Off.  Extra 5% Off  ( 8498 ),,830,
Juicy Chemistry Saffron & Red Raspberry - Illuminating & Moi... ₹650 ( 611 ),,650,1 Size
Pilgrim French Red Vine Anti-Ageing Face Care Kit - Reduces ... ₹1120 20% Off Regular price ₹1400. Discounted price ₹1120. 20% Off. ( 16568 ),,1400,
Labolia Beaute Pure 99.9% Glycerin Solution For Healthy Skin... ₹399 ( 13 ),,399,1 Size
LuxaDerme Revive & Radiate 3 Step Tune-up Kit - Cleansing Sc... ₹451 5% Off Regular price ₹475. Discounted price ₹451. 5% Off. ( 81 ),,475,
"Vaadi Herbals Fairness Cream - Saffron, Aloe Vera & Turmeric... ₹170  Extra 10% Off  ( 569 )",,170,
Joy Hydra Refresh Ultra Light Face Moisturizer Gel with Wate... ₹305 49% Off Regular price ₹599. Discounted price ₹305. 49% Off.  Extra 5% Off  ( 67 ),,599,
"Richfeel Pure Aloe Vera Gel for Face, Skin & Hair , Ultimate... ₹132 ( 56 )",,132,
Lotus Organics Precious Brightening Creme & Serum Combo ₹1472 20% Off Regular price ₹1840. Discounted price ₹1472. 20% Off. ( 4901 ),,1840,
House Of Beauty Collagen Peptide Cream ₹934 15% Off Regular price ₹1099. Discounted price ₹934. 15% Off. ( 16 ),,1099,
Brinton Obril First Skin Lightening Cream ₹643 8% Off Regular price ₹699. Discounted price ₹643. 8% Off. ( 8 ),,699,
L’Occitane Reine Des Pres Brightening Moisturizer Cream ₹900  Enjoy Free Gift  ( 77 ),,900,
Khadi Natural Nourishing Skin Cream ₹193 23% Off Regular price ₹250. Discounted price ₹193. 23% Off. ( 72 ),,250,
L'Occitane Reine Blanche Illuminating Lotion ₹3900  Enjoy Free Gift  ( 206 ),,3900,1 Size
Naturali Aqua Hydrating Gel Moisturiser with Superfoods Eart... ₹399 11% Off Regular price ₹449. Discounted price ₹399. 11% Off. ( 10 ),,449,
Lakme Vitamin C Routine Starter Kit ₹1120 18% Off Regular price ₹1367. Discounted price ₹1120. 18% Off. ( 41388 ),,1367,
Vaseline Cloud Soft SPF 50 Light Moisturiser with Ceramides ... ₹340 20% Off Regular price ₹425. Discounted price ₹340. 20% Off.,NEW,425,2 Sizes
Kiehl's Ultra Facial Barrier Balm Stick ₹2700 ( 3 ),,2700,
Dr. Sakhiya Glowmelan Brightening & Depigmentation Gel Cream ₹4899 2% Off Regular price ₹4999. Discounted price ₹4899. 2% Off.,,4999,
Ningen Glow Revive Radiance Gel Creme ₹1295 ( 7 ),,1295,
GLAMOUR WORLD AYURVEDIC Glow Young Moisturiser ₹239 8% Off Regular price ₹260. Discounted price ₹239. 8% Off. ( 15 ),,260,
"Dr.Different 131 Moisturizer, For Mature, Dehydrated Skin wi... ₹3719",,3719,
Volamena Organics Vitamin C Power Brightening Massage Cream ₹899 ( 26 ),,899,
Palmer's Skin Success Extra Strength Tone Correcting Face Cr... ₹1395 7% Off Regular price ₹1500. Discounted price ₹1395. 7% Off. ( 1 ),,1500,
Brillare Salicylic Acid Liquid Moisturizer for Oily & Acne P... ₹521 25% Off Regular price ₹695. Discounted price ₹521. 25% Off. ( 29 ),,695,
Keya Seth Aromatherapy Skin Defence Orange Face & Body Moist ₹360 10% Off Regular price ₹400. Discounted price ₹360. 10% Off. ( 223 ),,400,2 Sizes
SeaSoul Magic Recovery Butter Balm Night Cream Skin Moisturi... ₹550 ( 68 ),,550,
Pilgrim 5 Ceramides Barrier Repair Moisturizer with Korean C... ₹593 25% Off Regular price ₹790. Discounted price ₹593. 25% Off. ( 1870 ),,790,
Perenne Radiance Day Cream ₹1439 10% Off Regular price ₹1599. Discounted price ₹1439. 10% Off. ( 15 ),,1599,
By Terry Hyaluronic Global Face Cream ₹2700 ( 2 ),,2700,
Hydra Glow Skincare Aloe Gel Moist Hydrating and Nourishing ... ₹150 50% Off Regular price ₹299. Discounted price ₹150. 50% Off. ( 19 ),,299,
Swiss Beauty Care Glow Fusion Daily Moisturiser ₹269 10% Off Regular price ₹299. Discounted price ₹269. 10% Off. ( 2 ),NEW,299,
Brinton Psoramist Moisturizing Cream ₹551 8% Off Regular price ₹599. Discounted price ₹551. 8% Off. ( 2 ),,599,
"Mixsoon Bifida Cream, Strengthens Skin Barrier, Deeply Nouri... ₹2999",,2999,
IBA Advanced Activs Ultra White Spot Correction Day Cream ₹359 10% Off Regular price ₹399. Discounted price ₹359. 10% Off. ( 13 ),,399,
Blue Nectar Shubhr Rice Water Anti Pigmentation Cream ₹1001 11% Off Regular price ₹1125. Discounted price ₹1001. 11% Off. ( 1 ),,1125,
SADHEV Aloe Vera & Saffron Gel With Vitamin C ₹1399,,1399,2 Sizes
Apieu Madecassoside Cream 2X ₹1290 ( 7 ),,1290,
VLCC Ayurveda Soothing Aloe Vera Gel ₹117 2% Off Regular price ₹119. Discounted price ₹117. 2% Off. ( 1973 ),,119,
Naturali Acne & Oil Control Gel Moisturiser With Superfoods ... ₹399 11% Off Regular price ₹449. Discounted price ₹399. 11% Off. ( 11 ),,449,
"Lacto Calamine Gift Box Face Wash, Face Lotion, Sunscreen, F... ₹600 32% Off Regular price ₹882. Discounted price ₹600. 32% Off. ( 119 )",,882,
"Dr.Batras Pro+ Aloe Facial Gel, Get Glowing Skin, Suitable f... ₹75 50% Off Regular price ₹149. Discounted price ₹75. 50% Off. ( 62 )",,149,
Venusia Moisturizing Cream ₹960 18% Off Regular price ₹1170. Discounted price ₹960. 18% Off. ( 592 ),,1170,
Needly Panthenol Water Gel Cream ₹2890,NEW,2890,
Elizabeth Arden Eight Hour Cream Intensive Daily Moisturizer... ₹3135 5% Off Regular price ₹3300. Discounted price ₹3135. 5% Off. ( 5 ),,3300,
"SeaSoul Hydraing Face Moisturiser With Dead Sea Minerals, Aq... ₹650 ( 1 )",,650,
Jeva Anti-Tan Cream - Brightening & Depigmentation Care for ... ₹165 49% Off Regular price ₹325. Discounted price ₹165. 49% Off. ( 204 ),,325,
Nat Habit Active Aloe Cactus Hydra Lift Face Gel Moisturiser... ₹420 17% Off Regular price ₹506. Discounted price ₹420. 17% Off. ( 20 ),,506,
La Prairie Platinum Rare Haute-Rejuvenation Face Cream ₹103600,,103600,1 Size
Khadi Natural Rose & Honey Moisturizer Reduce Dryness & Mois... ₹212 23% Off Regular price ₹275. Discounted price ₹212. 23% Off. ( 469 ),,275,
Bio-essence Bio-Snail Repair & Smooth Cream ₹879 20% Off Regular price ₹1099. Discounted price ₹879. 20% Off. ( 13 ),,1099,
SADHEV Ayurvedic Hydrating Day Cream Spf 15 ₹1499 ( 70 ),,1499,1 Size
Teenilicious Acne Face Gel With Benzoyl Peroxide & Witch Haz... ₹118 50% Off Regular price ₹235. Discounted price ₹118. 50% Off. ( 46 ),,235,
WOW Skin Science Protect & Brighten Day Cream ₹309 6% Off Regular price ₹329. Discounted price ₹309. 6% Off. ( 621 ),,329,
Nature's Essence Aloe Beauty Gel With Neem (Pack Of 2) ₹124 5% Off Regular price ₹130. Discounted price ₹124. 5% Off. ( 3166 ),,130,
Chantecaille Bio Lifting Neck Cream ₹21100,NEW,21100,
Clarins Bright Plus Milky Essence ₹3400 ( 5 ),,3400,
"Jeva Aloe Vera Gel with Saffron - Hydrating, Brightening & S... ₹165 49% Off Regular price ₹325. Discounted price ₹165. 49% Off. ( 450 )",,325,
St. D'vencé Rouge Glow Soft Cream - 24HR Of Intense Moisturi... ₹425 ( 14 ),,425,
Olay Regenerist Micro-sculpting Cream Mini and Regenerist An... ₹2008 9% Off Regular price ₹2198. Discounted price ₹2008. 9% Off. ( 5737 ),,2198,
Sebamed Clear Face Cleansing Combo ₹1230 ( 29014 ),,1230,
Aroma Magic Cold Cream ₹152 20% Off Regular price ₹190. Discounted price ₹152. 20% Off. ( 332 ),,190,
"FACES CANADA Hydra Face Moisturizer, 50ml SPF 15, 5% NIACINA... ₹229 8% Off Regular price ₹249. Discounted price ₹229. 8% Off.  Enjoy Complimentary Gift  ( 6 )",,249,
Personal Touch Backshift Anti Ageing Peptide Cream With Gran... ₹1359 15% Off Regular price ₹1599. Discounted price ₹1359. 15% Off. ( 2 ),,1599,
Paula's Choice Resist Skin Restoring Moisturizer SPF 50 ₹3440 ( 1 ),,3440,
"LASHIKA Papaya Day Cream With Alpha Arbutin, Niacinamide, Vi... ₹359 20% Off Regular price ₹449. Discounted price ₹359. 20% Off. ( 13 )",,449,
Rahul Phate's Research Product Ketaki Skin Lightening Cream ₹299 ( 55 ),,299,
Panchvati Herbals Papaya Massage Cream ₹450 ( 30 ),,450,
Bath & Body Works Ocean Daily Face Lotion ₹1399 30% Off Regular price ₹1999. Discounted price ₹1399. 30% Off.,,1999,
MCaffeine Deep Moisturization Duo - Choco Body Butter & Coff... ₹835 20% Off Regular price ₹1044. Discounted price ₹835. 20% Off. ( 57718 ),,1044,
Dr.Jart+ Pore Remedy Smoothing Primer – Pore Minimizer For M... ₹2250,,2250,
VLCC Deep Nourishing Face Cream With UV Protect ₹287 10% Off Regular price ₹319. Discounted price ₹287. 10% Off. ( 37 ),,319,
Deep Nourish Butter Balm For Skin Hair & Nails 40 gm ₹941 5% Off Regular price ₹990. Discounted price ₹941. 5% Off.  Enjoy Complimentary Gift  ( 167 ),,990,
Kapiva Aloe Vera Skin Gel Hydrating & Moisturizing Gel for F... ₹900 ( 1414 ),,900,
Jovees Derma Green Tea 2% Salicylic Acid Oil Free Moisturize... ₹269 22% Off Regular price ₹345. Discounted price ₹269. 22% Off. ( 9 ),,345,
Spawake Age Solution Intensive Night Cream ₹549 ( 161 ),,549,2 Sizes
Avon Daily Defence Vitamin C Moisturizer ₹1349 10% Off Regular price ₹1499. Discounted price ₹1349. 10% Off. ( 4 ),,1499,
Olay Total Effects Normal UV + Total Effects Cleanser Combo ₹1138 12% Off Regular price ₹1298. Discounted price ₹1138. 12% Off. ( 27048 ),,1298,
Neutrogena Intense Hydration Combo ₹2470 7% Off Regular price ₹2670. Discounted price ₹2470. 7% Off. ( 15635 ),,2670,
PureSense Grapefruit Squeeze Radiant Moisturizer SPF 30 PA++... ₹440 20% Off Regular price ₹550. Discounted price ₹440. 20% Off. ( 5 ),,550,
Blue Nectar Night Repair Cream for Ultra Hydration & Skin Re... ₹996 9% Off Regular price ₹1095. Discounted price ₹996. 9% Off. ( 27 ),,1095,
"D-Tan Facial Kit with Saffron & Papaya to Remove Tan, Even T... ₹1499 ( 8 )",,1499,
Pilgrim 24K Gold Gel Moisturizer With Hyaluronic Acid & Alph... ₹1145 28% Off Regular price ₹1590. Discounted price ₹1145. 28% Off. ( 1778 ),,1590,
Missha Bee Pollen Renew Cream ₹2490 ( 5 ),,2490,
APLB Kojic Acid Vitamin C Facial Cream ₹690 ( 2 ),NEW,690,
Simple Water Boost Micellar Facial Wash + Hydrating Gel Crem... ₹764 15% Off Regular price ₹899. Discounted price ₹764. 15% Off. ( 12552 ),,899,
Lumineve Gel Moisturizer for Oily Skin with Salicylic Acid f... ₹1619 10% Off Regular price ₹1799. Discounted price ₹1619. 10% Off.  Extra 10% Off  ( 17 ),,1799,
ADONIS Ds.Silk Hydra Lotion ₹441 10% Off Regular price ₹490. Discounted price ₹441. 10% Off. ( 8 ),,490,
Perenne Moisturisation Cream ₹679 15% Off Regular price ₹799. Discounted price ₹679. 15% Off. ( 64 ),,799,
O3+ Anti Tan With Day Cream ₹1828 3% Off Regular price ₹1880. Discounted price ₹1828. 3% Off. ( 69574 ),,1880,
"Earth Rhythm On-Spot Blemish Control Complex, Treats Acne, U... ₹299 25% Off Regular price ₹399. Discounted price ₹299. 25% Off. ( 32 )",,399,
Just Herbs Ayurvedic Herbal Nourishing Face Moisturizing Mas... ₹605 13% Off Regular price ₹695. Discounted price ₹605. 13% Off. ( 57 ),,695,
Chantecaille Blanc Peony Face Cream Dark Spot Corrector ₹34650,NEW,34650,
Clarins Extra Firming Day Cream Refill - All Skin Type ₹5450,,5450,
APLB Pdrn Vitamin C Facial Cream ₹690 ( 1 ),NEW,690,
N PLUS PROFESSIONAL Aqua Moisturizer ₹332 16% Off Regular price ₹395. Discounted price ₹332. 16% Off. ( 4 ),,395,
Glamveda Korean Glass Skin Rice & Ceramide 3 Step Skincare (... ₹863 28% Off Regular price ₹1199. Discounted price ₹863. 28% Off.  Extra 5% Off  ( 53 ),,1199,
CGG Cosmetics 70% Snail Mucin Essence & All In One Cream Com... ₹300 75% Off Regular price ₹1198. Discounted price ₹300. 75% Off. ( 47 ),,1198,
Oshea Herbals Vitamin C Brightening Face Gel ₹251 15% Off Regular price ₹295. Discounted price ₹251. 15% Off. ( 6 ),,295,
Neud Strobe Cream Rose Gold For Glowing Skin With Hyaluronic... ₹799 ( 3 ),NEW,799,
Mamaearth Chia Seed and Ceramides Oil-Free Moisturizer for a... ₹349 8% Off Regular price ₹379. Discounted price ₹349. 8% Off. ( 34 ),,379,
"Nat Habit Green Apple Tulsi Light Moisturizer, Face Moisturi... ₹315 17% Off Regular price ₹380. Discounted price ₹315. 17% Off. ( 34 )",,380,
TNW The Natural Wash Face Moisturizing Cream With Shea Butte... ₹337 25% Off Regular price ₹449. Discounted price ₹337. 25% Off. ( 177 ),,449,
LAMEL The Myth Of Utopia Body Glimmer ₹903 5% Off Regular price ₹950. Discounted price ₹903. 5% Off.,,950,
Lotus Organics Divine Nutritive Creme & Night Cream Combo ₹1272 20% Off Regular price ₹1590. Discounted price ₹1272. 20% Off. ( 802 ),,1590,
Q+A Ceramide Barrier Defence Face Cream ₹1650,NEW,1650,
Nourish Mantra Urban Rani Daily Moisturizing Cream for Smoot... ₹341 24% Off Regular price ₹449. Discounted price ₹341. 24% Off. ( 218 ),,449,
Lotus Botanicals 100x Vitamin C Wash & Moisturise Combo ₹1230 ( 9421 ),,1230,
Cos-IQ AirGel NMF 15% For Oily Skin Moisturizer For Men & Wo... ₹449 25% Off Regular price ₹599. Discounted price ₹449. 25% Off. ( 193 ),,599,
Rivona Naturals Honey And Saffron Face Moisturizing Cream Fo... ₹345 23% Off Regular price ₹449. Discounted price ₹345. 23% Off. ( 130 ),,449,
Plix Avocado Psoriasis Moisturizing Cream ₹800  Enjoy Complimentary Gift  ( 1 ),,800,
CGG Cosmetics slay with 85% Snail Mucin All In One Cream ₹198 67% Off Regular price ₹599. Discounted price ₹198. 67% Off. ( 192 ),,599,
Estee Lauder Re-Nutriv Ultimate Diamond Transformative Brill... ₹27300  Get Complimentary Product  ( 1 ),,27300,2 Sizes
Estee Lauder Re-Nutriv Ultimate Lift Regenerating Youth Trea... ₹14400  Get Complimentary Product,,14400,
"PAC Airy Hydrating Cream - Ultra Lightweight, Non-Greasy For... ₹895  Offer Available  ( 52 )",,895,
Fixderma Vitipause Gel ₹925 ( 5 ),,925,
Glamveda Glutathione Brightening Face Wash + Face Cream ₹554 26% Off Regular price ₹749. Discounted price ₹554. 26% Off.  Extra 5% Off  ( 43 ),,749,
Ozone Signature Hydra Repair Cream Use AM ₹760 20% Off Regular price ₹950. Discounted price ₹760. 20% Off. ( 271 ),,950,
Khadi Natural Sandal & Olive Face Nourishing Cream Soft & Su... ₹193 23% Off Regular price ₹250. Discounted price ₹193. 23% Off. ( 43 ),,250,
ILEM Japan Deep Moisturizer Rich Face Cream With Shea Butter... ₹2708 5% Off Regular price ₹2850. Discounted price ₹2708. 5% Off.,NEW,2850,
STUDD MUFFYN Botox Cream ₹999,NEW,999,
Lakme Dewy Skin Day & Night Kit ₹1486 15% Off Regular price ₹1748. Discounted price ₹1486. 15% Off. ( 13344 ),,1748,
Vaadi Herbals Anti Ageing Cream with Extracts Of Wheatgerm a... ₹279 10% Off Regular price ₹310. Discounted price ₹279. 10% Off.  Extra 10% Off  ( 103 ),,310,
Oshea Herbals Phyto Age Reversal Skin Moisturizing Emulsion ₹803 15% Off Regular price ₹945. Discounted price ₹803. 15% Off. ( 18 ),,945,
Vaadi Herbals 24 Carat Gold Massage Cream ₹266 10% Off Regular price ₹295. Discounted price ₹266. 10% Off.  Extra 10% Off  ( 79 ),,295,
Cetaphil Winter Skin Care Essentials ₹1430 8% Off Regular price ₹1554. Discounted price ₹1430. 8% Off. ( 141376 ),,1554,
Sereko Oil Clear Face Moisturizer with Lactic Acid & NMF for... ₹651 7% Off Regular price ₹700. Discounted price ₹651. 7% Off. ( 1 ),,700,
N PLUS PROFESSIONAL De-Pigmentation Cream ₹332 16% Off Regular price ₹395. Discounted price ₹332. 16% Off. ( 4 ),,395,
DR. RASHEL Ubtan Night Cream ₹239 20% Off Regular price ₹299. Discounted price ₹239. 20% Off. ( 6 ),,299,
Oxyglow Herbals Saffron & Liquorice Fairness Cream ₹88 35% Off Regular price ₹135. Discounted price ₹88. 35% Off.  Extra 10% Off  ( 9 ),,135,1 Size
"Nat Habit Pomegranate Tulsi Light Moisturizer, Non Sticky Fa... ₹315 17% Off Regular price ₹380. Discounted price ₹315. 17% Off. ( 23 )",,380,
Raise Universalist Rose Aloe Vera Gel With 85% Bulgarian Ros... ₹584 10% Off Regular price ₹649. Discounted price ₹584. 10% Off. ( 2 ),,649,
Blue Nectar Kumkumadi Serum + B&R Sandalwood Cream Combo ₹2003 13% Off Regular price ₹2290. Discounted price ₹2003. 13% Off. ( 1758 ),,2290,
Dr. Sakhiya Acne & Pimple Moisturizer ₹284 5% Off Regular price ₹299. Discounted price ₹284. 5% Off. ( 2 ),,299,
TNW The Natural Wash Vitamin C Water Cream Face Moisturizer ... ₹319 29% Off Regular price ₹449. Discounted price ₹319. 29% Off. ( 249 ),,449,
Neutrogena Dry Skin Moisturizer Home + Travel Combo ₹1330 24% Off Regular price ₹1755. Discounted price ₹1330. 24% Off. ( 12214 ),,1755,
Avon Anew Platinum Lift And Tighten Day Cream With SPF 20 ₹2969 10% Off Regular price ₹3299. Discounted price ₹2969. 10% Off. ( 1 ),,3299,
Glamveda Korean Glass Skin Rice & Ceramide Face Serum & Mois... ₹683 28% Off Regular price ₹949. Discounted price ₹683. 28% Off.  Extra 5% Off  ( 62 ),,949,
Nature's Essence Niacinamide Skin Care Set ₹582 18% Off Regular price ₹710. Discounted price ₹582. 18% Off. ( 926 ),,710,
Oshea Herbals UV Shield SPF 60 PA+++ Total Protection Matte ... ₹463 15% Off Regular price ₹545. Discounted price ₹463. 15% Off. ( 2 ),,545,
Kiehl's Calendula Skin-Soothing & Stabilizing Emulsion ₹5000,,5000,
Skinfood Aloe Vera 93% Soothing Gel ₹550 ( 4 ),,550,
"SeaSoul Oil Free Gel Hydration With Dead Sea Minerals, Hyalu... ₹600 ( 1 )",,600,
APLB Retinol Vitamin C Vitamin E Facial Cream ₹690 ( 1 ),NEW,690,
Rivela Derma Science Allantoin And Salicylic Acid Gel ₹449 ( 32 ),,449,
"Dr.Different 311 Moisturizer, For Dry, Damaged Skin with 3:1... ₹2999",,2999,
Derma Decode Oil Free Moisturizer for Oily Acne Prone Skin L... ₹502 15% Off Regular price ₹590. Discounted price ₹502. 15% Off.  Extra 10% Off  ( 37 ),,590,
Glamveda De-Tan Face Cream ₹239 20% Off Regular price ₹299. Discounted price ₹239. 20% Off.  Extra 5% Off  ( 22 ),,299,
AMPLE:N Ceramide Shot Cream ₹1300 ( 1 ),,1300,
Elizabeth Arden White Tea Skin Solutions Replenishing Micro-... ₹5610 15% Off Regular price ₹6600. Discounted price ₹5610. 15% Off.,,6600,
Oteria Twinkle Skin Cream With Tangerine Peel For Pigmentati... ₹499  Extra 10% Off  ( 36 ),,499,1 Size
DHC Beauty LX-ME Brightening Lotion ₹1240 15% Off Regular price ₹1459. Discounted price ₹1240. 15% Off. ( 9 ),,1459,
Joy Skin Fruits Soft Moisturizer For Face & Body with Berrie... ₹245 39% Off Regular price ₹399. Discounted price ₹245. 39% Off.  Extra 5% Off  ( 31 ),,399,
Aroma Magic Vitamin C Skin Brightening Gel SPF 30 & Skin Ton... ₹484 25% Off Regular price ₹645. Discounted price ₹484. 25% Off. ( 11974 ),,645,
"Soulflower Vitamin C Brightening Body Lotion, Hyaluronic Aci... ₹405 10% Off Regular price ₹450. Discounted price ₹405. 10% Off. ( 3 )",,450,
Givenchy Skin Perfecto Lotion ₹4800  Offer Available  ( 6 ),,4800,
Vaadi Herbals Skin Renewal Collagen Cream ₹441 10% Off Regular price ₹490. Discounted price ₹441. 10% Off.  Extra 10% Off  ( 2 ),,490,
Ciel Oil Control Hydrating Face Moisturizer Which Reduces Ac... ₹497 17% Off Regular price ₹599. Discounted price ₹497. 17% Off. ( 18 ),,599,
Malibu All Day Face Cream SPF 50 ₹799 ( 19 ),,799,
"ETUDE Ac Clean Up Facial Fluid, Lightweight Moisture, Deduce... ₹713 25% Off Regular price ₹950. Discounted price ₹713. 25% Off.  Extra 10% Off  ( 2 )",,950,
Khadi Natural Green Aloe Vera Facial Massage Gel Reduce Tan ... ₹192 23% Off Regular price ₹249. Discounted price ₹192. 23% Off. ( 174 ),,249,
"Pilgrim Red Vine Kit Dawn To Dusk Ritual, Moisturizes & Prot... ₹1240 20% Off Regular price ₹1550. Discounted price ₹1240. 20% Off. ( 20964 )",,1550,
Thalgo Energising Gel-Cream - Mattifies & Revitalises Skin ₹6000 20% Off Regular price ₹7500. Discounted price ₹6000. 20% Off.,,7500,
Aroma Magic Vitamin C Day Cream Duo ₹632 20% Off Regular price ₹790. Discounted price ₹632. 20% Off. ( 4239 ),,790,
Mamaearth Skin Illuminate Face Cream With Vitamin C And Turm... ₹237 5% Off Regular price ₹249. Discounted price ₹237. 5% Off. ( 952 ),,249,
Blue Nectar Kumkumadi Serum + Eladi Day Cream Combo ₹1995 12% Off Regular price ₹2270. Discounted price ₹1995. 12% Off. ( 1954 ),,2270,
Jovees Vera & Apple Face Massage Gel ₹179 15% Off Regular price ₹210. Discounted price ₹179. 15% Off. ( 151 ),,210,
Vaadi Herbals Aloe Vera Anti Acne Massage Gel ₹257 10% Off Regular price ₹285. Discounted price ₹257. 10% Off.  Extra 10% Off  ( 32 ),,285,
Vaadi Herbals Cold Cream With Almonds & Saffron ₹207 10% Off Regular price ₹230. Discounted price ₹207. 10% Off.  Extra 10% Off  ( 120 ),,230,
Elemis Pro-collagen Marine Oil 15ml ₹10000 ( 5 ),,10000,
Dr. Sakhiya Acne & Pimple Morning Cream ₹332 5% Off Regular price ₹349. Discounted price ₹332. 5% Off. ( 4 ),,349,
AXIS-Y Biome Ultimate Indulging Cream ₹2450,,2450,
Perenne Hydration Booster Water Gel Moisturizer ₹764 15% Off Regular price ₹899. Discounted price ₹764. 15% Off. ( 3 ),,899,
Vaadi Herbals Fairness Moisturiser With Mandarin Extract ₹155  Extra 10% Off  ( 555 ),,155,
Viah High Performance Face Moisturiser ₹1827 15% Off Regular price ₹2149. Discounted price ₹1827. 15% Off. ( 3 ),,2149,
"ILEM Japan Light Moisturizer Gel Cream With Niacinamide, Cer... ₹2613 5% Off Regular price ₹2750. Discounted price ₹2613. 5% Off.",NEW,2750,
Moha Spot Corrector Gel ₹187 25% Off Regular price ₹249. Discounted price ₹187. 25% Off.,,249,
AromaMusk Aloever Hydrating Gel with Pure Aloe Vera Gel & Vi... ₹251 28% Off Regular price ₹349. Discounted price ₹251. 28% Off. ( 8 ),,349,
Nuerma Science Kesar SkiN BRIGHTENING CREAM ₹750 ( 27 ),,750,
Streax Youthful Shine Serum Infused Face Cream Gel ₹224 25% Off Regular price ₹299. Discounted price ₹224. 25% Off. ( 7 ),,299,
Clarins Plant Gold Face Cream ₹5200,,5200,
Ningen Glow Shield Day Creme ₹595 ( 2 ),,595,
Lotus Herbals Summer Super Saver Combo ₹1058 15% Off Regular price ₹1245. Discounted price ₹1058. 15% Off. ( 30690 ),,1245,
Vaadi Herbals Anti-Ageing Cream - Almond- Wheatgerm & Rose ₹176 10% Off Regular price ₹195. Discounted price ₹176. 10% Off.  Extra 10% Off  ( 271 ),,195,
Missha Vita C Plus Eraser Toning Cream ₹2990 ( 2 ),,2990,
Dr. Ceuracle Pro-Balance Biotics Moisturizer ₹2100,NEW,2100,
NIVEA Bestselling Complete Body Care Combo ₹1036 32% Off Regular price ₹1515. Discounted price ₹1036. 32% Off. ( 925296 ),,1515,
Ayusoul Ayurveda Sandalwood Aloe Vera Gel for Face & Body Sk... ₹325 ( 8 ),,325,
The Body Care Almond Cream ₹379 5% Off Regular price ₹399. Discounted price ₹379. 5% Off. ( 68 ),,399,2 Sizes
Thank You Farmer Bakuvita Barrier Repair Moisturizer- with 7... ₹3399,,3399,
TNW The Natural Wash Baby Lip Balm and Baby Face Cream Combo ₹454 35% Off Regular price ₹698. Discounted price ₹454. 35% Off. ( 934 ),,698,
Keya Seth Aromatherapy Honey Gel Moisturizer ₹244 25% Off Regular price ₹325. Discounted price ₹244. 25% Off. ( 14 ),,325,
manyo Blackhead & Pore Cream ₹1250 ( 3 ),,1250,
Vaadi Herbals Tulip Oil Control Moisturiser With Green Almon... ₹108 10% Off Regular price ₹120. Discounted price ₹108. 10% Off.  Extra 10% Off  ( 396 ),,120,
manyo Bifida Biome Aqua Barrier Cream ₹2050 ( 4 ),,2050,1 Size
Neud Goat Milk Premium Moisturizing Lotion For Men & Women ₹650 ( 13 ),,650,
Ayusoul Ayurveda Rice Water Aloe Vera Gel for Body Skin Trea... ₹325 ( 8 ),,325,
Nature Spell Vitamin C Glow Up Face Moisturiser ₹1100,,1100,
"Khadi Natural Glowing Skin Combo Pack of 3 Wash, Tone & Mois... ₹469 43% Off Regular price ₹823. Discounted price ₹469. 43% Off. ( 25780 )",,823,
COSDERMA Hydra Q Moisturizer Cream ₹480 ( 2 ),,480,
"Ayouthveda Sparkling Gold Day Cream with 24K Nano Gold, Saff... ₹1575 ( 26 )",,1575,
Vaadi Herbals Saffron-Skin Whitening Massage Gel ₹311 10% Off Regular price ₹345. Discounted price ₹311. 10% Off.  Extra 10% Off  ( 73 ),,345,
Pilgrim Red Vine Mask & Moisturise Combo ₹840 20% Off Regular price ₹1050. Discounted price ₹840. 20% Off. ( 10878 ),,1050,
Vedic Line Choco Deli Sugar Scrub With Cocoa Seed Butter ₹225 10% Off Regular price ₹250. Discounted price ₹225. 10% Off. ( 176 ),,250,
Khadi Natural Lavender Fairness Moisturizer Rehydrates Dry S... ₹234 28% Off Regular price ₹325. Discounted price ₹234. 28% Off. ( 156 ),,325,
Viah Super Calming Moisturiser ₹1279 20% Off Regular price ₹1599. Discounted price ₹1279. 20% Off. ( 8 ),,1599,
Saffrn Luminous Hydration Moisturizer With Richness Of Saffr... ₹550 54% Off Regular price ₹1199. Discounted price ₹550. 54% Off. ( 15 ),,1199,2 Sizes
Thalgo Energising Cream - Restores Comfort & Boosts Radiance ₹7600,,7600,
"Personal Touch Snail Mucin Creme With Ceramides For Normal, ... ₹1869 15% Off Regular price ₹2199. Discounted price ₹1869. 15% Off. ( 3 )",,2199,
Epique Switzerland Advanced Balancing Day Cream ₹4000 ( 3 ),,4000,
Pilgrim Squalane Glow Moisturizer For Hydration Pack Of 3- P... ₹1155 30% Off Regular price ₹1650. Discounted price ₹1155. 30% Off. ( 25602 ),,1650,
Revolution Pro Miracle Water Cream ₹1378 5% Off Regular price ₹1450. Discounted price ₹1378. 5% Off.,,1450,
Vaadi Herbals Anti-Acne Cream - Clove Neem & Orange Extract ₹176 10% Off Regular price ₹195. Discounted price ₹176. 10% Off.  Extra 10% Off  ( 249 ),,195,
It's Skin Blue Snail Moisturizer ₹1990 ( 2 ),,1990,
COSDERMA Glutagloss Face Cream ₹765 ( 1 ),,765,
Kulsum's Kaya Kalp Hydrating Aqua Gel ₹404 15% Off Regular price ₹475. Discounted price ₹404. 15% Off. ( 3 ),,475,
Diego dalla Palma Milano Vitamin C & Glutathione 15% Brighte... ₹2890 ( 3 ),,2890,
Vaadi Herbals Fairness Moisturiser With Mandarin Extract ₹266 10% Off Regular price ₹295. Discounted price ₹266. 10% Off.  Extra 10% Off  ( 186 ),,295,
Blue Nectar Vitamin C Oil Free Cream for Oily & Acne Prone S... ₹1116 5% Off Regular price ₹1175. Discounted price ₹1116. 5% Off. ( 6 ),,1175,
"Blue Nectar 24k Gold Body Milk Moisturizer With AHA, Niacina... ₹1153 11% Off Regular price ₹1295. Discounted price ₹1153. 11% Off. ( 1 )",,1295,2 Sizes
Online Quality Store Non-Toxic Aloe Vera Gel - White ₹149 12% Off Regular price ₹169. Discounted price ₹149. 12% Off. ( 3 ),,169,
Neutrogena Super Hydration Summer Bestsellers Combo ₹1299 24% Off Regular price ₹1715. Discounted price ₹1299. 24% Off. ( 15106 ),,1715,
TONYMOLY Pure Dew Tea Tree Yuja C Purifying Cream ₹1740 ( 2 ),,1740,
Skinfood Acorn Pore Peptide Cream ₹2500,,2500,
Skinella Rice Water & Cherry Blossom Lightweight Moisturiser ₹316 20% Off Regular price ₹395. Discounted price ₹316. 20% Off.,NEW,395,
Blue Nectar Shubhr Rice Water Anti Pigmentation Cream For Me... ₹1001 11% Off Regular price ₹1125. Discounted price ₹1001. 11% Off.,,1125,
Thalgo Redensifying Cream ₹11700 ( 2 ),,11700,
Avon Anew Sensitive+ Dual Collagen Cream Emea ₹2249 10% Off Regular price ₹2499. Discounted price ₹2249. 10% Off.,,2499,
Palmer's Cocoa Butter Formula With Vitamin E Multi - Purpose... ₹437 7% Off Regular price ₹470. Discounted price ₹437. 7% Off. ( 1 ),,470,
Dr. Sakhiya Ultra Hydrating Face Moisturizer Lightweight Dai... ₹216 2% Off Regular price ₹220. Discounted price ₹216. 2% Off. ( 6 ),,220,
Lotus Organics Precious Brightening Creme Face Wash & Exfoli... ₹1520 20% Off Regular price ₹1900. Discounted price ₹1520. 20% Off. ( 6590 ),,1900,
"Suhi & Sego Dew Day Cream With Hyaluronic Acid, Ginger Lily ... ₹1899 ( 2 )",,1899,
The Skin Story Oil Free Face Moisturizer For Oily Acne Prone... ₹269 10% Off Regular price ₹299. Discounted price ₹269. 10% Off. ( 4 ),,299,
SkinInspired Mattifying Gel Moisturizer Refill Oil-Free Face... ₹899 ( 1 ),NEW,899,
The Body Care Nourishing Coco Butter Cream ₹379 5% Off Regular price ₹399. Discounted price ₹379. 5% Off. ( 50 ),,399,2 Sizes
Plum CeraSenseTM Moisturizing Crème for Instant Barrier Repa... ₹848 15% Off Regular price ₹998. Discounted price ₹848. 15% Off.  Enjoy Free Gift  ( 197 ),,998,
"Mystiq Living Acne Gel Cream, Face Moisturizer For Oily Skin... ₹395 12% Off Regular price ₹449. Discounted price ₹395. 12% Off. ( 22 )",,449,
Mintree Professional 10 step Facial kit for men & women with... ₹1233 15% Off Regular price ₹1450. Discounted price ₹1233. 15% Off. ( 1 ),,1450,1 Size
Old School Arrack Of Rice And Bananas Redefining Mousse Face... ₹2220 ( 2 ),,2220,
Ayusoul Ayurveda Coconut Aloe Vera Gel for Face & Body Skin ... ₹325 ( 10 ),,325,
Oxyglow Herbals Day Care Cream SPF 15 ₹175 50% Off Regular price ₹350. Discounted price ₹175. 50% Off.  Extra 10% Off  ( 12 ),,350,
Glamveda 3% Kojic Acid Spot Corrector Gel Reduces Acne Scars... ₹299 25% Off Regular price ₹399. Discounted price ₹299. 25% Off.  Extra 5% Off  ( 9 ),,399,
Indulgeo Essentials Aqua 24k Gold Premium Gel Moisturizer - ... ₹1232 20% Off Regular price ₹1540. Discounted price ₹1232. 20% Off. ( 87 ),,1540,
Ayouthveda Herbal Ubtan Face Pack with Neem & Sandalwood to ... ₹699 ( 8 ),,699,
Panchvati Herbals Sandal Massage Cream ₹450 ( 11 ),,450,
Passion Indulge Kumkumadi Oil Face Massage Cream ₹630 30% Off Regular price ₹900. Discounted price ₹630. 30% Off.,,900,
Sally's Soul Therapy Epidermal Obsession Moisturizer ₹1200 ( 14 ),,1200,
Rivona Naturals 2% Hyaluronic Acid Face Moisturizing Cream F... ₹344 31% Off Regular price ₹499. Discounted price ₹344. 31% Off. ( 103 ),,499,
Elemis Pro-Collagen Advanced Eye Treatment ₹7495 ( 3 ),,7495,
AromaMusk Ceramide & Hyaluronic Acid Moisturizer ₹150 50% Off Regular price ₹299. Discounted price ₹150. 50% Off. ( 21 ),,299,
COSDERMA Skin Repair Moisturizer ₹890,,890,
Pilgrim Oil-Free Gel Moisturiser With Hyaluronic Acid For Ac... ₹792 20% Off Regular price ₹990. Discounted price ₹792. 20% Off. ( 1962 ),,990,
Repechage Hydra Dew Pure Facial Moisturizer ₹5565,,5565,
Viah Triple Action Moisturiser ₹1399 20% Off Regular price ₹1749. Discounted price ₹1399. 20% Off. ( 1 ),,1749,
SESA 8% Kumkumadi Kesar Day Cream 50g SPF 20 & PA++ Skin Bri... ₹406 18% Off Regular price ₹495. Discounted price ₹406. 18% Off. ( 40 ),,495,
Vaadi Herbals Moisturising Lotion With Pink Rose Extract ₹117 10% Off Regular price ₹130. Discounted price ₹117. 10% Off.  Extra 10% Off  ( 321 ),,130,
juhst Hydreme Deep Moisture Weightless Jelly ₹2700 ( 2 ),,2700,
Dr. Ceuracle Hyal Reyouth Night Cream ₹3200,NEW,3200,
"Palmer's Skin Success Fade Cream For Dark Spot Correction, O... ₹698 7% Off Regular price ₹750. Discounted price ₹698. 7% Off. ( 90 )",,750,
Purearth Rose & Seabuck Replenishing Face Cream ₹7000 ( 2 ),,7000,1 Size
Dr. Ceuracle Royal Vita Propolis 33 Cream ₹3200,NEW,3200,
Matra Vitamin C Moisturizer with Aloe Vera & Vitamin E ₹268 37% Off Regular price ₹425. Discounted price ₹268. 37% Off. ( 8 ),,425,
Dates & Honey Moisturising Cold Cream with Aloe Vera to Deep... ₹125 ( 10 ),,125,
Vaadi Herbals Rich Velvety Moisturising Lotion With Pink Ros... ₹252 10% Off Regular price ₹280. Discounted price ₹252. 10% Off.  Extra 10% Off  ( 142 ),,280,
AromaMusk Aloever Hydrating Gel with Pure Aloe Vera Gel & Vi... ₹503 28% Off Regular price ₹698. Discounted price ₹503. 28% Off. ( 3 ),,698,
Vaadi Herbals Skin Brightening Saffron Massage Gel With Reti... ₹140 10% Off Regular price ₹155. Discounted price ₹140. 10% Off.  Extra 10% Off  ( 11 ),,155,
Lotus Botanicals Wash & Glow Face Wash Scrub & Day Cream Com... ₹1665 ( 12957 ),,1665,
Olay Hydration Mini Combo With Hyaluronic Acid ₹618 23% Off Regular price ₹798. Discounted price ₹618. 23% Off. ( 4536 ),,798,
Cos-IQ AirGel NMF 15% Moisturizer For Dry To Normal Skin ₹449 25% Off Regular price ₹599. Discounted price ₹449. 25% Off. ( 100 ),,599,
La Pink Ubtan Day Cream Spf 15 With Saffron For Glowing Skin... ₹477 26% Off Regular price ₹645. Discounted price ₹477. 26% Off.  Extra 5% Off  ( 21 ),,645,
Oteria Revive Skin Cream With Stem Cells For Acne-Scars And ... ₹1759 20% Off Regular price ₹2199. Discounted price ₹1759. 20% Off.  Extra 10% Off  ( 1 ),,2199,1 Size
Teenilicious Acne Face Gel With Salicylic Acid & Tea Tree Oi... ₹141 40% Off Regular price ₹235. Discounted price ₹141. 40% Off. ( 11 ),,235,
Cos-IQ Emily In Paris Emily's Enchante Soft Light Moisturize... ₹449 25% Off Regular price ₹599. Discounted price ₹449. 25% Off. ( 35 ),,599,
La Prairie Pure Gold Radiance Cream ₹88400,,88400,
WOW Skin Science Korean Bamboo Gel ₹379 5% Off Regular price ₹399. Discounted price ₹379. 5% Off. ( 21 ),,399,
Vaadi Herbals Papaya Face & Body Cream ₹216 10% Off Regular price ₹240. Discounted price ₹216. 10% Off.  Extra 10% Off  ( 26 ),,240,
"Rodial Dragon's Blood Hyaluronic Velvet Cream-Glow, Plump & ... ₹5115 45% Off Regular price ₹9300. Discounted price ₹5115. 45% Off. ( 1 )",,9300,
PureSense Papaya Punch Brightening Moisturizer ₹440 20% Off Regular price ₹550. Discounted price ₹440. 20% Off. ( 1 ),,550,
Elemis Pro-collagen Rose Marine Cream ₹5560 ( 4 ),,5560,1 Size
Lotus Organics Shea Luxe Tinted Moisturizer with SPF 15 - M3... ₹485 ( 8 ),NEW,485,
AMPLE:N Hyaluron Shot Hydration Cream ₹1450,,1450,
WOW Skin Science Aqua-Sphere Moisturiser ₹474 5% Off Regular price ₹499. Discounted price ₹474. 5% Off. ( 32 ),,499,
Naturali Soothing Face Moisturiser For Men ₹399 11% Off Regular price ₹449. Discounted price ₹399. 11% Off. ( 1 ),,449,
CVPro Aloe Cool ₹200 ( 6 ),,200,
The Body Care Mixfruit Nourishing & Depigmenting Cream ₹379 5% Off Regular price ₹399. Discounted price ₹379. 5% Off. ( 170 ),,399,2 Sizes
Kulsum's Kaya Kalp Botanical Base Day Cream SPF15++ ₹404 15% Off Regular price ₹475. Discounted price ₹404. 15% Off. ( 1 ),,475,
Indulgeo Essentials Treat and Repair Combo (Vitamin A Retino... ₹2344 20% Off Regular price ₹2930. Discounted price ₹2344. 20% Off. ( 494 ),,2930,
Avon Anew Ultimate Firm & Supple Day Cream SPF 20 ₹2519 10% Off Regular price ₹2799. Discounted price ₹2519. 10% Off.,,2799,
The Body Care Lavender Body Cream ₹713 25% Off Regular price ₹950. Discounted price ₹713. 25% Off. ( 2 ),,950,
SANCTUS Dark Spot Reduction 24-hr Oil Control Cream For Wome... ₹417 30% Off Regular price ₹595. Discounted price ₹417. 30% Off. ( 6 ),,595,
"Nat Habit Blackseed Tulsi Face Moisturizer, Winter Face Crea... ₹302 17% Off Regular price ₹364. Discounted price ₹302. 17% Off. ( 34 )",,364,
COAL Clean Beauty Midnight Repair Cream With Lily Oil Repair... ₹890 ( 120 ),,890,2 Sizes
"Pilgrim Red Vine Skin Brightening Facial Kit - Cleanses, Exf... ₹1240 20% Off Regular price ₹1550. Discounted price ₹1240. 20% Off. ( 13302 )",,1550,
Skinfood Carrot Carotene Moist Effector ₹2290,,2290,
Haldi-Chandan Polishing & Brightening Cream ₹379 5% Off Regular price ₹399. Discounted price ₹379. 5% Off. ( 35 ),,399,2 Sizes
LASHIKA Pure Radiance Daily Face Cream ₹380 20% Off Regular price ₹475. Discounted price ₹380. 20% Off. ( 1 ),,475,
Khadi Natural After Sun Aloe Vera Moisturiser Protect UV Ray... ₹238 28% Off Regular price ₹330. Discounted price ₹238. 28% Off. ( 113 ),,330,
The Body Care Honey Kesar Glow Bright Cream ₹379 5% Off Regular price ₹399. Discounted price ₹379. 5% Off. ( 57 ),,399,2 Sizes
Perenne Clarifying Oil Control Moisturiser ₹810 10% Off Regular price ₹900. Discounted price ₹810. 10% Off. ( 15 ),,900,
Khadi Organique Vitamin C Day Cream With SPF 30 ₹599 ( 9 ),,599,
The Body Care All Purpose Cream ₹284 5% Off Regular price ₹299. Discounted price ₹284. 5% Off. ( 105 ),,299,1 Size
"LASHIKA Revive Vitamin C Face Cream With Niacinamide, Salicy... ₹359 20% Off Regular price ₹449. Discounted price ₹359. 20% Off. ( 8 )",,449,
Jeffree Star Cosmetics Skincare Magic Star Hydrating Moistur... ₹3725 ( 1 ),,3725,
St. D'vencé Sweet Meadow Soft Cream - 24HR Of Intense Moistu... ₹425 ( 3 ),,425,
Keya Seth Aromatherapy Papaya Hydrating Face Cream ₹404 10% Off Regular price ₹449. Discounted price ₹404. 10% Off. ( 3 ),,449,
"Vaadi Herbals Advanced Skin Whitening Saffron Combo (Gel, Pa... ₹571 6% Off Regular price ₹605. Discounted price ₹571. 6% Off.  Extra 10% Off  ( 10173 )",,605,
PureSense Guava Groove Acne Control Oil Free Moisturizer SPF... ₹440 20% Off Regular price ₹550. Discounted price ₹440. 20% Off.,,550,
ECOVANI Essential Rose & Geranium Massage Cream ₹315 30% Off Regular price ₹450. Discounted price ₹315. 30% Off. ( 21 ),,450,1 Size
Vedic Line Kumkumadi Tailam Face Cream ₹360 10% Off Regular price ₹400. Discounted price ₹360. 10% Off. ( 12 ),,400,
TONYMOLY Korean Propolis Tower Barrier Build Up Cream with H... ₹3000 ( 2 ),,3000,
LASHIKA Neroli Face Cream ₹524 25% Off Regular price ₹699. Discounted price ₹524. 25% Off. ( 8 ),,699,
Thalgo Perfect Matte Fluid ₹2900 ( 3 ),,2900,
Zobha 11 In One Skin Radiance Cream ₹2159 20% Off Regular price ₹2699. Discounted price ₹2159. 20% Off. ( 2 ),,2699,
She Essentials Coconut Cold Cream Glowing Moisturization All... ₹399 ( 1 ),,399,
Givenchy Blanc Divin Brightening Lotion Global Transparency ₹5900  Offer Available  ( 7 ),,5900,
Dr Batras Skin Clear Cream- Enriched With Aquifolium Extract... ₹228 35% Off Regular price ₹350. Discounted price ₹228. 35% Off. ( 42 ),,350,
SADHEV Ayurvedic 24K Gold Radiance Cream with Tangerine ₹1800 ( 1 ),,1800,1 Size
Volamena Vitamin C Gel Day & Night Repair Cream Combo ₹549 ( 4 ),,549,
The Bare Bar Lavender Body Cream Floral Sweet Scent with San... ₹499 ( 2 ),,499,
House Of Beauty Kumkumadi Butter Cream With Raspberry & Plan... ₹764 15% Off Regular price ₹899. Discounted price ₹764. 15% Off. ( 3 ),,899,
Vaadi Herbal Skin - Lightening Fruit Massage Gel ₹248 10% Off Regular price ₹275. Discounted price ₹248. 10% Off.  Extra 10% Off  ( 2 ),,275,
Riyo Herbs Green Tea Gel Cream ₹520 20% Off Regular price ₹650. Discounted price ₹520. 20% Off. ( 2 ),,650,
Spring H2O Youth Lift Age Sculpt Anti-Ageing Cream ₹279 30% Off Regular price ₹399. Discounted price ₹279. 30% Off. ( 1 ),,399,
Ayouthveda Anti Marks Cream with Nalpamradi Taila to Reduce ... ₹299 ( 1 ),,299,
Nature Spell Vegan Retinol Face Moisturiser ₹1100,,1100,
Saffrn Acne Erase Cream ₹800 50% Off Regular price ₹1599. Discounted price ₹800. 50% Off. ( 6 ),,1599,
"Sara Soya bean & Apricot Massage Gel For Pore Cleansing, Bri... ₹759 5% Off Regular price ₹799. Discounted price ₹759. 5% Off. ( 2 )",,799,
Guerlain Superaqua Lotion Pump Bottle ₹5450,,5450,
Blue Nectar Green Tea Face Moisturizer For Women & Men ₹574 11% Off Regular price ₹645. Discounted price ₹574. 11% Off. ( 48 ),,645,
"Bravado Face Sculpt Anti Ageing Cream, Firms Skin, Reduces W... ₹1247 22% Off Regular price ₹1599. Discounted price ₹1247. 22% Off. ( 1 )",,1599,
Natio Rosewater Hydration Moisture Boost Day Cream-Gel ₹1725 ( 3 ),,1725,
Ayusoul Ayurveda Cucumber Aloe Vera Gel for Face & Body Skin... ₹325 ( 4 ),,325,
Diego dalla Palma Milano Energising Illuminating Lotion ₹1960 ( 1 ),,1960,
Mamash Organics Age-Defying Pomegranate Oil for Youthful Glo... ₹699 30% Off Regular price ₹999. Discounted price ₹699. 30% Off. ( 5 ),,999,
SANCTUS Dark Spot Reduction 24-Hr Oil Control Cream For Men ₹595 ( 10 ),,595,
Lotus Botanicals 100x Vitamin C Shine Bright Combo ₹1825 ( 10237 ),,1825,
Elizabeth Arden 8Hr Hydra Play Skin Perfecting Daily Moistur... ₹3500,NEW,3500,
Apieu Mulberry Blemish Clearing Cream ₹1990 ( 1 ),,1990,
Indus Valley Bio Organic Aloe Vera Gel and Multani Mitti Pow... ₹648 ( 14208 ),,648,
Cos-IQ Emily In Paris Camille's Amour Soft Light Moisturizer... ₹449 25% Off Regular price ₹599. Discounted price ₹449. 25% Off. ( 30 ),,599,
Thalgo Resurfacing Cream - A Deep Exfoliating Scrub For All ... ₹4300 ( 2 ),,4300,
Spring H2O Youth Lift Brightone Day Cream Rebuilds Skin Barr... ₹270 40% Off Regular price ₹450. Discounted price ₹270. 40% Off.,,450,
Globus Naturals Hyaluronic Acid & Active Vitamin C Face Crea... ₹192 45% Off Regular price ₹349. Discounted price ₹192. 45% Off. ( 9 ),,349,
Keya Seth Aromatherapy Orange Gel Moisturizer ₹239 20% Off Regular price ₹299. Discounted price ₹239. 20% Off. ( 16 ),,299,
"AYA Multipurpose Aloe Vera Gel Face, Hair & Body ₹299 25% Off Regular price ₹399. Discounted price ₹299. 25% Off. ( 22 )",,399,
Vaadi Herbals All Purpose Cream With Aloe Vera & Honey ₹207 10% Off Regular price ₹230. Discounted price ₹207. 10% Off.  Extra 10% Off  ( 74 ),,230,
TBC - The Bath and Care Firm Plump & Glow Collagen Jelly Cre... ₹2499 ( 1 ),,2499,
"Tattvalogy Parijat Gel - Soothes Skin, Reduces Acne & Pigmen... ₹450 ( 3 )",,450,
MZ SKIN Hydrate & Nourish Age Defence Retinol Day Moisturise... ₹15200,,15200,
The Wellness Shop Bamboo Shoot Hydrating Moisturizer ₹557 7% Off Regular price ₹599. Discounted price ₹557. 7% Off. ( 1 ),,599,
COSDERMA Retinol Collagen Face Cream ₹765,,765,
SANCTUS Dark Spot Reduction Cream ₹280 20% Off Regular price ₹350. Discounted price ₹280. 20% Off. ( 6 ),,350,
Vaadi Herbals Lemongrass Anti-Pigmentation Massage Gel ₹140 10% Off Regular price ₹155. Discounted price ₹140. 10% Off.  Extra 10% Off  ( 6 ),,155,
By Terry Hyaluronic Hydra Global Face Cream ₹8550 ( 4 ),,8550,
Oteria Go-To Skin Cream Vitamin A And E With Horse Chestnut ... ₹399  Extra 10% Off  ( 20 ),,399,1 Size
GLAMOUR WORLD AYURVEDIC Super Fair Cold Cream for Sensitive ... ₹189 8% Off Regular price ₹205. Discounted price ₹189. 8% Off. ( 5 ),,205,
TBC - The Bath and Care Acne Away Gel Anti Acne Face Gel ₹1899,,1899,
Love Earth Light Weight Dry Body Oil ₹349 50% Off Regular price ₹699. Discounted price ₹349. 50% Off. ( 1 ),,699,
NutriGlow Advanced Organics Age Repair Tightening Night Crea... ₹383 10% Off Regular price ₹425. Discounted price ₹383. 10% Off. ( 22 ),,425,
ILEM Japan Deep Moisturizer Refill Pack ₹2470 5% Off Regular price ₹2600. Discounted price ₹2470. 5% Off.,NEW,2600,
BAKE Kumkumadi Face Oil For Brightening & Glowing Skin ₹990 10% Off Regular price ₹1100. Discounted price ₹990. 10% Off. ( 13 ),,1100,
"inatur Kumkumadi Sunscreen SPF 30 PA++++, Ayurvedic Moisturi... ₹308 22% Off Regular price ₹395. Discounted price ₹308. 22% Off. ( 15 )",,395,
Shrumei Face Barrier Repair Moisturizing Cream ₹750,,750,
Orlane B21 Extraordinaire Absolute Youth Cream ₹23600,,23600,
WOW Skin Science HydroCharge Electrolyte Moisturizer ₹349,,349,
ECOVANI Essential Sandalwood Massage Cream ₹315 30% Off Regular price ₹450. Discounted price ₹315. 30% Off. ( 12 ),,450,2 Sizes
KUUARD Ceramides & Niacinamide Day Cream ₹809 10% Off Regular price ₹899. Discounted price ₹809. 10% Off. ( 4 ),,899,
Vaadi Herbals Chocolate & Strawberry Massage Gel ₹257 10% Off Regular price ₹285. Discounted price ₹257. 10% Off.  Extra 10% Off  ( 4 ),,285,
Bella Vita Organic Mood Enhancing Night Cream ₹599,,599,
"La Pink Vitamin E Face Moisturiser For Intense Nourishment, ... ₹477 26% Off Regular price ₹645. Discounted price ₹477. 26% Off.  Extra 5% Off  ( 1 )",,645,
Vita Complex Rejuvenating ₹379 5% Off Regular price ₹399. Discounted price ₹379. 5% Off. ( 153 ),,399,2 Sizes
She Essentials Vitamin C Nourishing Cold Cream For Face & Bo... ₹399 ( 1 ),,399,
Provalo Banana Moisturizer Barrier Repair Cream ₹549 ( 1 ),,549,
Diego dalla Palma Milano Ultra Nourishing Treatment Moisturi... ₹2120 ( 1 ),,2120,
"Tattvalogy Luxurious Saffron Gel - Pure Saffron, Brightens S... ₹450",,450,
TNW The Natural Wash Face Moisturizing Gel Cream & Multani M... ₹616 35% Off Regular price ₹948. Discounted price ₹616. 35% Off. ( 2572 ),,948,
"Vaadi Herbals Fairness Cream - Saffron, Aloe Vera & Turmeric... ₹340  Extra 10% Off  ( 1138 )",,340,
Skiura Nature Vitamin C With E Hyaluronic Acid & Retinol Bri... ₹299 ( 5 ),,299,
Skiura Nature Kumkumadi Saffron Face Cream ₹299 ( 1 ),,299,
La Pink Vitamin C Day Cream With Kakadu Plum & Whitonyl ₹329 26% Off Regular price ₹445. Discounted price ₹329. 26% Off.  Extra 5% Off,,445,
FORMULA 10.0.6 Seriously Shine Free Mattifying Oil-Free Mois... ₹920 ( 18 ),,920,
SANCTUS Moisturizing 5% Niacinamide Cold Cream ₹191 15% Off Regular price ₹225. Discounted price ₹191. 15% Off. ( 13 ),,225,2 Sizes
Volamena Organics Vitamin C Glow Skin Care Kit ₹2195 ( 1 ),,2195,
Vaadi Herbals All Purpose Cream With Aloe Vera & Honey ₹140 10% Off Regular price ₹155. Discounted price ₹140. 10% Off.  Extra 10% Off  ( 3 ),,155,
Volamena Red Wine Day & Night Cream Combo Pack ₹549 ( 11 ),,549,
MATINGLORIE Ultra Hydration Therapy Cream ₹474 ( 5 ),,474,
TNW The Natural Wash Face Moisturizing Gel Cream & Vitamin C... ₹844 35% Off Regular price ₹1298. Discounted price ₹844. 35% Off. ( 5396 ),,1298,
Ecoberry Aloe Vera Gel ₹299 25% Off Regular price ₹399. Discounted price ₹299. 25% Off. ( 10 ),,399,
Vaadi Herbals 24 Carat Gold Massage Gel With 24 Carat Gold D... ₹288 10% Off Regular price ₹320. Discounted price ₹288. 10% Off.  Extra 10% Off  ( 7 ),,320,
Cos-IQ Emily In Paris Mindy’s Sante Soft Light Moisturizer C... ₹449 25% Off Regular price ₹599. Discounted price ₹449. 25% Off. ( 24 ),,599,
"Orgatre Bright Beauty Cream with Kojic Acid, Niacinamide & H... ₹268 37% Off Regular price ₹425. Discounted price ₹268. 37% Off.  Extra 5% Off  ( 21 )",,425,
Revolution MAN Mattifying Gel Moisturiser ₹699,,699,
Votre Lightening & Brightening Day Moisturiser SPF 35 PA +++... ₹750 ( 9 ),,750,
Saffrn Acne Shield Moisturizer With Richness Of Saffron ₹699 30% Off Regular price ₹999. Discounted price ₹699. 30% Off. ( 10 ),,999,
La Pink Young Forever Anti-Aging Day Cream SPF 15 With Bakuc... ₹477 26% Off Regular price ₹645. Discounted price ₹477. 26% Off.  Extra 5% Off  ( 7 ),,645,
yuri woori Aqua Hyaluronic Moisture Cream ₹2250,NEW,2250,
TNW The Natural Wash With Pure Aloe Vera Gold Gel & Under Ey... ₹746 35% Off Regular price ₹1148. Discounted price ₹746. 35% Off. ( 4352 ),,1148,
Skiura Nature Day Cream With SPF 30 ₹299,,299,
Reith Skin Infuse Moisturizer With Carrot Ferment ₹428 10% Off Regular price ₹475. Discounted price ₹428. 10% Off. ( 3 ),,475,
"Tqs Anti Pigmentation Cream Remove Acne, Fine Lines, Wrinkle... ₹450",,450,
₹1705 45% Off Regular price ₹3100. Discounted price ₹1705. 45% Off.,,3100,Rodial Dragons Blood Sculpting Gel Mini Travel Size
Provalo Banana Light Moisturizer Barrier Repair Oil Free Gel ₹549,,549,
Oteria All Rounder Skin Day Cream With Elecampane Root Extra... ₹499  Extra 10% Off  ( 48 ),,499,1 Size
AyouthVeda Hemp Seed Youth Cream ₹499,,499,
Globus Naturals Gold Radiance Face Cream ₹200 50% Off Regular price ₹399. Discounted price ₹200. 50% Off. ( 4 ),,399,
Makeup Revolution Salicylic Balancing Moisture Gel ₹1350 10% Off Regular price ₹1500. Discounted price ₹1350. 10% Off. ( 8 ),,1500,
"Natuur Rice, Peptide & Ceramide Cream ₹850 ( 1 )",,850,
ECOVANI Organics Moisturizing Cold Cream For Glowing Skin ₹94 5% Off Regular price ₹99. Discounted price ₹94. 5% Off. ( 38 ),,99,2 Sizes
Vedix Face Moisturiser - Oily Skin - Anudha Moisturizing Fac... ₹399 20% Off Regular price ₹499. Discounted price ₹399. 20% Off. ( 13 ),,499,
Estee Lauder Re-Nutriv Ultimate Lift Regenerating Youth Mois... ₹32000  Get Complimentary Product,,32000,
Repechage Vita Cura B3 Elixir Complex Face Cream ₹13125,,13125,
Vaadi Herbals Lemongrass Anti-Pigmentation Massage Gel ₹261 10% Off Regular price ₹290. Discounted price ₹261. 10% Off.  Extra 10% Off  ( 76 ),,290,
Clarins Total Eye Lift Refill Cream ₹4800,,4800,
BOLIN Multi-Tasker Face Moisturizer For Acne Relief And Skin... ₹449 ( 1 ),,449,
Luxuri Luxuri 100% Natural Glycerine For Face And Hair Care ₹499,,499,
Oteria Sun Kissed Sun Care Gel With Aloe Vera Soothes Sun Da... ₹299  Extra 10% Off  ( 38 ),,299,2 Sizes
MATINGLORIE Probiotic Anti-Pollution Moisturizing Cream ₹461 ( 3 ),,461,
"Sunkey Hydro Moisturiser SPF 30 PA+++ With Primalhyal, Ceram... ₹449",,449,
Skiura Nature Dark Spots Corrector Cream ₹550,,550,
The Bare Bar Kumkumadi Gel Cream with Kumkumadi & Geranium ₹599 ( 3 ),,599,
Pilgrim Rosehip Oil & Vitamin C Infused Day & Night Repair C... ₹1320 20% Off Regular price ₹1650. Discounted price ₹1320. 20% Off. ( 19709 ),,1650,
JiViSa Kesara Illume Firming Facial Cream ₹499,,499,2 Sizes
Nuerma Science Coconut Cold Cream ₹399 ( 3 ),,399,
"inatur Tea Tree Gel, Non-Sticky Moisturizer, with Neem, Aloe... ₹258 14% Off Regular price ₹300. Discounted price ₹258. 14% Off. ( 12 )",,300,
TNW The Natural Wash Aloe Vera Gel + Vitaminc Face Wash + Ro... ₹973 35% Off Regular price ₹1497. Discounted price ₹973. 35% Off. ( 17298 ),,1497,
"Bioever Anti-Wrinkle, Lifting & Firming Night Cream ₹840",,840,
"Bravado Radiance Pro Day Cream, Hydrates, Firms & Protects f... ₹799 20% Off Regular price ₹999. Discounted price ₹799. 20% Off.",,999,
Vaadi Herbals Focused Face Care Kit (Contains 4 Premium Prod... ₹684 5% Off Regular price ₹718. Discounted price ₹684. 5% Off.  Extra 10% Off  ( 48624 ),,718,
Pilgrim Red Vine Dawn to Dusk Premium Ritual Combo Pack ₹1560 20% Off Regular price ₹1950. Discounted price ₹1560. 20% Off. ( 26887 ),,1950,
"Baes Club Skin Vitalising Cream With Shea Butter, Coconut Oi... ₹210 40% Off Regular price ₹350. Discounted price ₹210. 40% Off. ( 4 )",,350,
AYA Papaya Face Cream ₹215 28% Off Regular price ₹299. Discounted price ₹215. 28% Off.,,299,
Panchvati Herbals Moisturising Lotion With Herbs Cucumber Ex... ₹390 ( 6 ),,390,
Nourish Mantra Urban Raja Daily Moisturizing Cream for Smoot... ₹395 12% Off Regular price ₹449. Discounted price ₹395. 12% Off.,,449,
Oteria Time Travel Skin Cream 3% Hyaluronic Acid Reduces Fin... ₹1785 15% Off Regular price ₹2100. Discounted price ₹1785. 15% Off.  Extra 10% Off  ( 2 ),,2100,1 Size
Globus Naturals Glycolic & 1% Salicylic Acid Herbal Face Cre... ₹274 45% Off Regular price ₹499. Discounted price ₹274. 45% Off. ( 4 ),,499,
INLIFE Intense Moisturizing Lotion - Shea Butter Body Lotion... ₹349 45% Off Regular price ₹640. Discounted price ₹349. 45% Off. ( 10 ),,640,
Aloe Neem Purifying Cream ₹132 5% Off Regular price ₹139. Discounted price ₹132. 5% Off. ( 22 ),,139,1 Size
AYA Vitamin C Face Cream ₹215 28% Off Regular price ₹299. Discounted price ₹215. 28% Off. ( 4 ),,299,
TNW The Natural Wash Face Moisturizing Gel Cream & Hyaluroni... ₹714 35% Off Regular price ₹1098. Discounted price ₹714. 35% Off. ( 1376 ),,1098,
Revolution MAN Hydrating Moisturiser ₹699,,699,
Ayusoul Ayurveda Almond Aloe Vera Gel for Face & Body Skin T... ₹325 ( 1 ),,325,
The D Wave Plumping Gel Creme ₹490,,490,
VITMINVEDA Ubtan Face Cream ₹799 ( 1 ),,799,
Thalgo Nutri-Comfort Cream - Deeply Nourishes & Restores Ski... ₹4200,,4200,
"Groomd Skin Essentials Set For Men With Face Moisturizer, Fa... ₹1435",,1435,
Mizon Hyalugen Gel Le Lift Cream ₹2299,NEW,2299,
Repechage Hydra Dew Pure Elixir Balm ₹5800,,5800,
Estee Lauder Re-Nutriv Ultimate Lift Regenerating Youth Rich... ₹32000  Get Complimentary Product,,32000,
Blue Nectar Kumkumadi Serum + B&R Green Apple Combo ₹2003 13% Off Regular price ₹2290. Discounted price ₹2003. 13% Off. ( 1768 ),,2290,
TQS Kumkumadi Face Cream With Licorice & Manjistha ₹650,,650,
FORMULA 10.0.6 Thirst No More Moisturizer With Fruit Complex... ₹940 ( 3 ),,940,
Indulgeo Essentials Barrier Repair Combo ( Cera Moist + Cera... ₹2474 15% Off Regular price ₹2910. Discounted price ₹2474. 15% Off. ( 96 ),,2910,
EVE LOM Daily Rejuvenating Cream ₹14700,,14700,
Panchvati Herbals Aloe Vera Massage Cream ₹450 ( 4 ),,450,
Adhyay Nirvaan Revitalising Skin Repair Emollient For Men ₹1154 30% Off Regular price ₹1648. Discounted price ₹1154. 30% Off.,,1648,
Viah Sun Protective Hydrating Face Sunscreen Moisturiser SPF... ₹1399 20% Off Regular price ₹1749. Discounted price ₹1399. 20% Off.,,1749,
Pilgrim Essential Anti Ageing Night Care Facial Regime Kit ₹1080 20% Off Regular price ₹1350. Discounted price ₹1080. 20% Off. ( 18881 ),,1350,
Volamena Advanced Anti-Aging Night Cream ₹499 ( 10 ),,499,
Votre Firming & Lifting Day Moisturizer SPF 35 PA +++ ₹2270 ( 5 ),,2270,
La Prairie Skin Caviar Absolute Filler Volume-Enhancing Face... ₹68700,,68700,
Dear Dahlia Paradise Blooming Balm ₹3100,,3100,
Ayusoul Ayurveda Moisturizer Aloe Vera Gel for Face & Body S... ₹325 ( 1 ),,325,
"Orgatre Nourish All Day Cream SPF 30 PA++ Retinol, Vit C & N... ₹299 40% Off Regular price ₹499. Discounted price ₹299. 40% Off.  Extra 5% Off  ( 4 )",,499,
Globus Naturals Revival Diamond Face Cream ₹137 45% Off Regular price ₹249. Discounted price ₹137. 45% Off. ( 1 ),,249,4 Sizes
Volamena Ubtan Glow Cold Cream ₹399 ( 7 ),,399,
Zobha Ctm Hydration Combo - Cleansing Milk + Toner + Moistur... ₹1856 20% Off Regular price ₹2320. Discounted price ₹1856. 20% Off. ( 1 ),,2320,
Swiss Perfection Cellular Soothing Facial Lotion ₹23400,,23400,
TNW The Natural Wash BB Cream and Face Moisturizing Gel Crea... ₹714 35% Off Regular price ₹1098. Discounted price ₹714. 35% Off. ( 3110 ),,1098,
Chantecaille 24K Gold Cream Intense ₹43100,NEW,43100,
Orlane Anti-Fatigue Absolute Poly-Active Cream ₹10400,,10400,
Votre Botanical Day Gel Creme With SPF 35 PA++ Mineral Enric... ₹1350 ( 9 ),,1350,
Ayusoul Ayurveda Coffee Aloe Vera Gel for Face & Body Skin T... ₹325 ( 1 ),,325,
MARGIS INTERNATIONAL Water Based Moisturizing Cream ₹1499,,1499,
ZENUE Radiance Surge Hydrator - 360° Urban Defence Non-Greas... ₹1148 15% Off Regular price ₹1350. Discounted price ₹1148. 15% Off.,,1350,
PAC Pure Hydration Gel ₹845  Offer Available  ( 9 ),,845,
"The Bath And Care Aloe Vera Oil Control Face Gel, Pore Minim... ₹1399",,1399,
She Essentials Vitamin C Day Cream With Spf 30 With Vitamin ... ₹450,,450,
The D Wave Cell Rejuvenating Complex Night Creme ₹550,,550,
SANCTUS Hyaluronic & Vitamin C Oil-Free Face Moisturizer SPF... ₹347 30% Off Regular price ₹495. Discounted price ₹347. 30% Off.,,495,
Vedic Line Cerafresh Moist Daily Moisturizer ₹450 10% Off Regular price ₹500. Discounted price ₹450. 10% Off.,,500,
Orlane Thermo Lift Firming Care Cream ₹15600,,15600,
Nuerma Science Ubtan Nourishing Cold Cream ₹399 ( 1 ),,399,
BioExotica Body Lotion With SuperGreens ₹1199,,1199,
"Vedic Line Nourishlift Ceramide & Peptide Cream, Hydrate & M... ₹450 10% Off Regular price ₹500. Discounted price ₹450. 10% Off.",,500,
JiViSa Haridra Quench Healing Aloe Gel ₹350,,350,2 Sizes
"She Essentials Dark Spot Corrector Cream, Niacinamide & Vita... ₹450",,450,
EVE LOM TLC Cream ₹7000,,7000,
The D Wave Photolift Face Fluid ₹520,,520,
Dr. Ceuracle Cica Regen 70 Cream ₹2800,NEW,2800,
SANCTUS Blemish Removal Cream ₹410 ( 6 ),,410,
She Essentials Anti Wrinkle Face Cream With Peptide & Retino... ₹450 ( 1 ),,450,
MARGIS INTERNATIONAL Cream Based Moisturizer ₹1499,,1499,
She Essentials Anti Ageing Cream Vitamin C & Hyaluronic Acid ₹450 ( 1 ),,450,
TNW The Natural Wash Face Moisturizing Gel Cream & Vitamin C... ₹616 35% Off Regular price ₹948. Discounted price ₹616. 35% Off. ( 2640 ),,948,
Nuerma Science Saffron Cold Cream ₹399,,399,
TBC - The Bath and Care Aloe Vera Gel ₹499,,499,
HerbAush Fruit Khoob Face Cream Glow Revival Nourishing Mois... ₹485,,485,
TBC - The Bath and Care Yoga Quench Water Cream Moisturizer ₹2499,,2499,
Votre Multi Vitamin & Rejuvenating Day Moisturiser Spf 35 Pa... ₹2250 ( 2 ),,2250,
"The Bath And Care Aqua Revive Rice Water Gel, Hydration & Ra... ₹1199",,1199,
Nuerma Science Vitamin C Cold Cream ₹399,,399,
IT COSMETICS Confidence In A Gel Cream ₹5500,NEW,5500,
TNW The Natural Wash BB Cream and Pure Aloe Vera Gold Gel fo... ₹681 35% Off Regular price ₹1048. Discounted price ₹681. 35% Off. ( 4060 ),,1048,
Dr. Ceuracle Tea Tree Purifine 80 Cream ₹3200,NEW,3200,
TNW The Natural Wash Beetroot Lip Balm & Face Moisturizing G... ₹584 35% Off Regular price ₹898. Discounted price ₹584. 35% Off. ( 4806 ),,898,
EVE LOM Daily Protection Sunscreen SPF 50 ₹8700,,8700,
TNW The Natural Wash Face Moisturizing Gel Cream & Green Tea... ₹616 35% Off Regular price ₹948. Discounted price ₹616. 35% Off. ( 1962 ),,948,
Verso Skincare Daily Glow Cream ₹4700,,4700,
ILEM Japan Light Moisturizer Refill Pack ₹2375 5% Off Regular price ₹2500. Discounted price ₹2375. 5% Off.,NEW,2500,
EVE LOM Moisture Cream ₹9900 ( 1 ),,9900,
Dr. Ceuracle 5A Control Clearing Cream ₹3900,NEW,3900,
Bee Natural Hydrating Body lotion ₹570,,570,
Groomd Skin Indulgence Gift Set For Men With Face Moisturize... ₹1595,,1595,
Bioever Brightening Complex SPF 15+ Day Cream ₹770,,770,
Verso Skincare Nourishing Cream ₹8300,,8300,
Repechage Opti-Firm Lift Face Cream ₹6020,,6020,
Zobha Apple Berry Foaming Facewash ₹479 20% Off Regular price ₹599. Discounted price ₹479. 20% Off. ( 1 ),,599,
Nuutjob Black Tea Face Cream With SPF 30 For Men ₹499,,499,
Orlane Lotion Dry To Sensitive Skin ₹2600,,2600,
Verso Skincare Dark Spot Fix Cream ₹8800,,8800,
Verso Skincare Clarifying Gel ₹8600,,8600,
Verso Skincare Day Cream SPF 30 ₹8300,,8300,
EVE LOM Moisture Mask ₹7600,,7600,
Sereko Hydra Crème 100H Moisturizer For Dry Skin With Cerami... ₹1008 16% Off Regular price ₹1200. Discounted price ₹1008. 16% Off.,NEW,1200,1 Size
"Garnier Fresh & Bright Vitamin C Sorbet Moisturizer, 4.5% Vi... ₹269 10% Off Regular price ₹299. Discounted price ₹269. 10% Off.",NEW,299,2 Sizes
"Garnier Fresh & Plump Niacinamide Sorbet Moisturizer, 4.5% N... ₹269 10% Off Regular price ₹299. Discounted price ₹269. 10% Off.",NEW,299,2 Sizes
"Garnier Fresh & Matte Salicylic Acid Sorbet Moisturizer, 4.5... ₹269 10% Off Regular price ₹299. Discounted price ₹269. 10% Off.",NEW,299,2 Sizes
Out Of Stock LANEIGE Water Bank Blue Hyaluronic Cream Moisturizer ₹3050 ( 1591 ),,3050,2 Sizes
Out Of Stock Illiyoon Ceramide Ato Concentrate Cream ₹560 ( 117 ),,560,1 Size
Out Of Stock SKIN1004 Madagascar Centella Soothing Cream ₹664 5% Off Regular price ₹699. Discounted price ₹664. 5% Off. ( 170 ),,699,1 Size
Out Of Stock Anua Rice 70 Intensive Moisturizing Milk with Niacinamide & ... ₹2050 ( 45 ),,2050,
Out Of Stock COSRX Hyaluronic Acid Intensive Cream ₹1650 ( 660 ),,1650,
Out Of Stock The Derma Co 4% Ceramide Barrier Repair Moisturizer ₹293 16% Off Regular price ₹349. Discounted price ₹293. 16% Off. ( 900 ),,349,
Out Of Stock Aestura Atobarrier365 Hydro Soothing Cream ₹2000 ( 47 ),,2000,
"Out Of Stock d'Alba piedmont Double Serum All In One Multi Balm, Vegan, V... ₹2100 ( 6 )",,2100,
Out Of Stock Plix Watermelon SPF PA++++ 50 Protect & Hydrate 2 In 1 Moist... ₹297 46% Off Regular price ₹550. Discounted price ₹297. 46% Off. ( 186 ),,550,
Out Of Stock Dot & Key Glow Bomb Gift Set- Pack of 4 ₹1599 ( 190 ),,1599,
Out Of Stock Aestura Atobarrier365 Lotion ₹1600 ( 36 ),,1600,
Out Of Stock LANEIGE Water Bank Blue Hyaluronic Intensive Moisturizer ₹3050 ( 99 ),,3050,2 Sizes
"Out Of Stock Dot & Key 72HR Hydrating Gel Moisturizer + Probiotics, 5 Cer... ₹195 ( 1437 )",,195,
"Out Of Stock Biluma Skin Brightening Cream, Vitamin E, Helps Get Bright S... ₹610 10% Off Regular price ₹678. Discounted price ₹610. 10% Off. ( 76 )",,678,
"Out Of Stock Anua Peach 77 Niacin Enriched Cream with Collagen, Niacinami... ₹2500 ( 10 )",,2500,
Out Of Stock The Derma Co 5% Nia-Ceramide Deep Moisturizing Cream for Dry... ₹391 13% Off Regular price ₹449. Discounted price ₹391. 13% Off. ( 390 ),,449,
Out Of Stock Numbuzin No.1 Pantothenic B5 Active Soothing Cream ₹2250 ( 30 ),,2250,
Out Of Stock It's Skin Collagen Nutrition Emulsion ₹1100 ( 404 ),,1100,
Out Of Stock Plum Bright Years All-Day Defence SPF 50 PA++++ Sunscreen Fo... ₹788 10% Off Regular price ₹875. Discounted price ₹788. 10% Off. ( 1238 ),,875,
Out Of Stock Gabit Ceramide & Hyaluronic Acid Face Moisturiser With Vitam... ₹390 5% Off Regular price ₹410. Discounted price ₹390. 5% Off. ( 402 ),,410,
Out Of Stock Colorbar Spotlight Illuminating Lotion ₹808 15% Off Regular price ₹950. Discounted price ₹808. 15% Off. ( 6805 ),,950,
"Out Of Stock Melblok Pigmentation Control Day Cream - SPF 50+, PA++++ ₹1850 ( 34 )",,1850,
Out Of Stock The Derma Co 5% Cica-glow Moisturizer With Alpha Arbutin & T... ₹297 15% Off Regular price ₹349. Discounted price ₹297. 15% Off. ( 2638 ),,349,
Out Of Stock Shiseido Vital Perfection Concentarted Supreme Cream ₹5160 40% Off Regular price ₹8600. Discounted price ₹5160. 40% Off. ( 1 ),,8600,1 Size
Out Of Stock CeraVe SA Smoothing Cream for exfoliating Rough & Bumpy Skin... ₹1023 7% Off Regular price ₹1100. Discounted price ₹1023. 7% Off. ( 20 ),,1100,
Out Of Stock The Body Shop Vitamin E Gel Moisture Cream ₹802 30% Off Regular price ₹1145. Discounted price ₹802. 30% Off. ( 811 ),,1145,
"Out Of Stock Melblok Pigmentaiton Control Moisturizing Cream, SPF 15 ₹1499 ( 11 )",,1499,
Out Of Stock Pilgrim Tea Tree Light Non-Oily Moisturizer ₹234 15% Off Regular price ₹275. Discounted price ₹234. 15% Off. ( 683 ),,275,
Out Of Stock Clarins Bright Plus Gel Cream ₹6300 ( 3 ),,6300,
Out Of Stock Lancome Tonique Confort Moisturizing Day Cream For Her ₹2500 ( 2 ),,2500,
Out Of Stock First Aid Beauty Ultra Repair Cream ₹2050 ( 12 ),,2050,1 Size
Out Of Stock The Body Shop Seaweed Oil Control Gel Cream ₹955 29% Off Regular price ₹1345. Discounted price ₹955. 29% Off. ( 193 ),,1345,
Out Of Stock Lotus Herbals WhiteGlow Skin Whitening & Brightening Massage... ₹414 12% Off Regular price ₹470. Discounted price ₹414. 12% Off. ( 1627 ),,470,
Out Of Stock Mamaearth Vitamin C Daily Glow Light Moisturizing Cream ₹149 ( 126 ),,149,
Out Of Stock Colorbar Miracle Glow Moisturiser ₹2500 ( 64 ),,2500,
Out Of Stock Pilgrim Squalane Under Eye Cream with Phyto-Retinol & Caffei... ₹340 15% Off Regular price ₹400. Discounted price ₹340. 15% Off. ( 1151 ),,400,
Out Of Stock The Derma Co 2% Hydrating BB Cream with Niacinamide and SPF ... ₹351 12% Off Regular price ₹399. Discounted price ₹351. 12% Off. ( 4423 ),,399,
Out Of Stock Mamaearth Aqua Glow Gel Face Moisturizer With Himalayan Ther... ₹629 10% Off Regular price ₹699. Discounted price ₹629. 10% Off. ( 1736 ),,699,
Out Of Stock Quench 92% Snail Mucin Collagen Boost Moisturizer ₹224 10% Off Regular price ₹249. Discounted price ₹224. 10% Off. ( 999 ),,249,
Out Of Stock Conscious Chemist Vitamin C Lightweight Gel Moisturiser With... ₹389 35% Off Regular price ₹599. Discounted price ₹389. 35% Off. ( 489 ),,599,
Out Of Stock Obagi Hydrate Luxe For Intense Hydration & Rejuvenated Compl... ₹8500 ( 2 ),,8500,
Out Of Stock Clinique Moisture Surge SPF 25 Sheer Hydrator(Moisturiser + ... ₹2450 ( 364 ),,2450,
Out Of Stock Clarins Extra Firming Night Cream Refill - All Skin Type ₹5800 ( 1 ),,5800,
"Out Of Stock Juicy Chemistry Aloe Vera Gel For Face, Hair & Body ₹449 ( 205 )",,449,
Out Of Stock VT Cosmetics PDRN Essence Stick Balm ₹1784 15% Off Regular price ₹2099. Discounted price ₹1784. 15% Off. ( 2 ),,2099,
Out Of Stock TONYMOLY Korean The Chok Chok Green Tea Watery Cream ₹2250 ( 352 ),,2250,1 Size
Out Of Stock Guerlain Abeille Royale Day Cream Jar ₹16600,,16600,
Out Of Stock Fixderma Nigrifix Advance Cream ₹468 15% Off Regular price ₹550. Discounted price ₹468. 15% Off.,,550,
Out Of Stock Proven Honest Derma (PHD) Niacinamide Oil-Free Sunscreen SPF... ₹446 10% Off Regular price ₹495. Discounted price ₹446. 10% Off. ( 20 ),,495,
Out Of Stock Pilgrim White Lotus & Retinol Day & Night Repair Combo - Red... ₹1280 20% Off Regular price ₹1600. Discounted price ₹1280. 20% Off. ( 24899 ),,1600,
"Out Of Stock Melblok Pigmentation Control Day & Night System - SPF 50+, P... ₹2950 ( 40 )",,2950,
Out Of Stock Guerlain Abeille Royale Bee Glow Moisturizer Pump Bottle ₹11100,,11100,
Out Of Stock Biotique Rice Water & Niacinamide Gel Moisturizer ₹240 20% Off Regular price ₹300. Discounted price ₹240. 20% Off. ( 722 ),,300,
Out Of Stock Lotus Herbals Radiance Boost Ubtan Face Cream SPF 20 ₹374 12% Off Regular price ₹425. Discounted price ₹374. 12% Off. ( 733 ),,425,
Out Of Stock Lotus Herbal Sheamoist Shea Butter & Real Strawberry 24hr Mo... ₹216 12% Off Regular price ₹245. Discounted price ₹216. 12% Off. ( 6929 ),,245,1 Size
Out Of Stock Guerlain Abeille Royale Clarify & Repair Cream ₹17500 ( 1 ),,17500,
Out Of Stock Aqualogica Glow+ Milk Fluid Moisturizer With Papaya & Vitami... ₹359 20% Off Regular price ₹449. Discounted price ₹359. 20% Off. ( 59 ),,449,
Out Of Stock DR. RASHEL Vitamin C Face Cream ₹239 20% Off Regular price ₹299. Discounted price ₹239. 20% Off. ( 11 ),,299,
Out Of Stock Spawake Brightening Solution Milky Smooth Day Moisturiser ₹399 ( 59 ),,399,
Out Of Stock Aqualogica 5 Barrier+ Milk Fluid Moisturizer With Avocado & ... ₹382 15% Off Regular price ₹449. Discounted price ₹382. 15% Off. ( 20 ),,449,
Out Of Stock Keya Seth Aromatherapy Fair & Bright Day Cream for Brighter ... ₹297 10% Off Regular price ₹330. Discounted price ₹297. 10% Off. ( 159 ),,330,
Out Of Stock Jeva Papaya Gel Acne Control Reduces Wrinkles and Clears Pig... ₹165 49% Off Regular price ₹325. Discounted price ₹165. 49% Off. ( 117 ),,325,
Out Of Stock The Face Shop Alltimate Panthenol 2.5% Cream with Ceramide -... ₹1549 ( 5 ),,1549,
Out Of Stock Mamaearth Beetroot Hydraful Light Moisturizing Cream ₹149 ( 98 ),,149,
Out Of Stock Lotus Herbal Alphamoist Alpha Hydroxy Skin Renewal Oilfree M... ₹374 12% Off Regular price ₹425. Discounted price ₹374. 12% Off. ( 2230 ),,425,1 Size
Out Of Stock Keya Seth Aromatherapy Stopage V - The Age Reversal Complex ... ₹1034 10% Off Regular price ₹1149. Discounted price ₹1034. 10% Off. ( 41 ),,1149,
Out Of Stock Aqualogica 5 Barrier+ Repair Moisturizer With Avocado & 5 Es... ₹351 12% Off Regular price ₹399. Discounted price ₹351. 12% Off. ( 171 ),,399,
Out Of Stock Lotus Dermabotanics Barrier Revive Moisturiser 1.5% Cermaide... ₹329 10% Off Regular price ₹365. Discounted price ₹329. 10% Off. ( 5 ),,365,
Out Of Stock Shiseido Treatment Softener - For Normal And Combination To ... ₹2160 40% Off Regular price ₹3600. Discounted price ₹2160. 40% Off. ( 11 ),,3600,
"Out Of Stock Suganda Calendula Oat Cream - Heals Dry & Eczmea Skin, Nouri... ₹750 ( 195 )",,750,
Out Of Stock Aroma Care Pro VITAMIN C Day Cream ₹899 ( 13 ),,899,
Out Of Stock DR. RASHEL Vitamin C Day Cream ₹209 30% Off Regular price ₹299. Discounted price ₹209. 30% Off. ( 7 ),,299,
Out Of Stock Solved Labs Reset Pepti-Retinal Renewing Cream ₹799,,799,
Out Of Stock Pilgrim Ultra Matte Spf 50 Pa+++ Non-greasy & No White Cast ... ₹665 5% Off Regular price ₹700. Discounted price ₹665. 5% Off. ( 392 ),,700,
"Out Of Stock Mystiq Living Aloe Vera Gel for Face, Hair & Skin, 100% Pure... ₹263 12% Off Regular price ₹299. Discounted price ₹263. 12% Off. ( 86 )",,299,
Out Of Stock It's Skin V7 Hyaluronic Moisturizer ₹1790 ( 2 ),,1790,
Out Of Stock SoulTree Nourishing Cream - Saffron & Almond Oil with Natura... ₹1495 ( 88 ),,1495,
Out Of Stock Shahnaz Husain Plant Stem Cell Skin Renewal Cream ₹2900 ( 6 ),,2900,
Out Of Stock Jeva Fruit Cream - Ultra Moisturizing & Nourishing Care for ... ₹159 51% Off Regular price ₹325. Discounted price ₹159. 51% Off. ( 158 ),,325,
Out Of Stock Re'equil Matte Skin Lovers Combo ₹977 10% Off Regular price ₹1085. Discounted price ₹977. 10% Off. ( 47150 ),,1085,
Out Of Stock Swiss Beauty Moisture Boost Mist ₹239 20% Off Regular price ₹299. Discounted price ₹239. 20% Off. ( 12 ),,299,
Out Of Stock Fixderma Complete Skincare Kit For Hyperpigmentation ₹1667 20% Off Regular price ₹2080. Discounted price ₹1667. 20% Off. ( 20641 ),,2080,
Out Of Stock Fixderma Complete Skincare Kit For Hyperpigmentation ₹1667 20% Off Regular price ₹2080. Discounted price ₹1667. 20% Off. ( 20641 ),,2080,
Out Of Stock Kapiva Skin Rituals Aloe Rose Gel for Sunburn Relief & Hydra... ₹399 ( 80 ),,399,
Out Of Stock Nature's Essence Facialist Daily Brightening Cream with Alph... ₹267 18% Off Regular price ₹325. Discounted price ₹267. 18% Off. ( 102 ),,325,
Out Of Stock Nuerma Science Skin Whitening Cream ₹399 ( 13 ),,399,
Out Of Stock Streax Hydrate & Shine Serum Infused Face Cream Gel ₹187 25% Off Regular price ₹249. Discounted price ₹187. 25% Off. ( 171 ),,249,
Out Of Stock Deconstruct Daily Radiance Boosting Duo - Brightening Face W... ₹614 12% Off Regular price ₹698. Discounted price ₹614. 12% Off. ( 5731 ),,698,
Out Of Stock Dermavive Dry Skin Face Cream With Natural Colloidal Oatmeal... ₹1000 ( 5 ),,1000,
Out Of Stock Moisawave Moisturizing Cream For Face and Hands ₹438 ( 19 ),,438,
Out Of Stock Uriage Eau Thermale Hydrating Light Water Face Cream Hyaluro... ₹1700 ( 2 ),,1700,
Out Of Stock Nature's Essence Professional Facialist Glow Booster Day Cre... ₹267 18% Off Regular price ₹325. Discounted price ₹267. 18% Off. ( 13 ),,325,
Out Of Stock Blue Nectar Shata Dhauta Ghrita Face Cream for Men ₹1895 5% Off Regular price ₹1995. Discounted price ₹1895. 5% Off. ( 5 ),,1995,
Out Of Stock DR. RASHEL Ubtan Day Cream ₹239 20% Off Regular price ₹299. Discounted price ₹239. 20% Off. ( 1 ),,299,
Out Of Stock Nature's Essence Facialist Age Renewal Cream with PRO Retino... ₹287 18% Off Regular price ₹350. Discounted price ₹287. 18% Off. ( 47 ),,350,
Out Of Stock Orgatre Smooth And Glow Cold Cream Deep Hydration With Avaca... ₹118 30% Off Regular price ₹169. Discounted price ₹118. 30% Off. ( 26 ),,169,
Out Of Stock Biluma Skin Nourishing Day Regime ₹1824 16% Off Regular price ₹2171. Discounted price ₹1824. 16% Off. ( 1204 ),,2171,
Out Of Stock Blue Nectar Vitamin C Oil Free Cream for Oily & Acne Prone S... ₹1040 5% Off Regular price ₹1095. Discounted price ₹1040. 5% Off. ( 2 ),,1095,
Out Of Stock DR. RASHEL White Skin Face Night Cream ₹150 50% Off Regular price ₹299. Discounted price ₹150. 50% Off.,,299,
Out Of Stock Moha Face Moisturiser For Oily Skin ₹440 20% Off Regular price ₹550. Discounted price ₹440. 20% Off. ( 3 ),,550,
Out Of Stock manyo Bifida Biome Ampoule Lotion ₹2050 ( 11 ),,2050,
Out Of Stock Nature's Essence Facialist Radiance Boosting Cream with 24K ... ₹287 18% Off Regular price ₹350. Discounted price ₹287. 18% Off. ( 59 ),,350,
Out Of Stock LASHIKA Regen Anti-Wrinkle Cream Youthful Skin ₹463 20% Off Regular price ₹579. Discounted price ₹463. 20% Off. ( 16 ),,579,
"Out Of Stock BAKE 2% Peptide Complex Moisturizer with Polyglutamic Acid, ... ₹382 15% Off Regular price ₹449. Discounted price ₹382. 15% Off. ( 39 )",,449,
Out Of Stock Keya Seth Aromatherapy Skin Defence Orange Cream - Pack of 2 ₹288 10% Off Regular price ₹320. Discounted price ₹288. 10% Off. ( 6 ),,320,
Out Of Stock DR. RASHEL White Skin Day Cream ₹150 50% Off Regular price ₹299. Discounted price ₹150. 50% Off. ( 1 ),,299,
Out Of Stock Dermafique Regimen For Normal To Oily Skin Combo ₹1419 10% Off Regular price ₹1577. Discounted price ₹1419. 10% Off. ( 9405 ),,1577,
Out Of Stock Pilgrim Tea Tree Light Non-Oily Moisturizer - Pack Of 2 ₹440 20% Off Regular price ₹550. Discounted price ₹440. 20% Off. ( 1366 ),,550,
Out Of Stock Biluma Best Selling Brightening Combo ₹1206 16% Off Regular price ₹1436. Discounted price ₹1206. 16% Off. ( 1278 ),,1436,
Out Of Stock ECOVANI Underarm After Wax/shave Skin Repair Gel - Anti Rash... ₹260 20% Off Regular price ₹325. Discounted price ₹260. 20% Off. ( 5 ),,325,
Out Of Stock Diego dalla Palma Milano H20 3Acti-Matrispheres & Hyaluronic... ₹2890 ( 2 ),,2890,
"Out Of Stock Orgatre Reduces Wrinkles & Fine Lines, Anti-Aging Night Crea... ₹318 42% Off Regular price ₹549. Discounted price ₹318. 42% Off. ( 21 )",,549,
Out Of Stock Soulflower Ceramide Face Moisturizer for Dry To Normal Skin ... ₹315 10% Off Regular price ₹350. Discounted price ₹315. 10% Off. ( 89 ),,350,
Out Of Stock Spring H2O Youth Lift Glow Perfection Skin Brightening Cream ₹279 30% Off Regular price ₹399. Discounted price ₹279. 30% Off. ( 1 ),,399,
Out Of Stock Cos-IQ Emily In Paris Gabriel's Merci Soft Light Moisturizer... ₹449 25% Off Regular price ₹599. Discounted price ₹449. 25% Off. ( 23 ),,599,
Out Of Stock Indus Valley Bio Organic Aloe Vera Gel and Sandalwood Face P... ₹648 ( 15438 ),,648,
Out Of Stock LASHIKA Eternal Daily Moisturiser ₹276 20% Off Regular price ₹345. Discounted price ₹276. 20% Off. ( 1 ),,345,
"Out Of Stock Oil Control Mattifying Moisturizer with Green Tea, Coconut W... ₹200 ( 33 )",,200,
Out Of Stock Nature's Essence Pro Retinol Skin Care Set ₹647 19% Off Regular price ₹800. Discounted price ₹647. 19% Off. ( 400 ),,800,
Out Of Stock BOLIN Brightening & Glowing Vitamin C Face Moisturizer ₹449 ( 2 ),,449,
Out Of Stock Moody 5% Vitamin C Brightening Face MoisturizerWith Mandarin... ₹521 25% Off Regular price ₹695. Discounted price ₹521. 25% Off. ( 109 ),,695,
Out Of Stock Ayusoul Ayurveda Detan Gel for Face & Body Skin Treatment ₹325,,325,
Out Of Stock ARISH BIO-NATURAL Mango Honey Massage Cream ₹257 10% Off Regular price ₹285. Discounted price ₹257. 10% Off.,,285,
Out Of Stock RAWLS Tan Care Cream ₹813 35% Off Regular price ₹1250. Discounted price ₹813. 35% Off. ( 2 ),,1250,
Out Of Stock COSDERMA Glycolight Face Cream ₹565,,565,
Out Of Stock Passion Indulge Papain D10 Hydra Gel Natural & Vegan Moistur... ₹360 20% Off Regular price ₹450. Discounted price ₹360. 20% Off. ( 4 ),,450,
Out Of Stock IDUN Minerals Smoothing All-In-One Face Cream ₹2500,,2500,
Out Of Stock Ayusoul Ayurveda Honey Aloe Vera Gel for Face & Body Skin Tr... ₹325,,325,
Out Of Stock IDUN Minerals Ultra Light Daily Face Cream ₹2800,,2800,
Out Of Stock CAVIAR OF SWITZERLAND 24H Regeneration Cream ₹15200,,15200,
Out Of Stock Swiss Perfection Cellular Perfect Lift Cream ₹57200,,57200,
Out Of Stock Orlane Oligo Vitamin Antioxidant Cream ₹6700,,6700,
Out Of Stock Verso Skincare Daily Facial Fluid ₹8600,,8600,
