Name,Old Price,New Price,Change
"Plum 10% Niacinamide Brightening Face Serum with Rice Water,... ₹560 15% Off Regular price ₹659. Discounted price ₹560. 15% Off.  Enjoy Free Gift  ( 119120 )",249,659,410
"Plum 10% Niacinamide Brightening Face Serum with Rice Water,... ₹560 15% Off Regular price ₹659. Discounted price ₹560. 15% Off.  Enjoy Free Gift  ( 119120 )",249,659,410
"Plum 10% Niacinamide Brightening Face Serum with Rice Water,... ₹560 15% Off Regular price ₹659. Discounted price ₹560. 15% Off.  Enjoy Free Gift  ( 119120 )",249,659,410
"Plum 10% Niacinamide Brightening Face Serum with Rice Water,... ₹560 15% Off Regular price ₹659. Discounted price ₹560. 15% Off.  Enjoy Free Gift  ( 119120 )",698,659,-39
"Plum 10% Niacinamide Brightening Face Serum with Rice Water,... ₹560 15% Off Regular price ₹659. Discounted price ₹560. 15% Off.  Enjoy Free Gift  ( 119120 )",698,659,-39
"Plum 10% Niacinamide Brightening Face Serum with Rice Water,... ₹560 15% Off Regular price ₹659. Discounted price ₹560. 15% Off.  Enjoy Free Gift  ( 119120 )",698,659,-39
"Plum 10% Niacinamide Brightening Face Serum with Rice Water,... ₹560 15% Off Regular price ₹659. Discounted price ₹560. 15% Off.  Enjoy Free Gift  ( 119120 )",698,659,-39
The Pink Foundry Dark Spot & Hyperpigmentation Face Serum ₹404 10% Off Regular price ₹449. Discounted price ₹404. 10% Off.  Extra 5% Off  ( 2602 ),849,449,-400
The Pink Foundry Dark Spot & Hyperpigmentation Face Serum ₹404 10% Off Regular price ₹449. Discounted price ₹404. 10% Off.  Extra 5% Off  ( 2602 ),849,449,-400
The Pink Foundry Dark Spot & Hyperpigmentation Face Serum ₹404 10% Off Regular price ₹449. Discounted price ₹404. 10% Off.  Extra 5% Off  ( 2602 ),849,449,-400
The Pink Foundry Dark Spot & Hyperpigmentation Face Serum ₹404 10% Off Regular price ₹449. Discounted price ₹404. 10% Off.  Extra 5% Off  ( 2602 ),849,449,-400
The Pink Foundry Dark Spot & Hyperpigmentation Face Serum ₹404 10% Off Regular price ₹449. Discounted price ₹404. 10% Off.  Extra 5% Off  ( 2602 ),849,449,-400
The Pink Foundry Dark Spot & Hyperpigmentation Face Serum ₹404 10% Off Regular price ₹449. Discounted price ₹404. 10% Off.  Extra 5% Off  ( 2602 ),849,449,-400
The Pink Foundry Dark Spot & Hyperpigmentation Face Serum ₹404 10% Off Regular price ₹449. Discounted price ₹404. 10% Off.  Extra 5% Off  ( 2602 ),849,449,-400
The Pink Foundry Dark Spot & Hyperpigmentation Face Serum ₹404 10% Off Regular price ₹449. Discounted price ₹404. 10% Off.  Extra 5% Off  ( 2602 ),849,449,-400
Uriage Depiderm 20% Vitamin C Anti-Dark Spot Serum Reduces H... ₹3000 ( 19 ),3200,3000,-200
Uriage Depiderm 20% Vitamin C Anti-Dark Spot Serum Reduces H... ₹3000 ( 19 ),3200,3000,-200
Uriage Depiderm 20% Vitamin C Anti-Dark Spot Serum Reduces H... ₹3000 ( 19 ),3200,3000,-200
Uriage Depiderm 20% Vitamin C Anti-Dark Spot Serum Reduces H... ₹3000 ( 19 ),3200,3000,-200
Estee Lauder Advanced Night Repair Synchronized Multi-Recove... ₹4500  Get Complimentary Product  ( 55686 ),1250,4500,3250
Estee Lauder Advanced Night Repair Synchronized Multi-Recove... ₹4500  Get Complimentary Product  ( 55686 ),1250,4500,3250
Estee Lauder Advanced Night Repair Synchronized Multi-Recove... ₹4500  Get Complimentary Product  ( 55686 ),1250,4500,3250
Estee Lauder Advanced Night Repair Synchronized Multi-Recove... ₹4500  Get Complimentary Product  ( 55686 ),1250,4500,3250
Estee Lauder Advanced Night Repair Synchronized Multi-Recove... ₹4500  Get Complimentary Product  ( 55686 ),8800,4500,-4300
Estee Lauder Advanced Night Repair Synchronized Multi-Recove... ₹4500  Get Complimentary Product  ( 55686 ),8800,4500,-4300
Estee Lauder Advanced Night Repair Synchronized Multi-Recove... ₹4500  Get Complimentary Product  ( 55686 ),9000,4500,-4500
Estee Lauder Advanced Night Repair Synchronized Multi-Recove... ₹4500  Get Complimentary Product  ( 55686 ),9000,4500,-4500
Estee Lauder Advanced Night Repair Synchronized Multi-Recove... ₹4500  Get Complimentary Product  ( 55686 ),9000,4500,-4500
Estee Lauder Advanced Night Repair Synchronized Multi-Recove... ₹4500  Get Complimentary Product  ( 55686 ),9000,4500,-4500
Neutrogena Hydro Boost Hyaluronic Acid Water Gel Light Face ... ₹1071 10% Off Regular price ₹1190. Discounted price ₹1071. 10% Off. ( 152479 ),990,1190,200
Neutrogena Hydro Boost Hyaluronic Acid Water Gel Light Face ... ₹1071 10% Off Regular price ₹1190. Discounted price ₹1071. 10% Off. ( 152479 ),990,1190,200
Neutrogena Hydro Boost Hyaluronic Acid Water Gel Light Face ... ₹1071 10% Off Regular price ₹1190. Discounted price ₹1071. 10% Off. ( 152479 ),990,1190,200
Neutrogena Hydro Boost Hyaluronic Acid Water Gel Light Face ... ₹1071 10% Off Regular price ₹1190. Discounted price ₹1071. 10% Off. ( 152479 ),990,1190,200
Neutrogena Hydro Boost Hyaluronic Acid Water Gel Light Face ... ₹1071 10% Off Regular price ₹1190. Discounted price ₹1071. 10% Off. ( 152479 ),1315,1190,-125
Neutrogena Hydro Boost Hyaluronic Acid Water Gel Light Face ... ₹1071 10% Off Regular price ₹1190. Discounted price ₹1071. 10% Off. ( 152479 ),1315,1190,-125
Neutrogena Hydro Boost Hyaluronic Acid Water Gel Light Face ... ₹1071 10% Off Regular price ₹1190. Discounted price ₹1071. 10% Off. ( 152479 ),1315,1190,-125
Neutrogena Hydro Boost Hyaluronic Acid Water Gel Light Face ... ₹1071 10% Off Regular price ₹1190. Discounted price ₹1071. 10% Off. ( 152479 ),1315,1190,-125
Neutrogena Hydro Boost Hyaluronic Acid Water Gel Light Face ... ₹1071 10% Off Regular price ₹1190. Discounted price ₹1071. 10% Off. ( 152479 ),1355,1190,-165
Neutrogena Hydro Boost Hyaluronic Acid Water Gel Light Face ... ₹1071 10% Off Regular price ₹1190. Discounted price ₹1071. 10% Off. ( 152479 ),1355,1190,-165
Neutrogena Hydro Boost Hyaluronic Acid Water Gel Light Face ... ₹1071 10% Off Regular price ₹1190. Discounted price ₹1071. 10% Off. ( 152479 ),1355,1190,-165
Neutrogena Hydro Boost Hyaluronic Acid Water Gel Light Face ... ₹1071 10% Off Regular price ₹1190. Discounted price ₹1071. 10% Off. ( 152479 ),1355,1190,-165
Minimalist 10% Niacinamide Face Serum With Matmarine + Zinc ... ₹569 5% Off Regular price ₹599. Discounted price ₹569. 5% Off.  Enjoy Complimentary Gift  ( 123159 ),249,599,350
Minimalist 10% Niacinamide Face Serum With Matmarine + Zinc ... ₹569 5% Off Regular price ₹599. Discounted price ₹569. 5% Off.  Enjoy Complimentary Gift  ( 123159 ),249,599,350
Minimalist 10% Niacinamide Face Serum With Matmarine + Zinc ... ₹569 5% Off Regular price ₹599. Discounted price ₹569. 5% Off.  Enjoy Complimentary Gift  ( 123159 ),249,599,350
Minimalist 10% Niacinamide Face Serum With Matmarine + Zinc ... ₹569 5% Off Regular price ₹599. Discounted price ₹569. 5% Off.  Enjoy Complimentary Gift  ( 123159 ),249,599,350
Estee Lauder Revitalizing Supreme+ Youth Power Creme Moistur... ₹12300  Get Complimentary Product  ( 3141 ),11100,12300,1200
Estee Lauder Revitalizing Supreme+ Youth Power Creme Moistur... ₹12300  Get Complimentary Product  ( 3141 ),11100,12300,1200
Estee Lauder Revitalizing Supreme+ Youth Power Creme Moistur... ₹12300  Get Complimentary Product  ( 3141 ),11100,12300,1200
Estee Lauder Revitalizing Supreme+ Youth Power Creme Moistur... ₹12300  Get Complimentary Product  ( 3141 ),11100,12300,1200
Estee Lauder Revitalizing Supreme+ Youth Power Creme Moistur... ₹12300  Get Complimentary Product  ( 3141 ),11100,12300,1200
Estee Lauder Revitalizing Supreme+ Youth Power Creme Moistur... ₹12300  Get Complimentary Product  ( 3141 ),11100,12300,1200
Estee Lauder Revitalizing Supreme+ Youth Power Creme Moistur... ₹12300  Get Complimentary Product  ( 3141 ),11100,12300,1200
Estee Lauder Revitalizing Supreme+ Youth Power Creme Moistur... ₹12300  Get Complimentary Product  ( 3141 ),11100,12300,1200
Estee Lauder Revitalizing Supreme+ Youth Power Creme Moistur... ₹12300  Get Complimentary Product  ( 3141 ),11600,12300,700
Estee Lauder Revitalizing Supreme+ Youth Power Creme Moistur... ₹12300  Get Complimentary Product  ( 3141 ),11600,12300,700
Estee Lauder Revitalizing Supreme+ Youth Power Creme Moistur... ₹12300  Get Complimentary Product  ( 3141 ),11600,12300,700
Estee Lauder Revitalizing Supreme+ Youth Power Creme Moistur... ₹12300  Get Complimentary Product  ( 3141 ),11600,12300,700
Dr. Sheth's Ceramide & Vitamin C Oil - Free Moisturizer to H... ₹455 24% Off Regular price ₹599. Discounted price ₹455. 24% Off. ( 48362 ),349,599,250
Dr. Sheth's Ceramide & Vitamin C Oil - Free Moisturizer to H... ₹455 24% Off Regular price ₹599. Discounted price ₹455. 24% Off. ( 48362 ),349,599,250
Dr. Sheth's Ceramide & Vitamin C Oil - Free Moisturizer to H... ₹455 24% Off Regular price ₹599. Discounted price ₹455. 24% Off. ( 48362 ),349,599,250
Dr. Sheth's Ceramide & Vitamin C Oil - Free Moisturizer to H... ₹455 24% Off Regular price ₹599. Discounted price ₹455. 24% Off. ( 48362 ),349,599,250
Ponds Super Light Gel Oil Free Moisturiser With Hyaluronic A... ₹498 40% Off Regular price ₹830. Discounted price ₹498. 40% Off. ( 649869 ),923,830,-93
Ponds Super Light Gel Oil Free Moisturiser With Hyaluronic A... ₹498 40% Off Regular price ₹830. Discounted price ₹498. 40% Off. ( 649869 ),923,830,-93
Ponds Super Light Gel Oil Free Moisturiser With Hyaluronic A... ₹498 40% Off Regular price ₹830. Discounted price ₹498. 40% Off. ( 649869 ),923,830,-93
Ponds Super Light Gel Oil Free Moisturiser With Hyaluronic A... ₹498 40% Off Regular price ₹830. Discounted price ₹498. 40% Off. ( 649869 ),1190,830,-360
Ponds Super Light Gel Oil Free Moisturiser With Hyaluronic A... ₹498 40% Off Regular price ₹830. Discounted price ₹498. 40% Off. ( 649869 ),1190,830,-360
Ponds Super Light Gel Oil Free Moisturiser With Hyaluronic A... ₹498 40% Off Regular price ₹830. Discounted price ₹498. 40% Off. ( 649869 ),1190,830,-360
Ponds Super Light Gel Oil Free Moisturiser With Hyaluronic A... ₹498 40% Off Regular price ₹830. Discounted price ₹498. 40% Off. ( 649869 ),1190,830,-360
Lakme Absolute Perfect Radiance Skin Brightening Day Creme ₹291 30% Off Regular price ₹415. Discounted price ₹291. 30% Off. ( 145749 ),1014,415,-599
Lakme Absolute Perfect Radiance Skin Brightening Day Creme ₹291 30% Off Regular price ₹415. Discounted price ₹291. 30% Off. ( 145749 ),1014,415,-599
Lakme Absolute Perfect Radiance Skin Brightening Day Creme ₹291 30% Off Regular price ₹415. Discounted price ₹291. 30% Off. ( 145749 ),1014,415,-599
Lakme Absolute Perfect Radiance Skin Brightening Day Creme ₹291 30% Off Regular price ₹415. Discounted price ₹291. 30% Off. ( 145749 ),1014,415,-599
"The Face Shop Rice & Ceramide Moisturizing Emulsion, Locks S... ₹990  Enjoy Complimentary Gift  ( 23151 )",899,990,91
"The Face Shop Rice & Ceramide Moisturizing Emulsion, Locks S... ₹990  Enjoy Complimentary Gift  ( 23151 )",899,990,91
"The Face Shop Rice & Ceramide Moisturizing Emulsion, Locks S... ₹990  Enjoy Complimentary Gift  ( 23151 )",899,990,91
"The Face Shop Rice & Ceramide Moisturizing Emulsion, Locks S... ₹990  Enjoy Complimentary Gift  ( 23151 )",899,990,91
"The Face Shop Rice & Ceramide Moisturizing Emulsion, Locks S... ₹990  Enjoy Complimentary Gift  ( 23151 )",899,990,91
"The Face Shop Rice & Ceramide Moisturizing Emulsion, Locks S... ₹990  Enjoy Complimentary Gift  ( 23151 )",899,990,91
"The Face Shop Rice & Ceramide Moisturizing Emulsion, Locks S... ₹990  Enjoy Complimentary Gift  ( 23151 )",899,990,91
"The Face Shop Rice & Ceramide Moisturizing Emulsion, Locks S... ₹990  Enjoy Complimentary Gift  ( 23151 )",899,990,91
"Dot & Key Cica Calming Oil-Free Moisturizer, With Niacinamid... ₹426 14% Off Regular price ₹495. Discounted price ₹426. 14% Off. ( 9283 )",395,495,100
"Dot & Key Cica Calming Oil-Free Moisturizer, With Niacinamid... ₹426 14% Off Regular price ₹495. Discounted price ₹426. 14% Off. ( 9283 )",395,495,100
"Dot & Key Cica Calming Oil-Free Moisturizer, With Niacinamid... ₹426 14% Off Regular price ₹495. Discounted price ₹426. 14% Off. ( 9283 )",395,495,100
"Dot & Key Cica Calming Oil-Free Moisturizer, With Niacinamid... ₹426 14% Off Regular price ₹495. Discounted price ₹426. 14% Off. ( 9283 )",395,495,100
The Derma Co 2% Kojic Acid Face Serum for Dark spots reducti... ₹439 12% Off Regular price ₹499. Discounted price ₹439. 12% Off. ( 33229 ),249,499,250
The Derma Co 2% Kojic Acid Face Serum for Dark spots reducti... ₹439 12% Off Regular price ₹499. Discounted price ₹439. 12% Off. ( 33229 ),249,499,250
The Derma Co 2% Kojic Acid Face Serum for Dark spots reducti... ₹439 12% Off Regular price ₹499. Discounted price ₹439. 12% Off. ( 33229 ),249,499,250
The Derma Co 2% Kojic Acid Face Serum for Dark spots reducti... ₹439 12% Off Regular price ₹499. Discounted price ₹439. 12% Off. ( 33229 ),249,499,250
Beauty Of Joseon Glow Deep Serum For Pigmentation - Rice + A... ₹1480  Enjoy Free Gift  ( 1962 ),1490,1480,-10
"Olay Total Effects Day Cream With Spf 15, Fights 7 Signs Of ... ₹699 30% Off Regular price ₹999. Discounted price ₹699. 30% Off. ( 10733 )",429,999,570
"Olay Total Effects Day Cream With Spf 15, Fights 7 Signs Of ... ₹699 30% Off Regular price ₹999. Discounted price ₹699. 30% Off. ( 10733 )",429,999,570
"Olay Total Effects Day Cream With Spf 15, Fights 7 Signs Of ... ₹699 30% Off Regular price ₹999. Discounted price ₹699. 30% Off. ( 10733 )",429,999,570
"Olay Total Effects Day Cream With Spf 15, Fights 7 Signs Of ... ₹699 30% Off Regular price ₹999. Discounted price ₹699. 30% Off. ( 10733 )",429,999,570
Pilgrim 10% Vitamin C Face Serum For Daily Brightness ₹497 23% Off Regular price ₹645. Discounted price ₹497. 23% Off. ( 3747 ),550,645,95
Pilgrim 10% Vitamin C Face Serum For Daily Brightness ₹497 23% Off Regular price ₹645. Discounted price ₹497. 23% Off. ( 3747 ),550,645,95
Pilgrim 10% Vitamin C Face Serum For Daily Brightness ₹497 23% Off Regular price ₹645. Discounted price ₹497. 23% Off. ( 3747 ),550,645,95
Pilgrim 10% Vitamin C Face Serum For Daily Brightness ₹497 23% Off Regular price ₹645. Discounted price ₹497. 23% Off. ( 3747 ),1290,645,-645
Pilgrim 10% Vitamin C Face Serum For Daily Brightness ₹497 23% Off Regular price ₹645. Discounted price ₹497. 23% Off. ( 3747 ),1290,645,-645
Fixderma Kojic Acid + Arbutin Skarfix - Plus Cream ₹509 15% Off Regular price ₹599. Discounted price ₹509. 15% Off. ( 5439 ),350,599,249
Fixderma Kojic Acid + Arbutin Skarfix - Plus Cream ₹509 15% Off Regular price ₹599. Discounted price ₹509. 15% Off. ( 5439 ),350,599,249
Fixderma Kojic Acid + Arbutin Skarfix - Plus Cream ₹509 15% Off Regular price ₹599. Discounted price ₹509. 15% Off. ( 5439 ),350,599,249
Fixderma Kojic Acid + Arbutin Skarfix - Plus Cream ₹509 15% Off Regular price ₹599. Discounted price ₹509. 15% Off. ( 5439 ),350,599,249
Fixderma Kojic Acid + Arbutin Skarfix - Plus Cream ₹509 15% Off Regular price ₹599. Discounted price ₹509. 15% Off. ( 5439 ),350,599,249
Fixderma Kojic Acid + Arbutin Skarfix - Plus Cream ₹509 15% Off Regular price ₹599. Discounted price ₹509. 15% Off. ( 5439 ),350,599,249
Fixderma Kojic Acid + Arbutin Skarfix - Plus Cream ₹509 15% Off Regular price ₹599. Discounted price ₹509. 15% Off. ( 5439 ),350,599,249
Fixderma Kojic Acid + Arbutin Skarfix - Plus Cream ₹509 15% Off Regular price ₹599. Discounted price ₹509. 15% Off. ( 5439 ),350,599,249
Fixderma Kojic Acid + Arbutin Skarfix - Plus Cream ₹509 15% Off Regular price ₹599. Discounted price ₹509. 15% Off. ( 5439 ),350,599,249
Plum BodyLovin Vanilla Caramello Bestselling Body Lotion for... ₹390 18% Off Regular price ₹475. Discounted price ₹390. 18% Off.  Enjoy Free Gift  ( 31902 ),495,475,-20
Dr. Sheth's Ceramide & Vitamin C Oil - Free Moisturizer to H... ₹311 11% Off Regular price ₹349. Discounted price ₹311. 11% Off. ( 48362 ),599,349,-250
Dr. Sheth's Ceramide & Vitamin C Oil - Free Moisturizer to H... ₹311 11% Off Regular price ₹349. Discounted price ₹311. 11% Off. ( 48362 ),599,349,-250
Dr. Sheth's Ceramide & Vitamin C Oil - Free Moisturizer to H... ₹311 11% Off Regular price ₹349. Discounted price ₹311. 11% Off. ( 48362 ),599,349,-250
Dr. Sheth's Ceramide & Vitamin C Oil - Free Moisturizer to H... ₹311 11% Off Regular price ₹349. Discounted price ₹311. 11% Off. ( 48362 ),599,349,-250
Fixderma Kojic Acid + Arbutin Skarfix - Plus Cream ₹298 15% Off Regular price ₹350. Discounted price ₹298. 15% Off. ( 5439 ),599,350,-249
Fixderma Kojic Acid + Arbutin Skarfix - Plus Cream ₹298 15% Off Regular price ₹350. Discounted price ₹298. 15% Off. ( 5439 ),599,350,-249
Fixderma Kojic Acid + Arbutin Skarfix - Plus Cream ₹298 15% Off Regular price ₹350. Discounted price ₹298. 15% Off. ( 5439 ),599,350,-249
Fixderma Kojic Acid + Arbutin Skarfix - Plus Cream ₹298 15% Off Regular price ₹350. Discounted price ₹298. 15% Off. ( 5439 ),599,350,-249
Fixderma Kojic Acid + Arbutin Skarfix - Plus Cream ₹298 15% Off Regular price ₹350. Discounted price ₹298. 15% Off. ( 5439 ),599,350,-249
Episoft AC Moisturiser SPF 30 With Microencapsulated Sunscre... ₹644 5% Off Regular price ₹678. Discounted price ₹644. 5% Off. ( 20396 ),1356,678,-678
Episoft AC Moisturiser SPF 30 With Microencapsulated Sunscre... ₹644 5% Off Regular price ₹678. Discounted price ₹644. 5% Off. ( 20396 ),1356,678,-678
Episoft AC Moisturiser SPF 30 With Microencapsulated Sunscre... ₹644 5% Off Regular price ₹678. Discounted price ₹644. 5% Off. ( 20396 ),1356,678,-678
Episoft AC Moisturiser SPF 30 With Microencapsulated Sunscre... ₹644 5% Off Regular price ₹678. Discounted price ₹644. 5% Off. ( 20396 ),1356,678,-678
"Celimax Pore + Dark Spot Brightening Cream, Reduces Spots & ... ₹2339 10% Off Regular price ₹2599. Discounted price ₹2339. 10% Off. ( 164 )",2999,2599,-400
"Celimax Pore + Dark Spot Brightening Cream, Reduces Spots & ... ₹2339 10% Off Regular price ₹2599. Discounted price ₹2339. 10% Off. ( 164 )",2999,2599,-400
"Celimax Pore + Dark Spot Brightening Cream, Reduces Spots & ... ₹2339 10% Off Regular price ₹2599. Discounted price ₹2339. 10% Off. ( 164 )",2999,2599,-400
"Celimax Pore + Dark Spot Brightening Cream, Reduces Spots & ... ₹2339 10% Off Regular price ₹2599. Discounted price ₹2339. 10% Off. ( 164 )",2999,2599,-400
Raaga Professional De-Tan Removal Cream ₹364 12% Off Regular price ₹414. Discounted price ₹364. 12% Off. ( 17935 ),1495,414,-1081
Raaga Professional De-Tan Removal Cream ₹364 12% Off Regular price ₹414. Discounted price ₹364. 12% Off. ( 17935 ),1495,414,-1081
Raaga Professional De-Tan Removal Cream ₹364 12% Off Regular price ₹414. Discounted price ₹364. 12% Off. ( 17935 ),1495,414,-1081
Raaga Professional De-Tan Removal Cream ₹364 12% Off Regular price ₹414. Discounted price ₹364. 12% Off. ( 17935 ),1495,414,-1081
Himalaya Moisturizing Aloe Vera Face Gel ₹74 18% Off Regular price ₹90. Discounted price ₹74. 18% Off. ( 25131 ),180,90,-90
Himalaya Moisturizing Aloe Vera Face Gel ₹74 18% Off Regular price ₹90. Discounted price ₹74. 18% Off. ( 25131 ),180,90,-90
Himalaya Moisturizing Aloe Vera Face Gel ₹74 18% Off Regular price ₹90. Discounted price ₹74. 18% Off. ( 25131 ),180,90,-90
Himalaya Moisturizing Aloe Vera Face Gel ₹74 18% Off Regular price ₹90. Discounted price ₹74. 18% Off. ( 25131 ),180,90,-90
Forest Essentials Soundarya Radiance Cream With 24K Gold And... ₹6850  Enjoy Complimentary Gift  ( 3495 ),2475,6850,4375
Forest Essentials Soundarya Radiance Cream With 24K Gold And... ₹6850  Enjoy Complimentary Gift  ( 3495 ),2475,6850,4375
Forest Essentials Soundarya Radiance Cream With 24K Gold And... ₹6850  Enjoy Complimentary Gift  ( 3495 ),2475,6850,4375
Dot & Key Blueberry Hydrate Barrier Repair Intense Moisturiz... ₹347 13% Off Regular price ₹399. Discounted price ₹347. 13% Off. ( 848 ),449,399,-50
Dot & Key Blueberry Hydrate Barrier Repair Intense Moisturiz... ₹347 13% Off Regular price ₹399. Discounted price ₹347. 13% Off. ( 848 ),449,399,-50
Dot & Key Blueberry Hydrate Barrier Repair Intense Moisturiz... ₹347 13% Off Regular price ₹399. Discounted price ₹347. 13% Off. ( 848 ),449,399,-50
Dot & Key Blueberry Hydrate Barrier Repair Intense Moisturiz... ₹347 13% Off Regular price ₹399. Discounted price ₹347. 13% Off. ( 848 ),449,399,-50
Raaga Professional De Tan Removal Creme With Kojic & Milk(50... ₹1316 12% Off Regular price ₹1495. Discounted price ₹1316. 12% Off. ( 8179 ),414,1495,1081
Raaga Professional De Tan Removal Creme With Kojic & Milk(50... ₹1316 12% Off Regular price ₹1495. Discounted price ₹1316. 12% Off. ( 8179 ),414,1495,1081
Raaga Professional De Tan Removal Creme With Kojic & Milk(50... ₹1316 12% Off Regular price ₹1495. Discounted price ₹1316. 12% Off. ( 8179 ),414,1495,1081
Raaga Professional De Tan Removal Creme With Kojic & Milk(50... ₹1316 12% Off Regular price ₹1495. Discounted price ₹1316. 12% Off. ( 8179 ),414,1495,1081
Charlotte Tilbury Charlotte's Magic Cream ₹6800  Enjoy Complimentary Gift  ( 4688 ),8850,6800,-2050
Charlotte Tilbury Charlotte's Magic Cream ₹6800  Enjoy Complimentary Gift  ( 4688 ),8850,6800,-2050
Charlotte Tilbury Charlotte's Magic Cream ₹6800  Enjoy Complimentary Gift  ( 4688 ),8850,6800,-2050
Charlotte Tilbury Charlotte's Magic Cream ₹6800  Enjoy Complimentary Gift  ( 4688 ),8850,6800,-2050
Lotus Professional PhytoRx Whitening & Brightening Face Crea... ₹667 15% Off Regular price ₹785. Discounted price ₹667. 15% Off. ( 17873 ),845,785,-60
Lotus Professional PhytoRx Whitening & Brightening Face Crea... ₹667 15% Off Regular price ₹785. Discounted price ₹667. 15% Off. ( 17873 ),845,785,-60
Lotus Professional PhytoRx Whitening & Brightening Face Crea... ₹667 15% Off Regular price ₹785. Discounted price ₹667. 15% Off. ( 17873 ),845,785,-60
Lotus Professional PhytoRx Whitening & Brightening Face Crea... ₹667 15% Off Regular price ₹785. Discounted price ₹667. 15% Off. ( 17873 ),845,785,-60
Lotus Professional PhytoRx Whitening & Brightening Face Crea... ₹667 15% Off Regular price ₹785. Discounted price ₹667. 15% Off. ( 17873 ),1580,785,-795
Lotus Professional PhytoRx Whitening & Brightening Face Crea... ₹667 15% Off Regular price ₹785. Discounted price ₹667. 15% Off. ( 17873 ),1580,785,-795
Lotus Professional PhytoRx Whitening & Brightening Face Crea... ₹667 15% Off Regular price ₹785. Discounted price ₹667. 15% Off. ( 17873 ),1580,785,-795
Lotus Professional PhytoRx Whitening & Brightening Face Crea... ₹667 15% Off Regular price ₹785. Discounted price ₹667. 15% Off. ( 17873 ),1580,785,-795
Minimalist 10% Niacinamide Face Serum With Matmarine + Zinc ... ₹237 5% Off Regular price ₹249. Discounted price ₹237. 5% Off.  Enjoy Complimentary Gift  ( 123159 ),599,249,-350
Minimalist 10% Niacinamide Face Serum With Matmarine + Zinc ... ₹237 5% Off Regular price ₹249. Discounted price ₹237. 5% Off.  Enjoy Complimentary Gift  ( 123159 ),599,249,-350
Minimalist 10% Niacinamide Face Serum With Matmarine + Zinc ... ₹237 5% Off Regular price ₹249. Discounted price ₹237. 5% Off.  Enjoy Complimentary Gift  ( 123159 ),599,249,-350
Minimalist 10% Niacinamide Face Serum With Matmarine + Zinc ... ₹237 5% Off Regular price ₹249. Discounted price ₹237. 5% Off.  Enjoy Complimentary Gift  ( 123159 ),599,249,-350
Charlotte Tilbury Charlotte's Magic Serum Crystal Elixir ₹8850  Enjoy Complimentary Gift  ( 1274 ),6800,8850,2050
Charlotte Tilbury Charlotte's Magic Serum Crystal Elixir ₹8850  Enjoy Complimentary Gift  ( 1274 ),6800,8850,2050
Charlotte Tilbury Charlotte's Magic Serum Crystal Elixir ₹8850  Enjoy Complimentary Gift  ( 1274 ),6800,8850,2050
Charlotte Tilbury Charlotte's Magic Serum Crystal Elixir ₹8850  Enjoy Complimentary Gift  ( 1274 ),6800,8850,2050
Bioderma Anti-Itching Balm-Atoderm Intensive Baume-Ceramides... ₹1699 ( 10821 ),2850,1699,-1151
Bioderma Anti-Itching Balm-Atoderm Intensive Baume-Ceramides... ₹1699 ( 10821 ),2850,1699,-1151
Bioderma Anti-Itching Balm-Atoderm Intensive Baume-Ceramides... ₹1699 ( 10821 ),2850,1699,-1151
Bioderma Anti-Itching Balm-Atoderm Intensive Baume-Ceramides... ₹1699 ( 10821 ),2850,1699,-1151
Neutrogena Hydro Boost Hyaluronic Acid Water Gel Face Moistu... ₹950 4% Off Regular price ₹990. Discounted price ₹950. 4% Off. ( 2037 ),1190,990,-200
Neutrogena Hydro Boost Hyaluronic Acid Water Gel Face Moistu... ₹950 4% Off Regular price ₹990. Discounted price ₹950. 4% Off. ( 2037 ),1190,990,-200
Neutrogena Hydro Boost Hyaluronic Acid Water Gel Face Moistu... ₹950 4% Off Regular price ₹990. Discounted price ₹950. 4% Off. ( 2037 ),1190,990,-200
Neutrogena Hydro Boost Hyaluronic Acid Water Gel Face Moistu... ₹950 4% Off Regular price ₹990. Discounted price ₹950. 4% Off. ( 2037 ),1190,990,-200
Neutrogena Hydro Boost Hyaluronic Acid Water Gel Face Moistu... ₹950 4% Off Regular price ₹990. Discounted price ₹950. 4% Off. ( 2037 ),1315,990,-325
Neutrogena Hydro Boost Hyaluronic Acid Water Gel Face Moistu... ₹950 4% Off Regular price ₹990. Discounted price ₹950. 4% Off. ( 2037 ),1315,990,-325
Neutrogena Hydro Boost Hyaluronic Acid Water Gel Face Moistu... ₹950 4% Off Regular price ₹990. Discounted price ₹950. 4% Off. ( 2037 ),1315,990,-325
Neutrogena Hydro Boost Hyaluronic Acid Water Gel Face Moistu... ₹950 4% Off Regular price ₹990. Discounted price ₹950. 4% Off. ( 2037 ),1315,990,-325
Neutrogena Hydro Boost Hyaluronic Acid Water Gel Face Moistu... ₹950 4% Off Regular price ₹990. Discounted price ₹950. 4% Off. ( 2037 ),1355,990,-365
Neutrogena Hydro Boost Hyaluronic Acid Water Gel Face Moistu... ₹950 4% Off Regular price ₹990. Discounted price ₹950. 4% Off. ( 2037 ),1355,990,-365
Neutrogena Hydro Boost Hyaluronic Acid Water Gel Face Moistu... ₹950 4% Off Regular price ₹990. Discounted price ₹950. 4% Off. ( 2037 ),1355,990,-365
Neutrogena Hydro Boost Hyaluronic Acid Water Gel Face Moistu... ₹950 4% Off Regular price ₹990. Discounted price ₹950. 4% Off. ( 2037 ),1355,990,-365
TONYMOLY Korean Intense Care Gold 24K Snail Cream with Niaci... ₹2610 15% Off Regular price ₹3070. Discounted price ₹2610. 15% Off. ( 63 ),2000,3070,1070
TONYMOLY Korean Intense Care Gold 24K Snail Cream with Niaci... ₹2610 15% Off Regular price ₹3070. Discounted price ₹2610. 15% Off. ( 63 ),2000,3070,1070
TONYMOLY Korean Intense Care Gold 24K Snail Cream with Niaci... ₹2610 15% Off Regular price ₹3070. Discounted price ₹2610. 15% Off. ( 63 ),2000,3070,1070
Ponds Hydra Miracle Super Light Gel With Hyaluronic Acid & S... ₹296 5% Off Regular price ₹312. Discounted price ₹296. 5% Off. ( 1237 ),654,312,-342
Ponds Hydra Miracle Super Light Gel With Hyaluronic Acid & S... ₹296 5% Off Regular price ₹312. Discounted price ₹296. 5% Off. ( 1237 ),654,312,-342
Ponds Hydra Miracle Super Light Gel With Hyaluronic Acid & S... ₹296 5% Off Regular price ₹312. Discounted price ₹296. 5% Off. ( 1237 ),654,312,-342
Ponds Hydra Miracle Super Light Gel With Hyaluronic Acid & S... ₹296 5% Off Regular price ₹312. Discounted price ₹296. 5% Off. ( 1237 ),654,312,-342
Plum 5% Niacinamide Face Serum With Amino Acid - Fades Blemi... ₹509 15% Off Regular price ₹599. Discounted price ₹509. 15% Off.  Enjoy Free Gift  ( 9902 ),1198,599,-599
Plum 5% Niacinamide Face Serum With Amino Acid - Fades Blemi... ₹509 15% Off Regular price ₹599. Discounted price ₹509. 15% Off.  Enjoy Free Gift  ( 9902 ),1198,599,-599
Pilgrim 10% Niacinamide Face Serum For Acne Marks ₹487 25% Off Regular price ₹649. Discounted price ₹487. 25% Off. ( 2026 ),498,649,151
Pilgrim 10% Niacinamide Face Serum For Acne Marks ₹487 25% Off Regular price ₹649. Discounted price ₹487. 25% Off. ( 2026 ),498,649,151
Pilgrim 10% Niacinamide Face Serum For Acne Marks ₹487 25% Off Regular price ₹649. Discounted price ₹487. 25% Off. ( 2026 ),498,649,151
Pilgrim 10% Niacinamide Face Serum For Acne Marks ₹487 25% Off Regular price ₹649. Discounted price ₹487. 25% Off. ( 2026 ),1298,649,-649
Pilgrim 10% Niacinamide Face Serum For Acne Marks ₹487 25% Off Regular price ₹649. Discounted price ₹487. 25% Off. ( 2026 ),1298,649,-649
"Dot & Key 10% Niacinamide + Cica Face Serum For Oily, Acne P... ₹479 20% Off Regular price ₹599. Discounted price ₹479. 20% Off. ( 7201 )",175,599,424
"Dot & Key 10% Niacinamide + Cica Face Serum For Oily, Acne P... ₹479 20% Off Regular price ₹599. Discounted price ₹479. 20% Off. ( 7201 )",175,599,424
"Dot & Key 10% Niacinamide + Cica Face Serum For Oily, Acne P... ₹479 20% Off Regular price ₹599. Discounted price ₹479. 20% Off. ( 7201 )",175,599,424
The Derma Co 2% Kojic Acid Face Serum for Dark spots reducti... ₹249 ( 4936 ),499,249,-250
The Derma Co 2% Kojic Acid Face Serum for Dark spots reducti... ₹249 ( 4936 ),499,249,-250
The Derma Co 2% Kojic Acid Face Serum for Dark spots reducti... ₹249 ( 4936 ),499,249,-250
The Derma Co 2% Kojic Acid Face Serum for Dark spots reducti... ₹249 ( 4936 ),499,249,-250
Plum Green Tea Oil-Free Moisturizer With Niacinamide For Oil... ₹409 13% Off Regular price ₹470. Discounted price ₹409. 13% Off.  Enjoy Free Gift  ( 20493 ),940,470,-470
Plum Green Tea Oil-Free Moisturizer With Niacinamide For Oil... ₹409 13% Off Regular price ₹470. Discounted price ₹409. 13% Off.  Enjoy Free Gift  ( 20493 ),940,470,-470
Plum Green Tea Oil-Free Moisturizer With Niacinamide For Oil... ₹409 13% Off Regular price ₹470. Discounted price ₹409. 13% Off.  Enjoy Free Gift  ( 20493 ),940,470,-470
Biotique Morning Nectar Nourish & Hydrate Moisturizer ₹298 30% Off Regular price ₹425. Discounted price ₹298. 30% Off. ( 133233 ),250,425,175
Biotique Morning Nectar Nourish & Hydrate Moisturizer ₹298 30% Off Regular price ₹425. Discounted price ₹298. 30% Off. ( 133233 ),250,425,175
Biotique Morning Nectar Nourish & Hydrate Moisturizer ₹298 30% Off Regular price ₹425. Discounted price ₹298. 30% Off. ( 133233 ),250,425,175
Biotique Morning Nectar Nourish & Hydrate Moisturizer ₹298 30% Off Regular price ₹425. Discounted price ₹298. 30% Off. ( 133233 ),250,425,175
PAC Aqua Blast - Water Based Moisturizer ₹895  Offer Available  ( 22774 ),475,895,420
PAC Aqua Blast - Water Based Moisturizer ₹895  Offer Available  ( 22774 ),475,895,420
PAC Aqua Blast - Water Based Moisturizer ₹895  Offer Available  ( 22774 ),475,895,420
PAC Aqua Blast - Water Based Moisturizer ₹895  Offer Available  ( 22774 ),475,895,420
Pilgrim Squalane Glow Moisturizer with Niacinamide & Vitamin... ₹341 38% Off Regular price ₹550. Discounted price ₹341. 38% Off. ( 12794 ),1100,550,-550
Pilgrim Squalane Glow Moisturizer with Niacinamide & Vitamin... ₹341 38% Off Regular price ₹550. Discounted price ₹341. 38% Off. ( 12794 ),1100,550,-550
Pilgrim Squalane Glow Moisturizer with Niacinamide & Vitamin... ₹341 38% Off Regular price ₹550. Discounted price ₹341. 38% Off. ( 12794 ),1100,550,-550
Pilgrim Squalane Glow Moisturizer with Niacinamide & Vitamin... ₹341 38% Off Regular price ₹550. Discounted price ₹341. 38% Off. ( 12794 ),1650,550,-1100
Pilgrim Squalane Glow Moisturizer with Niacinamide & Vitamin... ₹341 38% Off Regular price ₹550. Discounted price ₹341. 38% Off. ( 12794 ),1650,550,-1100
Pilgrim Squalane Glow Moisturizer with Niacinamide & Vitamin... ₹341 38% Off Regular price ₹550. Discounted price ₹341. 38% Off. ( 12794 ),1650,550,-1100
Lotus Professional PhytoRx Whitening & Brightening Day & Nig... ₹1296 18% Off Regular price ₹1580. Discounted price ₹1296. 18% Off. ( 2806 ),785,1580,795
Lotus Professional PhytoRx Whitening & Brightening Day & Nig... ₹1296 18% Off Regular price ₹1580. Discounted price ₹1296. 18% Off. ( 2806 ),785,1580,795
Lotus Professional PhytoRx Whitening & Brightening Day & Nig... ₹1296 18% Off Regular price ₹1580. Discounted price ₹1296. 18% Off. ( 2806 ),785,1580,795
Lotus Professional PhytoRx Whitening & Brightening Day & Nig... ₹1296 18% Off Regular price ₹1580. Discounted price ₹1296. 18% Off. ( 2806 ),785,1580,795
Lotus Professional PhytoRx Whitening & Brightening Day & Nig... ₹1296 18% Off Regular price ₹1580. Discounted price ₹1296. 18% Off. ( 2806 ),845,1580,735
Lotus Professional PhytoRx Whitening & Brightening Day & Nig... ₹1296 18% Off Regular price ₹1580. Discounted price ₹1296. 18% Off. ( 2806 ),845,1580,735
Lotus Professional PhytoRx Whitening & Brightening Day & Nig... ₹1296 18% Off Regular price ₹1580. Discounted price ₹1296. 18% Off. ( 2806 ),845,1580,735
Lotus Professional PhytoRx Whitening & Brightening Day & Nig... ₹1296 18% Off Regular price ₹1580. Discounted price ₹1296. 18% Off. ( 2806 ),845,1580,735
"Olay Total Effects Night Cream, Fights 7 Signs Of Ageing Wit... ₹699 30% Off Regular price ₹999. Discounted price ₹699. 30% Off. ( 6656 )",429,999,570
"Olay Total Effects Night Cream, Fights 7 Signs Of Ageing Wit... ₹699 30% Off Regular price ₹999. Discounted price ₹699. 30% Off. ( 6656 )",429,999,570
"Olay Total Effects Night Cream, Fights 7 Signs Of Ageing Wit... ₹699 30% Off Regular price ₹999. Discounted price ₹699. 30% Off. ( 6656 )",429,999,570
"Olay Total Effects Night Cream, Fights 7 Signs Of Ageing Wit... ₹699 30% Off Regular price ₹999. Discounted price ₹699. 30% Off. ( 6656 )",429,999,570
Ponds BB+ Cream Instant Spot Coverage + Light Make-up Glow I... ₹197 5% Off Regular price ₹207. Discounted price ₹197. 5% Off. ( 60325 ),315,207,-108
SKIN1004 Madagascar Centella Poremizing Fresh Ampoule ₹809 10% Off Regular price ₹899. Discounted price ₹809. 10% Off. ( 256 ),1500,899,-601
SKIN1004 Madagascar Centella Poremizing Fresh Ampoule ₹809 10% Off Regular price ₹899. Discounted price ₹809. 10% Off. ( 256 ),1500,899,-601
SKIN1004 Madagascar Centella Poremizing Fresh Ampoule ₹809 10% Off Regular price ₹899. Discounted price ₹809. 10% Off. ( 256 ),1500,899,-601
SKIN1004 Madagascar Centella Poremizing Fresh Ampoule ₹809 10% Off Regular price ₹899. Discounted price ₹809. 10% Off. ( 256 ),1500,899,-601
Clinique Dramatically Different Moisturizing Lotion ₹750 42% Off Regular price ₹1300. Discounted price ₹750. 42% Off.  Enjoy Complimentary Gift  ( 2315 ),3500,1300,-2200
Clinique Dramatically Different Moisturizing Lotion ₹750 42% Off Regular price ₹1300. Discounted price ₹750. 42% Off.  Enjoy Complimentary Gift  ( 2315 ),3500,1300,-2200
Clinique Dramatically Different Moisturizing Lotion ₹750 42% Off Regular price ₹1300. Discounted price ₹750. 42% Off.  Enjoy Complimentary Gift  ( 2315 ),5150,1300,-3850
Clinique Dramatically Different Moisturizing Lotion ₹750 42% Off Regular price ₹1300. Discounted price ₹750. 42% Off.  Enjoy Complimentary Gift  ( 2315 ),5150,1300,-3850
Clinique Dramatically Different Moisturizing Lotion ₹750 42% Off Regular price ₹1300. Discounted price ₹750. 42% Off.  Enjoy Complimentary Gift  ( 2315 ),5150,1300,-3850
Clinique Dramatically Different Moisturizing Lotion ₹750 42% Off Regular price ₹1300. Discounted price ₹750. 42% Off.  Enjoy Complimentary Gift  ( 2315 ),5150,1300,-3850
Clinique Dramatically Different Moisturizing Lotion ₹750 42% Off Regular price ₹1300. Discounted price ₹750. 42% Off.  Enjoy Complimentary Gift  ( 2315 ),5150,1300,-3850
Clinique Dramatically Different Moisturizing Lotion ₹750 42% Off Regular price ₹1300. Discounted price ₹750. 42% Off.  Enjoy Complimentary Gift  ( 2315 ),5150,1300,-3850
Clinique Dramatically Different Moisturizing Lotion ₹750 42% Off Regular price ₹1300. Discounted price ₹750. 42% Off.  Enjoy Complimentary Gift  ( 2315 ),5150,1300,-3850
Clinique Dramatically Different Moisturizing Lotion ₹750 42% Off Regular price ₹1300. Discounted price ₹750. 42% Off.  Enjoy Complimentary Gift  ( 2315 ),5150,1300,-3850
Lotus Herbals WhiteGlow Skin Whitening & Brightening Gel Cre... ₹365 ( 16505 ),470,365,-105
Lotus Herbals WhiteGlow Skin Whitening & Brightening Gel Cre... ₹365 ( 16505 ),470,365,-105
Lotus Herbals WhiteGlow Skin Whitening & Brightening Gel Cre... ₹365 ( 16505 ),470,365,-105
Lotus Herbals WhiteGlow Skin Whitening & Brightening Gel Cre... ₹365 ( 16505 ),570,365,-205
Lotus Herbals WhiteGlow Skin Whitening & Brightening Gel Cre... ₹365 ( 16505 ),570,365,-205
Lotus Herbals WhiteGlow Skin Whitening & Brightening Gel Cre... ₹365 ( 16505 ),570,365,-205
Lotus Herbals WhiteGlow Skin Whitening & Brightening Gel Cre... ₹365 ( 16505 ),570,365,-205
Dot & Key Blueberry Hydrate Barrier Repair Intense Moisturiz... ₹347 13% Off Regular price ₹399. Discounted price ₹347. 13% Off. ( 848 ),449,399,-50
Dot & Key Blueberry Hydrate Barrier Repair Intense Moisturiz... ₹347 13% Off Regular price ₹399. Discounted price ₹347. 13% Off. ( 848 ),449,399,-50
Dot & Key Blueberry Hydrate Barrier Repair Intense Moisturiz... ₹347 13% Off Regular price ₹399. Discounted price ₹347. 13% Off. ( 848 ),449,399,-50
Dot & Key Blueberry Hydrate Barrier Repair Intense Moisturiz... ₹347 13% Off Regular price ₹399. Discounted price ₹347. 13% Off. ( 848 ),449,399,-50
"Dot & Key Cica Calming Oil-Free Moisturizer, With Niacinamid... ₹395 ( 511 )",495,395,-100
"Dot & Key Cica Calming Oil-Free Moisturizer, With Niacinamid... ₹395 ( 511 )",495,395,-100
"Dot & Key Cica Calming Oil-Free Moisturizer, With Niacinamid... ₹395 ( 511 )",495,395,-100
"Dot & Key Cica Calming Oil-Free Moisturizer, With Niacinamid... ₹395 ( 511 )",495,395,-100
Ponds Hydra Miracle Super Light Gel With Hyaluronic Acid & V... ₹458 30% Off Regular price ₹654. Discounted price ₹458. 30% Off. ( 854 ),312,654,342
Ponds Hydra Miracle Super Light Gel With Hyaluronic Acid & V... ₹458 30% Off Regular price ₹654. Discounted price ₹458. 30% Off. ( 854 ),312,654,342
Ponds Hydra Miracle Super Light Gel With Hyaluronic Acid & V... ₹458 30% Off Regular price ₹654. Discounted price ₹458. 30% Off. ( 854 ),312,654,342
Ponds Hydra Miracle Super Light Gel With Hyaluronic Acid & V... ₹458 30% Off Regular price ₹654. Discounted price ₹458. 30% Off. ( 854 ),312,654,342
Aqualogica Illuminate + Hydra Gel Moisturizer With Alpha Arb... ₹299 ( 911 ),499,299,-200
Aqualogica Illuminate + Hydra Gel Moisturizer With Alpha Arb... ₹299 ( 911 ),499,299,-200
Aqualogica Illuminate + Hydra Gel Moisturizer With Alpha Arb... ₹299 ( 911 ),499,299,-200
Aqualogica Illuminate + Hydra Gel Moisturizer With Alpha Arb... ₹299 ( 911 ),499,299,-200
LANEIGE Water Bank Blue Hyaluronic Gel Moisturizer ₹2320 20% Off Regular price ₹2900. Discounted price ₹2320. 20% Off.  Enjoy Free Gift  ( 1172 ),1680,2900,1220
LANEIGE Water Bank Blue Hyaluronic Gel Moisturizer ₹2320 20% Off Regular price ₹2900. Discounted price ₹2320. 20% Off.  Enjoy Free Gift  ( 1172 ),1680,2900,1220
LANEIGE Water Bank Blue Hyaluronic Gel Moisturizer ₹2320 20% Off Regular price ₹2900. Discounted price ₹2320. 20% Off.  Enjoy Free Gift  ( 1172 ),1680,2900,1220
LANEIGE Water Bank Blue Hyaluronic Gel Moisturizer ₹2320 20% Off Regular price ₹2900. Discounted price ₹2320. 20% Off.  Enjoy Free Gift  ( 1172 ),1680,2900,1220
LANEIGE Water Bank Blue Hyaluronic Gel Moisturizer ₹2320 20% Off Regular price ₹2900. Discounted price ₹2320. 20% Off.  Enjoy Free Gift  ( 1172 ),1680,2900,1220
LANEIGE Water Bank Blue Hyaluronic Gel Moisturizer ₹2320 20% Off Regular price ₹2900. Discounted price ₹2320. 20% Off.  Enjoy Free Gift  ( 1172 ),1680,2900,1220
LANEIGE Water Bank Blue Hyaluronic Gel Moisturizer ₹2320 20% Off Regular price ₹2900. Discounted price ₹2320. 20% Off.  Enjoy Free Gift  ( 1172 ),1680,2900,1220
LANEIGE Water Bank Blue Hyaluronic Gel Moisturizer ₹2320 20% Off Regular price ₹2900. Discounted price ₹2320. 20% Off.  Enjoy Free Gift  ( 1172 ),1680,2900,1220
LANEIGE Water Bank Blue Hyaluronic Gel Moisturizer ₹2320 20% Off Regular price ₹2900. Discounted price ₹2320. 20% Off.  Enjoy Free Gift  ( 1172 ),1680,2900,1220
LANEIGE Water Bank Blue Hyaluronic Gel Moisturizer ₹2320 20% Off Regular price ₹2900. Discounted price ₹2320. 20% Off.  Enjoy Free Gift  ( 1172 ),1680,2900,1220
LANEIGE Water Bank Blue Hyaluronic Gel Moisturizer ₹2320 20% Off Regular price ₹2900. Discounted price ₹2320. 20% Off.  Enjoy Free Gift  ( 1172 ),1680,2900,1220
LANEIGE Water Bank Blue Hyaluronic Gel Moisturizer ₹2320 20% Off Regular price ₹2900. Discounted price ₹2320. 20% Off.  Enjoy Free Gift  ( 1172 ),1680,2900,1220
LANEIGE Water Bank Blue Hyaluronic Gel Moisturizer ₹2320 20% Off Regular price ₹2900. Discounted price ₹2320. 20% Off.  Enjoy Free Gift  ( 1172 ),1680,2900,1220
LANEIGE Water Bank Blue Hyaluronic Gel Moisturizer ₹2320 20% Off Regular price ₹2900. Discounted price ₹2320. 20% Off.  Enjoy Free Gift  ( 1172 ),1680,2900,1220
LANEIGE Water Bank Blue Hyaluronic Gel Moisturizer ₹2320 20% Off Regular price ₹2900. Discounted price ₹2320. 20% Off.  Enjoy Free Gift  ( 1172 ),3250,2900,-350
LANEIGE Water Bank Blue Hyaluronic Gel Moisturizer ₹2320 20% Off Regular price ₹2900. Discounted price ₹2320. 20% Off.  Enjoy Free Gift  ( 1172 ),3250,2900,-350
LANEIGE Water Bank Blue Hyaluronic Gel Moisturizer ₹2320 20% Off Regular price ₹2900. Discounted price ₹2320. 20% Off.  Enjoy Free Gift  ( 1172 ),3250,2900,-350
LANEIGE Water Bank Blue Hyaluronic Gel Moisturizer ₹2320 20% Off Regular price ₹2900. Discounted price ₹2320. 20% Off.  Enjoy Free Gift  ( 1172 ),3250,2900,-350
Lotus Herbals YouthRx Anti Ageing Transforming Face Cream SP... ₹835 ( 7407 ),1710,835,-875
Lotus Herbals YouthRx Anti Ageing Transforming Face Cream SP... ₹835 ( 7407 ),1710,835,-875
Lotus Herbals YouthRx Anti Ageing Transforming Face Cream SP... ₹835 ( 7407 ),1710,835,-875
Lotus Herbals YouthRx Anti Ageing Transforming Face Cream SP... ₹835 ( 7407 ),1710,835,-875
Hyphen 2% Ceramide-Peptide Complex Barrier Repair Moisturize... ₹449 10% Off Regular price ₹499. Discounted price ₹449. 10% Off. ( 2535 ),449,499,50
Hyphen 2% Ceramide-Peptide Complex Barrier Repair Moisturize... ₹449 10% Off Regular price ₹499. Discounted price ₹449. 10% Off. ( 2535 ),449,499,50
Hyphen 2% Ceramide-Peptide Complex Barrier Repair Moisturize... ₹449 10% Off Regular price ₹499. Discounted price ₹449. 10% Off. ( 2535 ),449,499,50
Hyphen 2% Ceramide-Peptide Complex Barrier Repair Moisturize... ₹449 10% Off Regular price ₹499. Discounted price ₹449. 10% Off. ( 2535 ),449,499,50
Estee Lauder Advanced Night Repair Serum Duo ₹7650 15% Off Regular price ₹9000. Discounted price ₹7650. 15% Off.  Get Complimentary Product  ( 12442 ),1250,9000,7750
Estee Lauder Advanced Night Repair Serum Duo ₹7650 15% Off Regular price ₹9000. Discounted price ₹7650. 15% Off.  Get Complimentary Product  ( 12442 ),1250,9000,7750
Estee Lauder Advanced Night Repair Serum Duo ₹7650 15% Off Regular price ₹9000. Discounted price ₹7650. 15% Off.  Get Complimentary Product  ( 12442 ),1250,9000,7750
Estee Lauder Advanced Night Repair Serum Duo ₹7650 15% Off Regular price ₹9000. Discounted price ₹7650. 15% Off.  Get Complimentary Product  ( 12442 ),1250,9000,7750
Estee Lauder Advanced Night Repair Serum Duo ₹7650 15% Off Regular price ₹9000. Discounted price ₹7650. 15% Off.  Get Complimentary Product  ( 12442 ),4500,9000,4500
Estee Lauder Advanced Night Repair Serum Duo ₹7650 15% Off Regular price ₹9000. Discounted price ₹7650. 15% Off.  Get Complimentary Product  ( 12442 ),4500,9000,4500
Estee Lauder Advanced Night Repair Serum Duo ₹7650 15% Off Regular price ₹9000. Discounted price ₹7650. 15% Off.  Get Complimentary Product  ( 12442 ),4500,9000,4500
Estee Lauder Advanced Night Repair Serum Duo ₹7650 15% Off Regular price ₹9000. Discounted price ₹7650. 15% Off.  Get Complimentary Product  ( 12442 ),4500,9000,4500
Estee Lauder Advanced Night Repair Serum Duo ₹7650 15% Off Regular price ₹9000. Discounted price ₹7650. 15% Off.  Get Complimentary Product  ( 12442 ),8800,9000,200
Estee Lauder Advanced Night Repair Serum Duo ₹7650 15% Off Regular price ₹9000. Discounted price ₹7650. 15% Off.  Get Complimentary Product  ( 12442 ),8800,9000,200
Avene Cicalfate + Restorative Protective Cream ₹1805 5% Off Regular price ₹1900. Discounted price ₹1805. 5% Off. ( 726 ),1600,1900,300
Avene Cicalfate + Restorative Protective Cream ₹1805 5% Off Regular price ₹1900. Discounted price ₹1805. 5% Off. ( 726 ),1600,1900,300
Avene Cicalfate + Restorative Protective Cream ₹1805 5% Off Regular price ₹1900. Discounted price ₹1805. 5% Off. ( 726 ),1600,1900,300
Avene Cicalfate + Restorative Protective Cream ₹1805 5% Off Regular price ₹1900. Discounted price ₹1805. 5% Off. ( 726 ),1600,1900,300
Sulwhasoo Concentrated Ginseng Renewing Cream Ex ₹15215 15% Off Regular price ₹17900. Discounted price ₹15215. 15% Off.  Enjoy Free Gift  ( 196 ),3800,17900,14100
Sulwhasoo Concentrated Ginseng Renewing Cream Ex ₹15215 15% Off Regular price ₹17900. Discounted price ₹15215. 15% Off.  Enjoy Free Gift  ( 196 ),3800,17900,14100
Sulwhasoo Concentrated Ginseng Renewing Cream Ex ₹15215 15% Off Regular price ₹17900. Discounted price ₹15215. 15% Off.  Enjoy Free Gift  ( 196 ),3800,17900,14100
Sulwhasoo Concentrated Ginseng Renewing Cream Ex ₹15215 15% Off Regular price ₹17900. Discounted price ₹15215. 15% Off.  Enjoy Free Gift  ( 196 ),3800,17900,14100
Sulwhasoo Concentrated Ginseng Renewing Cream Ex ₹15215 15% Off Regular price ₹17900. Discounted price ₹15215. 15% Off.  Enjoy Free Gift  ( 196 ),5000,17900,12900
Sulwhasoo Concentrated Ginseng Renewing Cream Ex ₹15215 15% Off Regular price ₹17900. Discounted price ₹15215. 15% Off.  Enjoy Free Gift  ( 196 ),5000,17900,12900
Sulwhasoo Concentrated Ginseng Renewing Cream Ex ₹15215 15% Off Regular price ₹17900. Discounted price ₹15215. 15% Off.  Enjoy Free Gift  ( 196 ),5000,17900,12900
Sulwhasoo Concentrated Ginseng Renewing Cream Ex ₹15215 15% Off Regular price ₹17900. Discounted price ₹15215. 15% Off.  Enjoy Free Gift  ( 196 ),5000,17900,12900
Sulwhasoo Concentrated Ginseng Renewing Cream Ex ₹15215 15% Off Regular price ₹17900. Discounted price ₹15215. 15% Off.  Enjoy Free Gift  ( 196 ),15000,17900,2900
Sulwhasoo Concentrated Ginseng Renewing Cream Ex ₹15215 15% Off Regular price ₹17900. Discounted price ₹15215. 15% Off.  Enjoy Free Gift  ( 196 ),15000,17900,2900
Sulwhasoo Concentrated Ginseng Renewing Cream Ex ₹15215 15% Off Regular price ₹17900. Discounted price ₹15215. 15% Off.  Enjoy Free Gift  ( 196 ),15000,17900,2900
Sulwhasoo Concentrated Ginseng Renewing Cream Ex ₹15215 15% Off Regular price ₹17900. Discounted price ₹15215. 15% Off.  Enjoy Free Gift  ( 196 ),15000,17900,2900
Clinique Dramatically Different Moisturizing Gel ₹3500 32% Off Regular price ₹5150. Discounted price ₹3500. 32% Off.  Enjoy Complimentary Gift  ( 1614 ),1300,5150,3850
Clinique Dramatically Different Moisturizing Gel ₹3500 32% Off Regular price ₹5150. Discounted price ₹3500. 32% Off.  Enjoy Complimentary Gift  ( 1614 ),1300,5150,3850
Clinique Dramatically Different Moisturizing Gel ₹3500 32% Off Regular price ₹5150. Discounted price ₹3500. 32% Off.  Enjoy Complimentary Gift  ( 1614 ),1300,5150,3850
Clinique Dramatically Different Moisturizing Gel ₹3500 32% Off Regular price ₹5150. Discounted price ₹3500. 32% Off.  Enjoy Complimentary Gift  ( 1614 ),1300,5150,3850
Clinique Dramatically Different Moisturizing Gel ₹3500 32% Off Regular price ₹5150. Discounted price ₹3500. 32% Off.  Enjoy Complimentary Gift  ( 1614 ),1300,5150,3850
Clinique Dramatically Different Moisturizing Gel ₹3500 32% Off Regular price ₹5150. Discounted price ₹3500. 32% Off.  Enjoy Complimentary Gift  ( 1614 ),1300,5150,3850
Clinique Dramatically Different Moisturizing Gel ₹3500 32% Off Regular price ₹5150. Discounted price ₹3500. 32% Off.  Enjoy Complimentary Gift  ( 1614 ),1300,5150,3850
Clinique Dramatically Different Moisturizing Gel ₹3500 32% Off Regular price ₹5150. Discounted price ₹3500. 32% Off.  Enjoy Complimentary Gift  ( 1614 ),3500,5150,1650
Clinique Dramatically Different Moisturizing Gel ₹3500 32% Off Regular price ₹5150. Discounted price ₹3500. 32% Off.  Enjoy Complimentary Gift  ( 1614 ),3500,5150,1650
Fixderma Kojic Acid + Arbutin Skarfix - Plus Cream ₹298 15% Off Regular price ₹350. Discounted price ₹298. 15% Off. ( 5439 ),599,350,-249
Fixderma Kojic Acid + Arbutin Skarfix - Plus Cream ₹298 15% Off Regular price ₹350. Discounted price ₹298. 15% Off. ( 5439 ),599,350,-249
Fixderma Kojic Acid + Arbutin Skarfix - Plus Cream ₹298 15% Off Regular price ₹350. Discounted price ₹298. 15% Off. ( 5439 ),599,350,-249
Fixderma Kojic Acid + Arbutin Skarfix - Plus Cream ₹298 15% Off Regular price ₹350. Discounted price ₹298. 15% Off. ( 5439 ),599,350,-249
Fixderma Kojic Acid + Arbutin Skarfix - Plus Cream ₹298 15% Off Regular price ₹350. Discounted price ₹298. 15% Off. ( 5439 ),599,350,-249
The Body Shop Vitamin E Moisture Cream ₹1040 5% Off Regular price ₹1095. Discounted price ₹1040. 5% Off. ( 6535 ),1790,1095,-695
The Body Shop Vitamin E Moisture Cream ₹1040 5% Off Regular price ₹1095. Discounted price ₹1040. 5% Off. ( 6535 ),1790,1095,-695
The Body Shop Vitamin E Moisture Cream ₹1040 5% Off Regular price ₹1095. Discounted price ₹1040. 5% Off. ( 6535 ),1790,1095,-695
The Body Shop Vitamin E Moisture Cream ₹1040 5% Off Regular price ₹1095. Discounted price ₹1040. 5% Off. ( 6535 ),1790,1095,-695
"TONYMOLY Korean Wonder Ceramide Mochi Emulsion-Hydrates, Nou... ₹1339 15% Off Regular price ₹1575. Discounted price ₹1339. 15% Off. ( 607 )",1500,1575,75
"TONYMOLY Korean Wonder Ceramide Mochi Emulsion-Hydrates, Nou... ₹1339 15% Off Regular price ₹1575. Discounted price ₹1339. 15% Off. ( 607 )",1500,1575,75
"TONYMOLY Korean Wonder Ceramide Mochi Emulsion-Hydrates, Nou... ₹1339 15% Off Regular price ₹1575. Discounted price ₹1339. 15% Off. ( 607 )",1500,1575,75
"TONYMOLY Korean Wonder Ceramide Mochi Emulsion-Hydrates, Nou... ₹1339 15% Off Regular price ₹1575. Discounted price ₹1339. 15% Off. ( 607 )",1500,1575,75
"TONYMOLY Korean Wonder Ceramide Mochi Emulsion-Hydrates, Nou... ₹1339 15% Off Regular price ₹1575. Discounted price ₹1339. 15% Off. ( 607 )",1500,1575,75
Neutrogena Hydro Boost Hyaluronic Acid Moisturizing Face Ser... ₹1249 5% Off Regular price ₹1315. Discounted price ₹1249. 5% Off. ( 4631 ),990,1315,325
Neutrogena Hydro Boost Hyaluronic Acid Moisturizing Face Ser... ₹1249 5% Off Regular price ₹1315. Discounted price ₹1249. 5% Off. ( 4631 ),990,1315,325
Neutrogena Hydro Boost Hyaluronic Acid Moisturizing Face Ser... ₹1249 5% Off Regular price ₹1315. Discounted price ₹1249. 5% Off. ( 4631 ),990,1315,325
Neutrogena Hydro Boost Hyaluronic Acid Moisturizing Face Ser... ₹1249 5% Off Regular price ₹1315. Discounted price ₹1249. 5% Off. ( 4631 ),990,1315,325
Neutrogena Hydro Boost Hyaluronic Acid Moisturizing Face Ser... ₹1249 5% Off Regular price ₹1315. Discounted price ₹1249. 5% Off. ( 4631 ),1190,1315,125
Neutrogena Hydro Boost Hyaluronic Acid Moisturizing Face Ser... ₹1249 5% Off Regular price ₹1315. Discounted price ₹1249. 5% Off. ( 4631 ),1190,1315,125
Neutrogena Hydro Boost Hyaluronic Acid Moisturizing Face Ser... ₹1249 5% Off Regular price ₹1315. Discounted price ₹1249. 5% Off. ( 4631 ),1190,1315,125
Neutrogena Hydro Boost Hyaluronic Acid Moisturizing Face Ser... ₹1249 5% Off Regular price ₹1315. Discounted price ₹1249. 5% Off. ( 4631 ),1190,1315,125
Neutrogena Hydro Boost Hyaluronic Acid Moisturizing Face Ser... ₹1249 5% Off Regular price ₹1315. Discounted price ₹1249. 5% Off. ( 4631 ),1355,1315,-40
Neutrogena Hydro Boost Hyaluronic Acid Moisturizing Face Ser... ₹1249 5% Off Regular price ₹1315. Discounted price ₹1249. 5% Off. ( 4631 ),1355,1315,-40
Neutrogena Hydro Boost Hyaluronic Acid Moisturizing Face Ser... ₹1249 5% Off Regular price ₹1315. Discounted price ₹1249. 5% Off. ( 4631 ),1355,1315,-40
Neutrogena Hydro Boost Hyaluronic Acid Moisturizing Face Ser... ₹1249 5% Off Regular price ₹1315. Discounted price ₹1249. 5% Off. ( 4631 ),1355,1315,-40
The Ordinary Natural Moisturizing Factors + HA ₹700 ( 8182 ),1450,700,-750
The Ordinary Natural Moisturizing Factors + HA ₹700 ( 8182 ),1450,700,-750
The Ordinary Natural Moisturizing Factors + HA ₹700 ( 8182 ),1450,700,-750
The Ordinary Natural Moisturizing Factors + HA ₹700 ( 8182 ),1450,700,-750
The Ordinary Natural Moisturizing Factors + HA ₹700 ( 8182 ),2400,700,-1700
The Ordinary Natural Moisturizing Factors + HA ₹700 ( 8182 ),2400,700,-1700
The Ordinary Natural Moisturizing Factors + HA ₹700 ( 8182 ),2400,700,-1700
The Ordinary Natural Moisturizing Factors + HA ₹700 ( 8182 ),2400,700,-1700
"WOW Skin Science 99% Pure Aloe Vera Gel for Face, Skin and H... ₹431 4% Off Regular price ₹449. Discounted price ₹431. 4% Off. ( 60734 )",898,449,-449
"WOW Skin Science 99% Pure Aloe Vera Gel for Face, Skin and H... ₹431 4% Off Regular price ₹449. Discounted price ₹431. 4% Off. ( 60734 )",898,449,-449
"WOW Skin Science 99% Pure Aloe Vera Gel for Face, Skin and H... ₹431 4% Off Regular price ₹449. Discounted price ₹431. 4% Off. ( 60734 )",898,449,-449
Lotus Herbals WhiteGlow Deep Moisturising Face Cream SPF 20 ... ₹450 ( 11503 ),335,450,115
Lotus Herbals WhiteGlow Deep Moisturising Face Cream SPF 20 ... ₹450 ( 11503 ),335,450,115
Lotus Herbals WhiteGlow Deep Moisturising Face Cream SPF 20 ... ₹450 ( 11503 ),335,450,115
Lotus Herbals WhiteGlow Deep Moisturising Face Cream SPF 20 ... ₹450 ( 11503 ),335,450,115
PAC Aqua Blast Water Based Moisturizer Mini - Lightweight Hy... ₹475  Offer Available  ( 22774 ),895,475,-420
PAC Aqua Blast Water Based Moisturizer Mini - Lightweight Hy... ₹475  Offer Available  ( 22774 ),895,475,-420
PAC Aqua Blast Water Based Moisturizer Mini - Lightweight Hy... ₹475  Offer Available  ( 22774 ),895,475,-420
PAC Aqua Blast Water Based Moisturizer Mini - Lightweight Hy... ₹475  Offer Available  ( 22774 ),895,475,-420
Lacto Calamine Super Light Face Moisturizer Gel For Oily Ski... ₹230 23% Off Regular price ₹299. Discounted price ₹230. 23% Off. ( 4041 ),598,299,-299
Lacto Calamine Super Light Face Moisturizer Gel For Oily Ski... ₹230 23% Off Regular price ₹299. Discounted price ₹230. 23% Off. ( 4041 ),598,299,-299
Lacto Calamine Super Light Face Moisturizer Gel For Oily Ski... ₹230 23% Off Regular price ₹299. Discounted price ₹230. 23% Off. ( 4041 ),598,299,-299
Sulwhasoo Concentrated Ginseng Renewing Serum Ex ₹12750 15% Off Regular price ₹15000. Discounted price ₹12750. 15% Off.  Enjoy Free Gift  ( 66 ),3800,15000,11200
Sulwhasoo Concentrated Ginseng Renewing Serum Ex ₹12750 15% Off Regular price ₹15000. Discounted price ₹12750. 15% Off.  Enjoy Free Gift  ( 66 ),3800,15000,11200
Sulwhasoo Concentrated Ginseng Renewing Serum Ex ₹12750 15% Off Regular price ₹15000. Discounted price ₹12750. 15% Off.  Enjoy Free Gift  ( 66 ),3800,15000,11200
Sulwhasoo Concentrated Ginseng Renewing Serum Ex ₹12750 15% Off Regular price ₹15000. Discounted price ₹12750. 15% Off.  Enjoy Free Gift  ( 66 ),3800,15000,11200
Sulwhasoo Concentrated Ginseng Renewing Serum Ex ₹12750 15% Off Regular price ₹15000. Discounted price ₹12750. 15% Off.  Enjoy Free Gift  ( 66 ),5000,15000,10000
Sulwhasoo Concentrated Ginseng Renewing Serum Ex ₹12750 15% Off Regular price ₹15000. Discounted price ₹12750. 15% Off.  Enjoy Free Gift  ( 66 ),5000,15000,10000
Sulwhasoo Concentrated Ginseng Renewing Serum Ex ₹12750 15% Off Regular price ₹15000. Discounted price ₹12750. 15% Off.  Enjoy Free Gift  ( 66 ),5000,15000,10000
Sulwhasoo Concentrated Ginseng Renewing Serum Ex ₹12750 15% Off Regular price ₹15000. Discounted price ₹12750. 15% Off.  Enjoy Free Gift  ( 66 ),5000,15000,10000
Sulwhasoo Concentrated Ginseng Renewing Serum Ex ₹12750 15% Off Regular price ₹15000. Discounted price ₹12750. 15% Off.  Enjoy Free Gift  ( 66 ),17900,15000,-2900
Sulwhasoo Concentrated Ginseng Renewing Serum Ex ₹12750 15% Off Regular price ₹15000. Discounted price ₹12750. 15% Off.  Enjoy Free Gift  ( 66 ),17900,15000,-2900
Sulwhasoo Concentrated Ginseng Renewing Serum Ex ₹12750 15% Off Regular price ₹15000. Discounted price ₹12750. 15% Off.  Enjoy Free Gift  ( 66 ),17900,15000,-2900
Sulwhasoo Concentrated Ginseng Renewing Serum Ex ₹12750 15% Off Regular price ₹15000. Discounted price ₹12750. 15% Off.  Enjoy Free Gift  ( 66 ),17900,15000,-2900
Dot & Key Blueberry Hydrate Barrier Repair Milky Toner Essen... ₹377 16% Off Regular price ₹449. Discounted price ₹377. 16% Off. ( 384 ),399,449,50
Dot & Key Blueberry Hydrate Barrier Repair Milky Toner Essen... ₹377 16% Off Regular price ₹449. Discounted price ₹377. 16% Off. ( 384 ),399,449,50
Dot & Key Blueberry Hydrate Barrier Repair Milky Toner Essen... ₹377 16% Off Regular price ₹449. Discounted price ₹377. 16% Off. ( 384 ),399,449,50
Dot & Key Blueberry Hydrate Barrier Repair Milky Toner Essen... ₹377 16% Off Regular price ₹449. Discounted price ₹377. 16% Off. ( 384 ),399,449,50
Dot & Key Blueberry Hydrate Barrier Repair Milky Toner Essen... ₹377 16% Off Regular price ₹449. Discounted price ₹377. 16% Off. ( 384 ),399,449,50
Dot & Key Blueberry Hydrate Barrier Repair Milky Toner Essen... ₹377 16% Off Regular price ₹449. Discounted price ₹377. 16% Off. ( 384 ),399,449,50
Dot & Key Blueberry Hydrate Barrier Repair Milky Toner Essen... ₹377 16% Off Regular price ₹449. Discounted price ₹377. 16% Off. ( 384 ),399,449,50
Dot & Key Blueberry Hydrate Barrier Repair Milky Toner Essen... ₹377 16% Off Regular price ₹449. Discounted price ₹377. 16% Off. ( 384 ),399,449,50
Dot & Key Blueberry Hydrate Barrier Repair Milky Toner Essen... ₹377 16% Off Regular price ₹449. Discounted price ₹377. 16% Off. ( 384 ),399,449,50
Dot & Key Blueberry Hydrate Barrier Repair Milky Toner Essen... ₹377 16% Off Regular price ₹449. Discounted price ₹377. 16% Off. ( 384 ),399,449,50
Dot & Key Blueberry Hydrate Barrier Repair Milky Toner Essen... ₹377 16% Off Regular price ₹449. Discounted price ₹377. 16% Off. ( 384 ),399,449,50
"The Face Shop Rice & Ceramide Moisturizing Skincare Set, Com... ₹854 5% Off Regular price ₹899. Discounted price ₹854. 5% Off. ( 1377 )",990,899,-91
"The Face Shop Rice & Ceramide Moisturizing Skincare Set, Com... ₹854 5% Off Regular price ₹899. Discounted price ₹854. 5% Off. ( 1377 )",990,899,-91
"The Face Shop Rice & Ceramide Moisturizing Skincare Set, Com... ₹854 5% Off Regular price ₹899. Discounted price ₹854. 5% Off. ( 1377 )",990,899,-91
"The Face Shop Rice & Ceramide Moisturizing Skincare Set, Com... ₹854 5% Off Regular price ₹899. Discounted price ₹854. 5% Off. ( 1377 )",990,899,-91
Aqualogica Illuminate + Hydra Gel Moisturizer With Alpha Arb... ₹439 12% Off Regular price ₹499. Discounted price ₹439. 12% Off. ( 2125 ),299,499,200
Aqualogica Illuminate + Hydra Gel Moisturizer With Alpha Arb... ₹439 12% Off Regular price ₹499. Discounted price ₹439. 12% Off. ( 2125 ),299,499,200
Aqualogica Illuminate + Hydra Gel Moisturizer With Alpha Arb... ₹439 12% Off Regular price ₹499. Discounted price ₹439. 12% Off. ( 2125 ),299,499,200
Aqualogica Illuminate + Hydra Gel Moisturizer With Alpha Arb... ₹439 12% Off Regular price ₹499. Discounted price ₹439. 12% Off. ( 2125 ),299,499,200
Cetaphil Bright Healthy Radiance Day And Night Cream ₹2338 10% Off Regular price ₹2598. Discounted price ₹2338. 10% Off. ( 44563 ),3297,2598,-699
Cetaphil Bright Healthy Radiance Day And Night Cream ₹2338 10% Off Regular price ₹2598. Discounted price ₹2338. 10% Off. ( 44563 ),3297,2598,-699
Cetaphil Bright Healthy Radiance Day And Night Cream ₹2338 10% Off Regular price ₹2598. Discounted price ₹2338. 10% Off. ( 44563 ),3297,2598,-699
Cetaphil Bright Healthy Radiance Day And Night Cream ₹2338 10% Off Regular price ₹2598. Discounted price ₹2338. 10% Off. ( 44563 ),3297,2598,-699
Neutrogena Hydro Boost Hyaluronic Acid Night Cream & Moistur... ₹1301 4% Off Regular price ₹1355. Discounted price ₹1301. 4% Off. ( 1139 ),990,1355,365
Neutrogena Hydro Boost Hyaluronic Acid Night Cream & Moistur... ₹1301 4% Off Regular price ₹1355. Discounted price ₹1301. 4% Off. ( 1139 ),990,1355,365
Neutrogena Hydro Boost Hyaluronic Acid Night Cream & Moistur... ₹1301 4% Off Regular price ₹1355. Discounted price ₹1301. 4% Off. ( 1139 ),990,1355,365
Neutrogena Hydro Boost Hyaluronic Acid Night Cream & Moistur... ₹1301 4% Off Regular price ₹1355. Discounted price ₹1301. 4% Off. ( 1139 ),990,1355,365
Neutrogena Hydro Boost Hyaluronic Acid Night Cream & Moistur... ₹1301 4% Off Regular price ₹1355. Discounted price ₹1301. 4% Off. ( 1139 ),1190,1355,165
Neutrogena Hydro Boost Hyaluronic Acid Night Cream & Moistur... ₹1301 4% Off Regular price ₹1355. Discounted price ₹1301. 4% Off. ( 1139 ),1190,1355,165
Neutrogena Hydro Boost Hyaluronic Acid Night Cream & Moistur... ₹1301 4% Off Regular price ₹1355. Discounted price ₹1301. 4% Off. ( 1139 ),1190,1355,165
Neutrogena Hydro Boost Hyaluronic Acid Night Cream & Moistur... ₹1301 4% Off Regular price ₹1355. Discounted price ₹1301. 4% Off. ( 1139 ),1190,1355,165
Neutrogena Hydro Boost Hyaluronic Acid Night Cream & Moistur... ₹1301 4% Off Regular price ₹1355. Discounted price ₹1301. 4% Off. ( 1139 ),1315,1355,40
Neutrogena Hydro Boost Hyaluronic Acid Night Cream & Moistur... ₹1301 4% Off Regular price ₹1355. Discounted price ₹1301. 4% Off. ( 1139 ),1315,1355,40
Neutrogena Hydro Boost Hyaluronic Acid Night Cream & Moistur... ₹1301 4% Off Regular price ₹1355. Discounted price ₹1301. 4% Off. ( 1139 ),1315,1355,40
Neutrogena Hydro Boost Hyaluronic Acid Night Cream & Moistur... ₹1301 4% Off Regular price ₹1355. Discounted price ₹1301. 4% Off. ( 1139 ),1315,1355,40
Aqualogica Glow+ Hydra Gel Moisturizer With Papaya & Vitamin... ₹299 ( 457 ),499,299,-200
Aqualogica Glow+ Hydra Gel Moisturizer With Papaya & Vitamin... ₹299 ( 457 ),499,299,-200
Aqualogica Glow+ Hydra Gel Moisturizer With Papaya & Vitamin... ₹299 ( 457 ),499,299,-200
Aqualogica Glow+ Hydra Gel Moisturizer With Papaya & Vitamin... ₹299 ( 457 ),499,299,-200
The Ordinary Natural Moisturizing Factors + Beta Glucan ₹1450 ( 636 ),700,1450,750
The Ordinary Natural Moisturizing Factors + Beta Glucan ₹1450 ( 636 ),700,1450,750
The Ordinary Natural Moisturizing Factors + Beta Glucan ₹1450 ( 636 ),700,1450,750
The Ordinary Natural Moisturizing Factors + Beta Glucan ₹1450 ( 636 ),700,1450,750
The Ordinary Natural Moisturizing Factors + Beta Glucan ₹1450 ( 636 ),2400,1450,-950
The Ordinary Natural Moisturizing Factors + Beta Glucan ₹1450 ( 636 ),2400,1450,-950
The Ordinary Natural Moisturizing Factors + Beta Glucan ₹1450 ( 636 ),2400,1450,-950
The Ordinary Natural Moisturizing Factors + Beta Glucan ₹1450 ( 636 ),2400,1450,-950
Aqualogica Glow+ Hydra Gel Moisturizer With Papaya & Vitamin... ₹439 12% Off Regular price ₹499. Discounted price ₹439. 12% Off. ( 1261 ),299,499,200
Aqualogica Glow+ Hydra Gel Moisturizer With Papaya & Vitamin... ₹439 12% Off Regular price ₹499. Discounted price ₹439. 12% Off. ( 1261 ),299,499,200
Aqualogica Glow+ Hydra Gel Moisturizer With Papaya & Vitamin... ₹439 12% Off Regular price ₹499. Discounted price ₹439. 12% Off. ( 1261 ),299,499,200
Aqualogica Glow+ Hydra Gel Moisturizer With Papaya & Vitamin... ₹439 12% Off Regular price ₹499. Discounted price ₹439. 12% Off. ( 1261 ),299,499,200
Neutrogena Ultra Gentle Daily Face Moisturizer With Glycerin... ₹675 10% Off Regular price ₹750. Discounted price ₹675. 10% Off. ( 172 ),800,750,-50
Neutrogena Ultra Gentle Daily Face Moisturizer With Glycerin... ₹675 10% Off Regular price ₹750. Discounted price ₹675. 10% Off. ( 172 ),800,750,-50
Neutrogena Ultra Gentle Daily Face Moisturizer With Glycerin... ₹675 10% Off Regular price ₹750. Discounted price ₹675. 10% Off. ( 172 ),800,750,-50
Neutrogena Ultra Gentle Daily Face Moisturizer With Glycerin... ₹675 10% Off Regular price ₹750. Discounted price ₹675. 10% Off. ( 172 ),800,750,-50
Hyphen 2% Ceramide-Peptide Complex Barrier Repair Moisturize... ₹404 10% Off Regular price ₹449. Discounted price ₹404. 10% Off. ( 1634 ),499,449,-50
Hyphen 2% Ceramide-Peptide Complex Barrier Repair Moisturize... ₹404 10% Off Regular price ₹449. Discounted price ₹404. 10% Off. ( 1634 ),499,449,-50
Hyphen 2% Ceramide-Peptide Complex Barrier Repair Moisturize... ₹404 10% Off Regular price ₹449. Discounted price ₹404. 10% Off. ( 1634 ),499,449,-50
Hyphen 2% Ceramide-Peptide Complex Barrier Repair Moisturize... ₹404 10% Off Regular price ₹449. Discounted price ₹404. 10% Off. ( 1634 ),499,449,-50
"Vaseline Cloud Soft Light Moisturiser,100 Hours Non-Sticky H... ₹397 25% Off Regular price ₹529. Discounted price ₹397. 25% Off. ( 1042 )",520,529,9
"Vaseline Cloud Soft Light Moisturiser,100 Hours Non-Sticky H... ₹397 25% Off Regular price ₹529. Discounted price ₹397. 25% Off. ( 1042 )",520,529,9
"Vaseline Cloud Soft Light Moisturiser,100 Hours Non-Sticky H... ₹397 25% Off Regular price ₹529. Discounted price ₹397. 25% Off. ( 1042 )",520,529,9
"Vaseline Cloud Soft Light Moisturiser,100 Hours Non-Sticky H... ₹397 25% Off Regular price ₹529. Discounted price ₹397. 25% Off. ( 1042 )",520,529,9
"The Face Shop Rice & Ceramide Moisturizing Skincare Set, Com... ₹854 5% Off Regular price ₹899. Discounted price ₹854. 5% Off. ( 1377 )",990,899,-91
"The Face Shop Rice & Ceramide Moisturizing Skincare Set, Com... ₹854 5% Off Regular price ₹899. Discounted price ₹854. 5% Off. ( 1377 )",990,899,-91
"The Face Shop Rice & Ceramide Moisturizing Skincare Set, Com... ₹854 5% Off Regular price ₹899. Discounted price ₹854. 5% Off. ( 1377 )",990,899,-91
"The Face Shop Rice & Ceramide Moisturizing Skincare Set, Com... ₹854 5% Off Regular price ₹899. Discounted price ₹854. 5% Off. ( 1377 )",990,899,-91
Lotus Herbals WhiteGlow Skin Whitening & Brightening Gel Cre... ₹570 ( 27241 ),365,570,205
Lotus Herbals WhiteGlow Skin Whitening & Brightening Gel Cre... ₹570 ( 27241 ),365,570,205
Lotus Herbals WhiteGlow Skin Whitening & Brightening Gel Cre... ₹570 ( 27241 ),365,570,205
Lotus Herbals WhiteGlow Skin Whitening & Brightening Gel Cre... ₹570 ( 27241 ),470,570,100
Lotus Herbals WhiteGlow Skin Whitening & Brightening Gel Cre... ₹570 ( 27241 ),470,570,100
Lotus Herbals WhiteGlow Skin Whitening & Brightening Gel Cre... ₹570 ( 27241 ),470,570,100
Lotus Professional PhytoRx Whitening & Brightening Face Seru... ₹718 15% Off Regular price ₹845. Discounted price ₹718. 15% Off. ( 5763 ),785,845,60
Lotus Professional PhytoRx Whitening & Brightening Face Seru... ₹718 15% Off Regular price ₹845. Discounted price ₹718. 15% Off. ( 5763 ),785,845,60
Lotus Professional PhytoRx Whitening & Brightening Face Seru... ₹718 15% Off Regular price ₹845. Discounted price ₹718. 15% Off. ( 5763 ),785,845,60
Lotus Professional PhytoRx Whitening & Brightening Face Seru... ₹718 15% Off Regular price ₹845. Discounted price ₹718. 15% Off. ( 5763 ),785,845,60
Lotus Professional PhytoRx Whitening & Brightening Face Seru... ₹718 15% Off Regular price ₹845. Discounted price ₹718. 15% Off. ( 5763 ),1580,845,-735
Lotus Professional PhytoRx Whitening & Brightening Face Seru... ₹718 15% Off Regular price ₹845. Discounted price ₹718. 15% Off. ( 5763 ),1580,845,-735
Lotus Professional PhytoRx Whitening & Brightening Face Seru... ₹718 15% Off Regular price ₹845. Discounted price ₹718. 15% Off. ( 5763 ),1580,845,-735
Lotus Professional PhytoRx Whitening & Brightening Face Seru... ₹718 15% Off Regular price ₹845. Discounted price ₹718. 15% Off. ( 5763 ),1580,845,-735
LANEIGE Water Bank Blue Hyaluronic Serum ₹2600 20% Off Regular price ₹3250. Discounted price ₹2600. 20% Off.  Enjoy Free Gift  ( 384 ),1680,3250,1570
LANEIGE Water Bank Blue Hyaluronic Serum ₹2600 20% Off Regular price ₹3250. Discounted price ₹2600. 20% Off.  Enjoy Free Gift  ( 384 ),1680,3250,1570
LANEIGE Water Bank Blue Hyaluronic Serum ₹2600 20% Off Regular price ₹3250. Discounted price ₹2600. 20% Off.  Enjoy Free Gift  ( 384 ),1680,3250,1570
LANEIGE Water Bank Blue Hyaluronic Serum ₹2600 20% Off Regular price ₹3250. Discounted price ₹2600. 20% Off.  Enjoy Free Gift  ( 384 ),1680,3250,1570
LANEIGE Water Bank Blue Hyaluronic Serum ₹2600 20% Off Regular price ₹3250. Discounted price ₹2600. 20% Off.  Enjoy Free Gift  ( 384 ),1680,3250,1570
LANEIGE Water Bank Blue Hyaluronic Serum ₹2600 20% Off Regular price ₹3250. Discounted price ₹2600. 20% Off.  Enjoy Free Gift  ( 384 ),1680,3250,1570
LANEIGE Water Bank Blue Hyaluronic Serum ₹2600 20% Off Regular price ₹3250. Discounted price ₹2600. 20% Off.  Enjoy Free Gift  ( 384 ),1680,3250,1570
LANEIGE Water Bank Blue Hyaluronic Serum ₹2600 20% Off Regular price ₹3250. Discounted price ₹2600. 20% Off.  Enjoy Free Gift  ( 384 ),1680,3250,1570
LANEIGE Water Bank Blue Hyaluronic Serum ₹2600 20% Off Regular price ₹3250. Discounted price ₹2600. 20% Off.  Enjoy Free Gift  ( 384 ),1680,3250,1570
LANEIGE Water Bank Blue Hyaluronic Serum ₹2600 20% Off Regular price ₹3250. Discounted price ₹2600. 20% Off.  Enjoy Free Gift  ( 384 ),1680,3250,1570
LANEIGE Water Bank Blue Hyaluronic Serum ₹2600 20% Off Regular price ₹3250. Discounted price ₹2600. 20% Off.  Enjoy Free Gift  ( 384 ),1680,3250,1570
LANEIGE Water Bank Blue Hyaluronic Serum ₹2600 20% Off Regular price ₹3250. Discounted price ₹2600. 20% Off.  Enjoy Free Gift  ( 384 ),1680,3250,1570
LANEIGE Water Bank Blue Hyaluronic Serum ₹2600 20% Off Regular price ₹3250. Discounted price ₹2600. 20% Off.  Enjoy Free Gift  ( 384 ),1680,3250,1570
LANEIGE Water Bank Blue Hyaluronic Serum ₹2600 20% Off Regular price ₹3250. Discounted price ₹2600. 20% Off.  Enjoy Free Gift  ( 384 ),1680,3250,1570
LANEIGE Water Bank Blue Hyaluronic Serum ₹2600 20% Off Regular price ₹3250. Discounted price ₹2600. 20% Off.  Enjoy Free Gift  ( 384 ),2900,3250,350
LANEIGE Water Bank Blue Hyaluronic Serum ₹2600 20% Off Regular price ₹3250. Discounted price ₹2600. 20% Off.  Enjoy Free Gift  ( 384 ),2900,3250,350
LANEIGE Water Bank Blue Hyaluronic Serum ₹2600 20% Off Regular price ₹3250. Discounted price ₹2600. 20% Off.  Enjoy Free Gift  ( 384 ),2900,3250,350
LANEIGE Water Bank Blue Hyaluronic Serum ₹2600 20% Off Regular price ₹3250. Discounted price ₹2600. 20% Off.  Enjoy Free Gift  ( 384 ),2900,3250,350
"Olay Total Effects Day Cream, Fights 7 Signs of Ageing With ... ₹899 10% Off Regular price ₹999. Discounted price ₹899. 10% Off. ( 2223 )",429,999,570
"Olay Total Effects Day Cream, Fights 7 Signs of Ageing With ... ₹899 10% Off Regular price ₹999. Discounted price ₹899. 10% Off. ( 2223 )",429,999,570
"Olay Total Effects Day Cream, Fights 7 Signs of Ageing With ... ₹899 10% Off Regular price ₹999. Discounted price ₹899. 10% Off. ( 2223 )",429,999,570
"Olay Total Effects Day Cream, Fights 7 Signs of Ageing With ... ₹899 10% Off Regular price ₹999. Discounted price ₹899. 10% Off. ( 2223 )",429,999,570
Physiogel Calming Relief Anti Irritant Face Moisturizer Crea... ₹725 ( 854 ),730,725,-5
Physiogel Calming Relief Anti Irritant Face Moisturizer Crea... ₹725 ( 854 ),730,725,-5
Physiogel Calming Relief Anti Irritant Face Moisturizer Crea... ₹725 ( 854 ),730,725,-5
Physiogel Calming Relief Anti Irritant Face Moisturizer Crea... ₹725 ( 854 ),730,725,-5
Clinique Dramatically Different Moisturizing Lotion SPF 50 -... ₹3500  Enjoy Complimentary Gift  ( 7 ),1300,3500,2200
Clinique Dramatically Different Moisturizing Lotion SPF 50 -... ₹3500  Enjoy Complimentary Gift  ( 7 ),1300,3500,2200
Clinique Dramatically Different Moisturizing Lotion SPF 50 -... ₹3500  Enjoy Complimentary Gift  ( 7 ),1300,3500,2200
Clinique Dramatically Different Moisturizing Lotion SPF 50 -... ₹3500  Enjoy Complimentary Gift  ( 7 ),1300,3500,2200
Clinique Dramatically Different Moisturizing Lotion SPF 50 -... ₹3500  Enjoy Complimentary Gift  ( 7 ),1300,3500,2200
Clinique Dramatically Different Moisturizing Lotion SPF 50 -... ₹3500  Enjoy Complimentary Gift  ( 7 ),1300,3500,2200
Clinique Dramatically Different Moisturizing Lotion SPF 50 -... ₹3500  Enjoy Complimentary Gift  ( 7 ),1300,3500,2200
Clinique Dramatically Different Moisturizing Lotion SPF 50 -... ₹3500  Enjoy Complimentary Gift  ( 7 ),5150,3500,-1650
Clinique Dramatically Different Moisturizing Lotion SPF 50 -... ₹3500  Enjoy Complimentary Gift  ( 7 ),5150,3500,-1650
Clinique Dramatically Different Moisturizing Lotion SPF 50 -... ₹3500  Enjoy Complimentary Gift  ( 7 ),5150,3500,-1650
Clinique Dramatically Different Moisturizing Lotion SPF 50 -... ₹3500  Enjoy Complimentary Gift  ( 7 ),5150,3500,-1650
Clinique Dramatically Different Moisturizing Lotion SPF 50 -... ₹3500  Enjoy Complimentary Gift  ( 7 ),5150,3500,-1650
Clinique Dramatically Different Moisturizing Lotion SPF 50 -... ₹3500  Enjoy Complimentary Gift  ( 7 ),5150,3500,-1650
Clinique Dramatically Different Moisturizing Lotion SPF 50 -... ₹3500  Enjoy Complimentary Gift  ( 7 ),5150,3500,-1650
Clinique Dramatically Different Moisturizing Lotion SPF 50 -... ₹3500  Enjoy Complimentary Gift  ( 7 ),5150,3500,-1650
Forest Essentials Light Hydrating Facial Gel with Pure Rosew... ₹1875  Enjoy Complimentary Gift  ( 445 ),1775,1875,100
Forest Essentials Light Hydrating Facial Gel with Pure Rosew... ₹1875  Enjoy Complimentary Gift  ( 445 ),1775,1875,100
Forest Essentials Light Hydrating Facial Gel with Pure Rosew... ₹1875  Enjoy Complimentary Gift  ( 445 ),1775,1875,100
Forest Essentials Light Hydrating Facial Gel with Pure Rosew... ₹1875  Enjoy Complimentary Gift  ( 445 ),1775,1875,100
Garnier Bright Complete Vitamin C+ Serum with 10% Pure Vitam... ₹326 1% Off Regular price ₹329. Discounted price ₹326. 1% Off. ( 2587 ),199,329,130
Garnier Bright Complete Vitamin C+ Serum with 10% Pure Vitam... ₹326 1% Off Regular price ₹329. Discounted price ₹326. 1% Off. ( 2587 ),199,329,130
Garnier Bright Complete Vitamin C+ Serum with 10% Pure Vitam... ₹326 1% Off Regular price ₹329. Discounted price ₹326. 1% Off. ( 2587 ),199,329,130
Garnier Bright Complete Vitamin C+ Serum with 10% Pure Vitam... ₹326 1% Off Regular price ₹329. Discounted price ₹326. 1% Off. ( 2587 ),249,329,80
Garnier Bright Complete Vitamin C+ Serum with 10% Pure Vitam... ₹326 1% Off Regular price ₹329. Discounted price ₹326. 1% Off. ( 2587 ),249,329,80
Garnier Bright Complete Vitamin C+ Serum with 10% Pure Vitam... ₹326 1% Off Regular price ₹329. Discounted price ₹326. 1% Off. ( 2587 ),249,329,80
Garnier Bright Complete Vitamin C+ Serum with 10% Pure Vitam... ₹326 1% Off Regular price ₹329. Discounted price ₹326. 1% Off. ( 2587 ),319,329,10
Garnier Bright Complete Vitamin C+ Serum with 10% Pure Vitam... ₹326 1% Off Regular price ₹329. Discounted price ₹326. 1% Off. ( 2587 ),319,329,10
Garnier Bright Complete Vitamin C+ Serum with 10% Pure Vitam... ₹326 1% Off Regular price ₹329. Discounted price ₹326. 1% Off. ( 2587 ),319,329,10
Garnier Bright Complete Vitamin C+ Serum with 10% Pure Vitam... ₹326 1% Off Regular price ₹329. Discounted price ₹326. 1% Off. ( 2587 ),319,329,10
Garnier Bright Complete Vitamin C+ Serum with 10% Pure Vitam... ₹326 1% Off Regular price ₹329. Discounted price ₹326. 1% Off. ( 2587 ),319,329,10
Garnier Bright Complete Vitamin C+ Serum with 10% Pure Vitam... ₹326 1% Off Regular price ₹329. Discounted price ₹326. 1% Off. ( 2587 ),319,329,10
Garnier Bright Complete Vitamin C+ Serum with 10% Pure Vitam... ₹326 1% Off Regular price ₹329. Discounted price ₹326. 1% Off. ( 2587 ),319,329,10
Garnier Bright Complete Vitamin C+ Serum with 10% Pure Vitam... ₹326 1% Off Regular price ₹329. Discounted price ₹326. 1% Off. ( 2587 ),319,329,10
"Deconstruct Retinol & Peptide Serum, 0.2% Retinol + 1% Pepti... ₹615 23% Off Regular price ₹799. Discounted price ₹615. 23% Off. ( 3538 )",1598,799,-799
"Deconstruct Retinol & Peptide Serum, 0.2% Retinol + 1% Pepti... ₹615 23% Off Regular price ₹799. Discounted price ₹615. 23% Off. ( 3538 )",1598,799,-799
Himalaya Dark Spot Clearing Turmeric Face Serum ₹439 20% Off Regular price ₹549. Discounted price ₹439. 20% Off. ( 761 ),275,549,274
Himalaya Dark Spot Clearing Turmeric Face Serum ₹439 20% Off Regular price ₹549. Discounted price ₹439. 20% Off. ( 761 ),275,549,274
Himalaya Dark Spot Clearing Turmeric Face Serum ₹439 20% Off Regular price ₹549. Discounted price ₹439. 20% Off. ( 761 ),275,549,274
Himalaya Dark Spot Clearing Turmeric Face Serum ₹439 20% Off Regular price ₹549. Discounted price ₹439. 20% Off. ( 761 ),275,549,274
Himalaya Dark Spot Clearing Turmeric Face Serum ₹439 20% Off Regular price ₹549. Discounted price ₹439. 20% Off. ( 761 ),299,549,250
Himalaya Dark Spot Clearing Turmeric Face Serum ₹439 20% Off Regular price ₹549. Discounted price ₹439. 20% Off. ( 761 ),299,549,250
Himalaya Dark Spot Clearing Turmeric Face Serum ₹439 20% Off Regular price ₹549. Discounted price ₹439. 20% Off. ( 761 ),299,549,250
Himalaya Dark Spot Clearing Turmeric Face Serum ₹439 20% Off Regular price ₹549. Discounted price ₹439. 20% Off. ( 761 ),299,549,250
Himalaya Brightening Vitamin C Orange Face Serum for Glowing... ₹254 15% Off Regular price ₹299. Discounted price ₹254. 15% Off. ( 236 ),549,299,-250
Himalaya Brightening Vitamin C Orange Face Serum for Glowing... ₹254 15% Off Regular price ₹299. Discounted price ₹254. 15% Off. ( 236 ),549,299,-250
Himalaya Brightening Vitamin C Orange Face Serum for Glowing... ₹254 15% Off Regular price ₹299. Discounted price ₹254. 15% Off. ( 236 ),549,299,-250
Himalaya Brightening Vitamin C Orange Face Serum for Glowing... ₹254 15% Off Regular price ₹299. Discounted price ₹254. 15% Off. ( 236 ),549,299,-250
Lotus Botanicals Skin Brightening Day Cream with Vitamin C S... ₹685 ( 2579 ),695,685,-10
Lotus Botanicals Skin Brightening Day Cream with Vitamin C S... ₹685 ( 2579 ),695,685,-10
Lotus Botanicals Skin Brightening Day Cream with Vitamin C S... ₹685 ( 2579 ),695,685,-10
Lotus Botanicals Skin Brightening Day Cream with Vitamin C S... ₹685 ( 2579 ),695,685,-10
Lotus Botanicals Skin Brightening Day Cream with Vitamin C S... ₹685 ( 2579 ),2370,685,-1685
Lotus Botanicals Skin Brightening Day Cream with Vitamin C S... ₹685 ( 2579 ),2370,685,-1685
Lotus Botanicals Skin Brightening Day Cream with Vitamin C S... ₹685 ( 2579 ),2370,685,-1685
Pilgrim 24k Gold Gel Moisturizer With Hyaluronic Acid & Alph... ₹501 37% Off Regular price ₹795. Discounted price ₹501. 37% Off. ( 889 ),1590,795,-795
Pilgrim 24k Gold Gel Moisturizer With Hyaluronic Acid & Alph... ₹501 37% Off Regular price ₹795. Discounted price ₹501. 37% Off. ( 889 ),1590,795,-795
Pilgrim 24k Gold Gel Moisturizer With Hyaluronic Acid & Alph... ₹501 37% Off Regular price ₹795. Discounted price ₹501. 37% Off. ( 889 ),1590,795,-795
Pilgrim 5 Ceramides Barrier Repair Moisturizer ₹296 25% Off Regular price ₹395. Discounted price ₹296. 25% Off. ( 927 ),790,395,-395
Pilgrim 5 Ceramides Barrier Repair Moisturizer ₹296 25% Off Regular price ₹395. Discounted price ₹296. 25% Off. ( 927 ),790,395,-395
Pilgrim 5 Ceramides Barrier Repair Moisturizer ₹296 25% Off Regular price ₹395. Discounted price ₹296. 25% Off. ( 927 ),790,395,-395
d'Alba piedmont White Truffle Double Layer Revitalizing Seru... ₹2430 10% Off Regular price ₹2700. Discounted price ₹2430. 10% Off. ( 8 ),3000,2700,-300
d'Alba piedmont White Truffle Double Layer Revitalizing Seru... ₹2430 10% Off Regular price ₹2700. Discounted price ₹2430. 10% Off. ( 8 ),3000,2700,-300
d'Alba piedmont White Truffle Double Layer Revitalizing Seru... ₹2430 10% Off Regular price ₹2700. Discounted price ₹2430. 10% Off. ( 8 ),3000,2700,-300
d'Alba piedmont White Truffle Double Layer Revitalizing Seru... ₹2430 10% Off Regular price ₹2700. Discounted price ₹2430. 10% Off. ( 8 ),3000,2700,-300
d'Alba piedmont White Truffle Double Layer Revitalizing Seru... ₹2430 10% Off Regular price ₹2700. Discounted price ₹2430. 10% Off. ( 8 ),3000,2700,-300
d'Alba piedmont White Truffle Double Layer Revitalizing Seru... ₹2430 10% Off Regular price ₹2700. Discounted price ₹2430. 10% Off. ( 8 ),3000,2700,-300
d'Alba piedmont White Truffle Double Layer Revitalizing Seru... ₹2430 10% Off Regular price ₹2700. Discounted price ₹2430. 10% Off. ( 8 ),3000,2700,-300
Pilgrim 24K Gold Face Serum with Niacinamide & Hyaluronic Ac... ₹556 20% Off Regular price ₹695. Discounted price ₹556. 20% Off. ( 2830 ),1390,695,-695
Pilgrim 24K Gold Face Serum with Niacinamide & Hyaluronic Ac... ₹556 20% Off Regular price ₹695. Discounted price ₹556. 20% Off. ( 2830 ),1390,695,-695
Pilgrim Retinol & Hyaluronic Acid Lift & Firm Serum ₹533 18% Off Regular price ₹650. Discounted price ₹533. 18% Off. ( 2829 ),1300,650,-650
Pilgrim Retinol & Hyaluronic Acid Lift & Firm Serum ₹533 18% Off Regular price ₹650. Discounted price ₹533. 18% Off. ( 2829 ),1300,650,-650
Biodance Pore Perfecting Collagen Peptide Serum ₹1948 5% Off Regular price ₹2050. Discounted price ₹1948. 5% Off. ( 4 ),2500,2050,-450
Biodance Pore Perfecting Collagen Peptide Serum ₹1948 5% Off Regular price ₹2050. Discounted price ₹1948. 5% Off. ( 4 ),2500,2050,-450
Biodance Pore Perfecting Collagen Peptide Serum ₹1948 5% Off Regular price ₹2050. Discounted price ₹1948. 5% Off. ( 4 ),2500,2050,-450
Forest Essentials Light Hydrating Facial Gel with Pure Aloe ... ₹1775  Enjoy Complimentary Gift  ( 545 ),1875,1775,-100
Forest Essentials Light Hydrating Facial Gel with Pure Aloe ... ₹1775  Enjoy Complimentary Gift  ( 545 ),1875,1775,-100
Forest Essentials Light Hydrating Facial Gel with Pure Aloe ... ₹1775  Enjoy Complimentary Gift  ( 545 ),1875,1775,-100
Forest Essentials Light Hydrating Facial Gel with Pure Aloe ... ₹1775  Enjoy Complimentary Gift  ( 545 ),1875,1775,-100
"TONYMOLY Korean Intense Care Gold 24K Snail Serum to Firm, B... ₹2610 15% Off Regular price ₹3070. Discounted price ₹2610. 15% Off. ( 60 )",2000,3070,1070
"TONYMOLY Korean Intense Care Gold 24K Snail Serum to Firm, B... ₹2610 15% Off Regular price ₹3070. Discounted price ₹2610. 15% Off. ( 60 )",2000,3070,1070
"TONYMOLY Korean Intense Care Gold 24K Snail Serum to Firm, B... ₹2610 15% Off Regular price ₹3070. Discounted price ₹2610. 15% Off. ( 60 )",2000,3070,1070
L'Occitane Immortelle Reset Serum Refill ₹5900  Extra 10% Off  ( 862 ),7200,5900,-1300
L'Occitane Immortelle Reset Serum Refill ₹5900  Extra 10% Off  ( 862 ),7200,5900,-1300
L'Occitane Immortelle Reset Serum Refill ₹5900  Extra 10% Off  ( 862 ),7200,5900,-1300
Lotus Herbals WhiteGlow Deep Moisturising Face Cream SPF 20 ... ₹335 ( 1663 ),450,335,-115
Lotus Herbals WhiteGlow Deep Moisturising Face Cream SPF 20 ... ₹335 ( 1663 ),450,335,-115
Lotus Herbals WhiteGlow Deep Moisturising Face Cream SPF 20 ... ₹335 ( 1663 ),450,335,-115
Lotus Herbals WhiteGlow Deep Moisturising Face Cream SPF 20 ... ₹335 ( 1663 ),450,335,-115
"Olay Total Effects Day Cream With SPF 15 Normal, Fights 7 Si... ₹429 ( 5844 )",999,429,-570
"Olay Total Effects Day Cream With SPF 15 Normal, Fights 7 Si... ₹429 ( 5844 )",999,429,-570
"Olay Total Effects Day Cream With SPF 15 Normal, Fights 7 Si... ₹429 ( 5844 )",999,429,-570
"Olay Total Effects Day Cream With SPF 15 Normal, Fights 7 Si... ₹429 ( 5844 )",999,429,-570
Neutrogena Ultra Gentle Daily Face Moisturizer With SPF 15 ₹480 40% Off Regular price ₹800. Discounted price ₹480. 40% Off. ( 101 ),750,800,50
Neutrogena Ultra Gentle Daily Face Moisturizer With SPF 15 ₹480 40% Off Regular price ₹800. Discounted price ₹480. 40% Off. ( 101 ),750,800,50
Neutrogena Ultra Gentle Daily Face Moisturizer With SPF 15 ₹480 40% Off Regular price ₹800. Discounted price ₹480. 40% Off. ( 101 ),750,800,50
Neutrogena Ultra Gentle Daily Face Moisturizer With SPF 15 ₹480 40% Off Regular price ₹800. Discounted price ₹480. 40% Off. ( 101 ),750,800,50
Clinique Smart Clinical Repair Wrinke Correcting Cream With ... ₹8300  Enjoy Complimentary Gift  ( 84 ),9600,8300,-1300
Clinique Smart Clinical Repair Wrinke Correcting Cream With ... ₹8300  Enjoy Complimentary Gift  ( 84 ),9600,8300,-1300
Clinique Smart Clinical Repair Wrinke Correcting Cream With ... ₹8300  Enjoy Complimentary Gift  ( 84 ),9600,8300,-1300
Clinique Smart Clinical Repair Wrinke Correcting Cream With ... ₹8300  Enjoy Complimentary Gift  ( 84 ),9600,8300,-1300
Clinique Smart Clinical Repair Wrinke Correcting Cream With ... ₹8300  Enjoy Complimentary Gift  ( 84 ),9650,8300,-1350
Clinique Smart Clinical Repair Wrinke Correcting Cream With ... ₹8300  Enjoy Complimentary Gift  ( 84 ),9650,8300,-1350
Clinique Smart Clinical Repair Wrinke Correcting Cream With ... ₹8300  Enjoy Complimentary Gift  ( 84 ),9650,8300,-1350
Clinique Smart Clinical Repair Wrinke Correcting Cream With ... ₹8300  Enjoy Complimentary Gift  ( 84 ),9650,8300,-1350
Aqualogica Barrier+ Hydra Gel Moisturizer With 5 Ceramides &... ₹299 ( 319 ),499,299,-200
Aqualogica Barrier+ Hydra Gel Moisturizer With 5 Ceramides &... ₹299 ( 319 ),499,299,-200
Aqualogica Barrier+ Hydra Gel Moisturizer With 5 Ceramides &... ₹299 ( 319 ),499,299,-200
Aqualogica Barrier+ Hydra Gel Moisturizer With 5 Ceramides &... ₹299 ( 319 ),499,299,-200
Bioderma Anti-Itching Balm-Atoderm Intensive Baume-Ceramides... ₹2850 ( 9 ),1699,2850,1151
Bioderma Anti-Itching Balm-Atoderm Intensive Baume-Ceramides... ₹2850 ( 9 ),1699,2850,1151
Bioderma Anti-Itching Balm-Atoderm Intensive Baume-Ceramides... ₹2850 ( 9 ),1699,2850,1151
Bioderma Anti-Itching Balm-Atoderm Intensive Baume-Ceramides... ₹2850 ( 9 ),1699,2850,1151
Pilgrim 2% Hyaluronic Acid Hydration Super Serum for Glowing... ₹463 15% Off Regular price ₹545. Discounted price ₹463. 15% Off. ( 1477 ),1090,545,-545
Pilgrim 2% Hyaluronic Acid Hydration Super Serum for Glowing... ₹463 15% Off Regular price ₹545. Discounted price ₹463. 15% Off. ( 1477 ),1090,545,-545
"TONYMOLY Korean Wonder Ceramide Mochi Ampoule to Moisturize,... ₹1339 15% Off Regular price ₹1575. Discounted price ₹1339. 15% Off. ( 192 )",1500,1575,75
"TONYMOLY Korean Wonder Ceramide Mochi Ampoule to Moisturize,... ₹1339 15% Off Regular price ₹1575. Discounted price ₹1339. 15% Off. ( 192 )",1500,1575,75
"TONYMOLY Korean Wonder Ceramide Mochi Ampoule to Moisturize,... ₹1339 15% Off Regular price ₹1575. Discounted price ₹1339. 15% Off. ( 192 )",1500,1575,75
"TONYMOLY Korean Wonder Ceramide Mochi Ampoule to Moisturize,... ₹1339 15% Off Regular price ₹1575. Discounted price ₹1339. 15% Off. ( 192 )",1500,1575,75
"TONYMOLY Korean Wonder Ceramide Mochi Ampoule to Moisturize,... ₹1339 15% Off Regular price ₹1575. Discounted price ₹1339. 15% Off. ( 192 )",1500,1575,75
Sulwhasoo Concentrated Ginseng Rejuvenating Cream ₹3420 10% Off Regular price ₹3800. Discounted price ₹3420. 10% Off.  Enjoy Free Gift  ( 196 ),5000,3800,-1200
Sulwhasoo Concentrated Ginseng Rejuvenating Cream ₹3420 10% Off Regular price ₹3800. Discounted price ₹3420. 10% Off.  Enjoy Free Gift  ( 196 ),5000,3800,-1200
Sulwhasoo Concentrated Ginseng Rejuvenating Cream ₹3420 10% Off Regular price ₹3800. Discounted price ₹3420. 10% Off.  Enjoy Free Gift  ( 196 ),5000,3800,-1200
Sulwhasoo Concentrated Ginseng Rejuvenating Cream ₹3420 10% Off Regular price ₹3800. Discounted price ₹3420. 10% Off.  Enjoy Free Gift  ( 196 ),5000,3800,-1200
Sulwhasoo Concentrated Ginseng Rejuvenating Cream ₹3420 10% Off Regular price ₹3800. Discounted price ₹3420. 10% Off.  Enjoy Free Gift  ( 196 ),15000,3800,-11200
Sulwhasoo Concentrated Ginseng Rejuvenating Cream ₹3420 10% Off Regular price ₹3800. Discounted price ₹3420. 10% Off.  Enjoy Free Gift  ( 196 ),15000,3800,-11200
Sulwhasoo Concentrated Ginseng Rejuvenating Cream ₹3420 10% Off Regular price ₹3800. Discounted price ₹3420. 10% Off.  Enjoy Free Gift  ( 196 ),15000,3800,-11200
Sulwhasoo Concentrated Ginseng Rejuvenating Cream ₹3420 10% Off Regular price ₹3800. Discounted price ₹3420. 10% Off.  Enjoy Free Gift  ( 196 ),15000,3800,-11200
Sulwhasoo Concentrated Ginseng Rejuvenating Cream ₹3420 10% Off Regular price ₹3800. Discounted price ₹3420. 10% Off.  Enjoy Free Gift  ( 196 ),17900,3800,-14100
Sulwhasoo Concentrated Ginseng Rejuvenating Cream ₹3420 10% Off Regular price ₹3800. Discounted price ₹3420. 10% Off.  Enjoy Free Gift  ( 196 ),17900,3800,-14100
Sulwhasoo Concentrated Ginseng Rejuvenating Cream ₹3420 10% Off Regular price ₹3800. Discounted price ₹3420. 10% Off.  Enjoy Free Gift  ( 196 ),17900,3800,-14100
Sulwhasoo Concentrated Ginseng Rejuvenating Cream ₹3420 10% Off Regular price ₹3800. Discounted price ₹3420. 10% Off.  Enjoy Free Gift  ( 196 ),17900,3800,-14100
Dot & Key Blueberry Hydrate Barrier Repair Oil-Free Moisturi... ₹339 15% Off Regular price ₹399. Discounted price ₹339. 15% Off. ( 237 ),449,399,-50
Dot & Key Blueberry Hydrate Barrier Repair Oil-Free Moisturi... ₹339 15% Off Regular price ₹399. Discounted price ₹339. 15% Off. ( 237 ),449,399,-50
Dot & Key Blueberry Hydrate Barrier Repair Oil-Free Moisturi... ₹339 15% Off Regular price ₹399. Discounted price ₹339. 15% Off. ( 237 ),449,399,-50
Dot & Key Blueberry Hydrate Barrier Repair Oil-Free Moisturi... ₹339 15% Off Regular price ₹399. Discounted price ₹339. 15% Off. ( 237 ),449,399,-50
Caudalie Resveratrol-Lift Firming Night Cream ₹5625  Offer Available  ( 21 ),4975,5625,650
Caudalie Resveratrol-Lift Firming Night Cream ₹5625  Offer Available  ( 21 ),4975,5625,650
Caudalie Resveratrol-Lift Firming Night Cream ₹5625  Offer Available  ( 21 ),4975,5625,650
Cetaphil Bright Healthy Radiance Day Care Regime ₹2967 10% Off Regular price ₹3297. Discounted price ₹2967. 10% Off. ( 46476 ),2598,3297,699
Cetaphil Bright Healthy Radiance Day Care Regime ₹2967 10% Off Regular price ₹3297. Discounted price ₹2967. 10% Off. ( 46476 ),2598,3297,699
Cetaphil Bright Healthy Radiance Day Care Regime ₹2967 10% Off Regular price ₹3297. Discounted price ₹2967. 10% Off. ( 46476 ),2598,3297,699
Cetaphil Bright Healthy Radiance Day Care Regime ₹2967 10% Off Regular price ₹3297. Discounted price ₹2967. 10% Off. ( 46476 ),2598,3297,699
Cetaphil Bright Healthy Radiance Day Care Regime ₹2967 10% Off Regular price ₹3297. Discounted price ₹2967. 10% Off. ( 46476 ),2598,3297,699
Cetaphil Bright Healthy Radiance Day Care Regime ₹2967 10% Off Regular price ₹3297. Discounted price ₹2967. 10% Off. ( 46476 ),2598,3297,699
Cetaphil Bright Healthy Radiance Day Care Regime ₹2967 10% Off Regular price ₹3297. Discounted price ₹2967. 10% Off. ( 46476 ),2598,3297,699
Himalaya Natural Glow Rose Face Gel ₹77 15% Off Regular price ₹90. Discounted price ₹77. 15% Off. ( 5784 ),180,90,-90
Himalaya Natural Glow Rose Face Gel ₹77 15% Off Regular price ₹90. Discounted price ₹77. 15% Off. ( 5784 ),180,90,-90
Himalaya Natural Glow Rose Face Gel ₹77 15% Off Regular price ₹90. Discounted price ₹77. 15% Off. ( 5784 ),180,90,-90
Himalaya Natural Glow Rose Face Gel ₹77 15% Off Regular price ₹90. Discounted price ₹77. 15% Off. ( 5784 ),180,90,-90
"Olay Total Effects Night Cream, Fights 7 Signs Of Ageing Wit... ₹429 ( 5825 )",999,429,-570
"Olay Total Effects Night Cream, Fights 7 Signs Of Ageing Wit... ₹429 ( 5825 )",999,429,-570
"Olay Total Effects Night Cream, Fights 7 Signs Of Ageing Wit... ₹429 ( 5825 )",999,429,-570
"Olay Total Effects Night Cream, Fights 7 Signs Of Ageing Wit... ₹429 ( 5825 )",999,429,-570
Pilgrim Aloe Vera Gel With Vitamin E For Glowing Skin & Hair ₹234 15% Off Regular price ₹275. Discounted price ₹234. 15% Off. ( 935 ),550,275,-275
Pilgrim Aloe Vera Gel With Vitamin E For Glowing Skin & Hair ₹234 15% Off Regular price ₹275. Discounted price ₹234. 15% Off. ( 935 ),550,275,-275
"Lotus Botanicals Vitamin C Skin Brightening Facial Kit, Boos... ₹445 ( 323 )",645,445,-200
"Lotus Botanicals Vitamin C Skin Brightening Facial Kit, Boos... ₹445 ( 323 )",645,445,-200
"Lotus Botanicals Vitamin C Skin Brightening Facial Kit, Boos... ₹445 ( 323 )",645,445,-200
"Lotus Botanicals Vitamin C Skin Brightening Facial Kit, Boos... ₹445 ( 323 )",645,445,-200
"Lotus Botanicals Vitamin C Skin Brightening Facial Kit, Boos... ₹445 ( 323 )",845,445,-400
"Lotus Botanicals Vitamin C Skin Brightening Facial Kit, Boos... ₹445 ( 323 )",845,445,-400
"Lotus Botanicals Vitamin C Skin Brightening Facial Kit, Boos... ₹445 ( 323 )",845,445,-400
Dr.Jart+ Cicapair Intensive Soothing Repair Gel Cream With C... ₹3550  Enjoy Complimentary Gift  ( 25 ),2950,3550,600
Dr.Jart+ Cicapair Intensive Soothing Repair Gel Cream With C... ₹3550  Enjoy Complimentary Gift  ( 25 ),2950,3550,600
Dr.Jart+ Cicapair Intensive Soothing Repair Gel Cream With C... ₹3550  Enjoy Complimentary Gift  ( 25 ),3200,3550,350
Dr.Jart+ Cicapair Intensive Soothing Repair Gel Cream With C... ₹3550  Enjoy Complimentary Gift  ( 25 ),3200,3550,350
Dr.Jart+ Cicapair Intensive Soothing Repair Gel Cream With C... ₹3550  Enjoy Complimentary Gift  ( 25 ),3200,3550,350
Dr.Jart+ Cicapair Intensive Soothing Repair Gel Cream With C... ₹3550  Enjoy Complimentary Gift  ( 25 ),3200,3550,350
SK-II Genoptics Infinitaura Essence ₹22499  Enjoy Complimentary Gift ,14999,22499,7500
SK-II Genoptics Infinitaura Essence ₹22499  Enjoy Complimentary Gift ,14999,22499,7500
SK-II Genoptics Infinitaura Essence ₹22499  Enjoy Complimentary Gift ,14999,22499,7500
Olay Regenerist Micro Sculpting Cream Moisturizer With SPF 3... ₹1619 10% Off Regular price ₹1799. Discounted price ₹1619. 10% Off. ( 741 ),2198,1799,-399
Olay Regenerist Micro Sculpting Cream Moisturizer With SPF 3... ₹1619 10% Off Regular price ₹1799. Discounted price ₹1619. 10% Off. ( 741 ),2198,1799,-399
"Celimax Pore + Dark Spot Brightening Serum,Reduces Pigmentat... ₹2699 10% Off Regular price ₹2999. Discounted price ₹2699. 10% Off. ( 8 )",2599,2999,400
"Celimax Pore + Dark Spot Brightening Serum,Reduces Pigmentat... ₹2699 10% Off Regular price ₹2999. Discounted price ₹2699. 10% Off. ( 8 )",2599,2999,400
"Celimax Pore + Dark Spot Brightening Serum,Reduces Pigmentat... ₹2699 10% Off Regular price ₹2999. Discounted price ₹2699. 10% Off. ( 8 )",2599,2999,400
"Celimax Pore + Dark Spot Brightening Serum,Reduces Pigmentat... ₹2699 10% Off Regular price ₹2999. Discounted price ₹2699. 10% Off. ( 8 )",2599,2999,400
Olay Total Effects 7 In One Anti-Ageing Day and Night Regime... ₹1598 20% Off Regular price ₹1998. Discounted price ₹1598. 20% Off. ( 17721 ),858,1998,1140
Olay Total Effects 7 In One Anti-Ageing Day and Night Regime... ₹1598 20% Off Regular price ₹1998. Discounted price ₹1598. 20% Off. ( 17721 ),858,1998,1140
Olay Total Effects 7 In One Anti-Ageing Day and Night Regime... ₹1598 20% Off Regular price ₹1998. Discounted price ₹1598. 20% Off. ( 17721 ),858,1998,1140
Olay Total Effects 7 In One Anti-Ageing Day and Night Regime... ₹1598 20% Off Regular price ₹1998. Discounted price ₹1598. 20% Off. ( 17721 ),858,1998,1140
LANEIGE Water Bank Blue Hyaluronic Gel Moisturizer - Mini ₹1428 15% Off Regular price ₹1680. Discounted price ₹1428. 15% Off.  Enjoy Free Gift  ( 1172 ),2900,1680,-1220
LANEIGE Water Bank Blue Hyaluronic Gel Moisturizer - Mini ₹1428 15% Off Regular price ₹1680. Discounted price ₹1428. 15% Off.  Enjoy Free Gift  ( 1172 ),2900,1680,-1220
LANEIGE Water Bank Blue Hyaluronic Gel Moisturizer - Mini ₹1428 15% Off Regular price ₹1680. Discounted price ₹1428. 15% Off.  Enjoy Free Gift  ( 1172 ),2900,1680,-1220
LANEIGE Water Bank Blue Hyaluronic Gel Moisturizer - Mini ₹1428 15% Off Regular price ₹1680. Discounted price ₹1428. 15% Off.  Enjoy Free Gift  ( 1172 ),2900,1680,-1220
LANEIGE Water Bank Blue Hyaluronic Gel Moisturizer - Mini ₹1428 15% Off Regular price ₹1680. Discounted price ₹1428. 15% Off.  Enjoy Free Gift  ( 1172 ),3250,1680,-1570
LANEIGE Water Bank Blue Hyaluronic Gel Moisturizer - Mini ₹1428 15% Off Regular price ₹1680. Discounted price ₹1428. 15% Off.  Enjoy Free Gift  ( 1172 ),3250,1680,-1570
LANEIGE Water Bank Blue Hyaluronic Gel Moisturizer - Mini ₹1428 15% Off Regular price ₹1680. Discounted price ₹1428. 15% Off.  Enjoy Free Gift  ( 1172 ),3250,1680,-1570
LANEIGE Water Bank Blue Hyaluronic Gel Moisturizer - Mini ₹1428 15% Off Regular price ₹1680. Discounted price ₹1428. 15% Off.  Enjoy Free Gift  ( 1172 ),3250,1680,-1570
Olay Total Effects 7 In One Anti-Ageing Day Cream Normal SPF... ₹858 ( 23231 ),1998,858,-1140
Olay Total Effects 7 In One Anti-Ageing Day Cream Normal SPF... ₹858 ( 23231 ),1998,858,-1140
Olay Total Effects 7 In One Anti-Ageing Day Cream Normal SPF... ₹858 ( 23231 ),1998,858,-1140
Olay Total Effects 7 In One Anti-Ageing Day Cream Normal SPF... ₹858 ( 23231 ),1998,858,-1140
Mamaearth Vitamin C Daily Glow Lumi Cream ₹237 5% Off Regular price ₹249. Discounted price ₹237. 5% Off. ( 16016 ),299,249,-50
Mamaearth Vitamin C Daily Glow Lumi Cream ₹237 5% Off Regular price ₹249. Discounted price ₹237. 5% Off. ( 16016 ),299,249,-50
Mamaearth Vitamin C Daily Glow Lumi Cream ₹237 5% Off Regular price ₹249. Discounted price ₹237. 5% Off. ( 16016 ),299,249,-50
Clinique Dramatically Different Moisturizing Lotion Mini Fac... ₹750 42% Off Regular price ₹1300. Discounted price ₹750. 42% Off.  Enjoy Complimentary Gift  ( 2315 ),3500,1300,-2200
Clinique Dramatically Different Moisturizing Lotion Mini Fac... ₹750 42% Off Regular price ₹1300. Discounted price ₹750. 42% Off.  Enjoy Complimentary Gift  ( 2315 ),3500,1300,-2200
Clinique Dramatically Different Moisturizing Lotion Mini Fac... ₹750 42% Off Regular price ₹1300. Discounted price ₹750. 42% Off.  Enjoy Complimentary Gift  ( 2315 ),5150,1300,-3850
Clinique Dramatically Different Moisturizing Lotion Mini Fac... ₹750 42% Off Regular price ₹1300. Discounted price ₹750. 42% Off.  Enjoy Complimentary Gift  ( 2315 ),5150,1300,-3850
Clinique Dramatically Different Moisturizing Lotion Mini Fac... ₹750 42% Off Regular price ₹1300. Discounted price ₹750. 42% Off.  Enjoy Complimentary Gift  ( 2315 ),5150,1300,-3850
Clinique Dramatically Different Moisturizing Lotion Mini Fac... ₹750 42% Off Regular price ₹1300. Discounted price ₹750. 42% Off.  Enjoy Complimentary Gift  ( 2315 ),5150,1300,-3850
Clinique Dramatically Different Moisturizing Lotion Mini Fac... ₹750 42% Off Regular price ₹1300. Discounted price ₹750. 42% Off.  Enjoy Complimentary Gift  ( 2315 ),5150,1300,-3850
Clinique Dramatically Different Moisturizing Lotion Mini Fac... ₹750 42% Off Regular price ₹1300. Discounted price ₹750. 42% Off.  Enjoy Complimentary Gift  ( 2315 ),5150,1300,-3850
Clinique Dramatically Different Moisturizing Lotion Mini Fac... ₹750 42% Off Regular price ₹1300. Discounted price ₹750. 42% Off.  Enjoy Complimentary Gift  ( 2315 ),5150,1300,-3850
Clinique Dramatically Different Moisturizing Lotion Mini Fac... ₹750 42% Off Regular price ₹1300. Discounted price ₹750. 42% Off.  Enjoy Complimentary Gift  ( 2315 ),5150,1300,-3850
Himalaya Brightening Vitamin C Orange Face Serum for Glowing... ₹439 20% Off Regular price ₹549. Discounted price ₹439. 20% Off. ( 127 ),299,549,250
Himalaya Brightening Vitamin C Orange Face Serum for Glowing... ₹439 20% Off Regular price ₹549. Discounted price ₹439. 20% Off. ( 127 ),299,549,250
Himalaya Brightening Vitamin C Orange Face Serum for Glowing... ₹439 20% Off Regular price ₹549. Discounted price ₹439. 20% Off. ( 127 ),299,549,250
Lakme Retinol Advanced Renewal Serum 0.1% Retinol + 5% Pepti... ₹799 20% Off Regular price ₹999. Discounted price ₹799. 20% Off. ( 6323 ),499,999,500
Clinique Smart Clinical Repair Wrinkle Correcting Serum ₹9650  Enjoy Complimentary Gift  ( 92 ),8300,9650,1350
Clinique Smart Clinical Repair Wrinkle Correcting Serum ₹9650  Enjoy Complimentary Gift  ( 92 ),8300,9650,1350
Clinique Smart Clinical Repair Wrinkle Correcting Serum ₹9650  Enjoy Complimentary Gift  ( 92 ),8300,9650,1350
Clinique Smart Clinical Repair Wrinkle Correcting Serum ₹9650  Enjoy Complimentary Gift  ( 92 ),8300,9650,1350
Clinique Smart Clinical Repair Wrinkle Correcting Serum ₹9650  Enjoy Complimentary Gift  ( 92 ),9600,9650,50
Clinique Smart Clinical Repair Wrinkle Correcting Serum ₹9650  Enjoy Complimentary Gift  ( 92 ),9600,9650,50
Clinique Smart Clinical Repair Wrinkle Correcting Serum ₹9650  Enjoy Complimentary Gift  ( 92 ),9600,9650,50
Clinique Smart Clinical Repair Wrinkle Correcting Serum ₹9650  Enjoy Complimentary Gift  ( 92 ),9600,9650,50
Himalaya Moisturizing Aloe Vera Face Gel Duo ₹144 20% Off Regular price ₹180. Discounted price ₹144. 20% Off. ( 50268 ),90,180,90
Himalaya Moisturizing Aloe Vera Face Gel Duo ₹144 20% Off Regular price ₹180. Discounted price ₹144. 20% Off. ( 50268 ),90,180,90
Himalaya Moisturizing Aloe Vera Face Gel Duo ₹144 20% Off Regular price ₹180. Discounted price ₹144. 20% Off. ( 50268 ),90,180,90
Himalaya Moisturizing Aloe Vera Face Gel Duo ₹144 20% Off Regular price ₹180. Discounted price ₹144. 20% Off. ( 50268 ),90,180,90
"Lotus Botanicals Vitamin C Skin Brightening Facial Kit, Boos... ₹445 ( 323 )",645,445,-200
"Lotus Botanicals Vitamin C Skin Brightening Facial Kit, Boos... ₹445 ( 323 )",645,445,-200
"Lotus Botanicals Vitamin C Skin Brightening Facial Kit, Boos... ₹445 ( 323 )",645,445,-200
"Lotus Botanicals Vitamin C Skin Brightening Facial Kit, Boos... ₹445 ( 323 )",645,445,-200
"Lotus Botanicals Vitamin C Skin Brightening Facial Kit, Boos... ₹445 ( 323 )",845,445,-400
"Lotus Botanicals Vitamin C Skin Brightening Facial Kit, Boos... ₹445 ( 323 )",845,445,-400
"Lotus Botanicals Vitamin C Skin Brightening Facial Kit, Boos... ₹445 ( 323 )",845,445,-400
Lotus Organics + Bakuchiol Plant Retinol Creme SPF 20 PA +++ ₹945 ( 570 ),1095,945,-150
Lotus Organics + Bakuchiol Plant Retinol Creme SPF 20 PA +++ ₹945 ( 570 ),1095,945,-150
Lotus Organics + Bakuchiol Plant Retinol Creme SPF 20 PA +++ ₹945 ( 570 ),1095,945,-150
Lotus Organics Precious Brightening Creme SPF 20 ₹895 ( 1798 ),575,895,320
Lotus Organics Precious Brightening Creme SPF 20 ₹895 ( 1798 ),575,895,320
Lotus Organics Precious Brightening Creme SPF 20 ₹895 ( 1798 ),945,895,-50
Lotus Organics Precious Brightening Creme SPF 20 ₹895 ( 1798 ),945,895,-50
Lotus Organics Precious Brightening Creme SPF 20 ₹895 ( 1798 ),945,895,-50
Lotus Organics Precious Brightening Creme SPF 20 ₹895 ( 1798 ),1790,895,-895
Lotus Organics Precious Brightening Creme SPF 20 ₹895 ( 1798 ),1790,895,-895
Lotus Organics Precious Brightening Creme SPF 20 ₹895 ( 1798 ),1790,895,-895
Lotus Organics Precious Brightening Creme SPF 20 ₹895 ( 1798 ),1790,895,-895
Lotus Organics Precious Brightening Creme SPF 20 ₹895 ( 1798 ),1840,895,-945
Lotus Organics Precious Brightening Creme SPF 20 ₹895 ( 1798 ),1840,895,-945
Lotus Organics Precious Brightening Creme SPF 20 ₹895 ( 1798 ),1840,895,-945
Lotus Organics Precious Brightening Creme SPF 20 ₹895 ( 1798 ),1900,895,-1005
Lotus Organics Precious Brightening Creme SPF 20 ₹895 ( 1798 ),1900,895,-1005
Lotus Organics Precious Brightening Creme SPF 20 ₹895 ( 1798 ),1900,895,-1005
Mamaearth Vitamin C Daily Glow Lumi Cream ₹237 5% Off Regular price ₹249. Discounted price ₹237. 5% Off. ( 16016 ),299,249,-50
Mamaearth Vitamin C Daily Glow Lumi Cream ₹237 5% Off Regular price ₹249. Discounted price ₹237. 5% Off. ( 16016 ),299,249,-50
Mamaearth Vitamin C Daily Glow Lumi Cream ₹237 5% Off Regular price ₹249. Discounted price ₹237. 5% Off. ( 16016 ),299,249,-50
Himalaya Natural Glow Kesar Face Gel ₹77 15% Off Regular price ₹90. Discounted price ₹77. 15% Off. ( 4981 ),180,90,-90
Himalaya Natural Glow Kesar Face Gel ₹77 15% Off Regular price ₹90. Discounted price ₹77. 15% Off. ( 4981 ),180,90,-90
Himalaya Natural Glow Kesar Face Gel ₹77 15% Off Regular price ₹90. Discounted price ₹77. 15% Off. ( 4981 ),180,90,-90
Himalaya Natural Glow Kesar Face Gel ₹77 15% Off Regular price ₹90. Discounted price ₹77. 15% Off. ( 4981 ),180,90,-90
Sulwhasoo Concentrated Ginseng Renewing Serum ₹4500 10% Off Regular price ₹5000. Discounted price ₹4500. 10% Off.  Enjoy Free Gift  ( 66 ),3800,5000,1200
Sulwhasoo Concentrated Ginseng Renewing Serum ₹4500 10% Off Regular price ₹5000. Discounted price ₹4500. 10% Off.  Enjoy Free Gift  ( 66 ),3800,5000,1200
Sulwhasoo Concentrated Ginseng Renewing Serum ₹4500 10% Off Regular price ₹5000. Discounted price ₹4500. 10% Off.  Enjoy Free Gift  ( 66 ),3800,5000,1200
Sulwhasoo Concentrated Ginseng Renewing Serum ₹4500 10% Off Regular price ₹5000. Discounted price ₹4500. 10% Off.  Enjoy Free Gift  ( 66 ),3800,5000,1200
Sulwhasoo Concentrated Ginseng Renewing Serum ₹4500 10% Off Regular price ₹5000. Discounted price ₹4500. 10% Off.  Enjoy Free Gift  ( 66 ),15000,5000,-10000
Sulwhasoo Concentrated Ginseng Renewing Serum ₹4500 10% Off Regular price ₹5000. Discounted price ₹4500. 10% Off.  Enjoy Free Gift  ( 66 ),15000,5000,-10000
Sulwhasoo Concentrated Ginseng Renewing Serum ₹4500 10% Off Regular price ₹5000. Discounted price ₹4500. 10% Off.  Enjoy Free Gift  ( 66 ),15000,5000,-10000
Sulwhasoo Concentrated Ginseng Renewing Serum ₹4500 10% Off Regular price ₹5000. Discounted price ₹4500. 10% Off.  Enjoy Free Gift  ( 66 ),15000,5000,-10000
Sulwhasoo Concentrated Ginseng Renewing Serum ₹4500 10% Off Regular price ₹5000. Discounted price ₹4500. 10% Off.  Enjoy Free Gift  ( 66 ),17900,5000,-12900
Sulwhasoo Concentrated Ginseng Renewing Serum ₹4500 10% Off Regular price ₹5000. Discounted price ₹4500. 10% Off.  Enjoy Free Gift  ( 66 ),17900,5000,-12900
Sulwhasoo Concentrated Ginseng Renewing Serum ₹4500 10% Off Regular price ₹5000. Discounted price ₹4500. 10% Off.  Enjoy Free Gift  ( 66 ),17900,5000,-12900
Sulwhasoo Concentrated Ginseng Renewing Serum ₹4500 10% Off Regular price ₹5000. Discounted price ₹4500. 10% Off.  Enjoy Free Gift  ( 66 ),17900,5000,-12900
Plum 10% Niacinamide Brightening Face Serum With Rice Water ... ₹565 19% Off Regular price ₹698. Discounted price ₹565. 19% Off.  Enjoy Free Gift  ( 190337 ),249,698,449
Plum 10% Niacinamide Brightening Face Serum With Rice Water ... ₹565 19% Off Regular price ₹698. Discounted price ₹565. 19% Off.  Enjoy Free Gift  ( 190337 ),249,698,449
Plum 10% Niacinamide Brightening Face Serum With Rice Water ... ₹565 19% Off Regular price ₹698. Discounted price ₹565. 19% Off.  Enjoy Free Gift  ( 190337 ),249,698,449
Plum 10% Niacinamide Brightening Face Serum With Rice Water ... ₹565 19% Off Regular price ₹698. Discounted price ₹565. 19% Off.  Enjoy Free Gift  ( 190337 ),659,698,39
Plum 10% Niacinamide Brightening Face Serum With Rice Water ... ₹565 19% Off Regular price ₹698. Discounted price ₹565. 19% Off.  Enjoy Free Gift  ( 190337 ),659,698,39
Plum 10% Niacinamide Brightening Face Serum With Rice Water ... ₹565 19% Off Regular price ₹698. Discounted price ₹565. 19% Off.  Enjoy Free Gift  ( 190337 ),659,698,39
Plum 10% Niacinamide Brightening Face Serum With Rice Water ... ₹565 19% Off Regular price ₹698. Discounted price ₹565. 19% Off.  Enjoy Free Gift  ( 190337 ),659,698,39
Estee Lauder Advanced Night Repair Synchronized Multi-Recove... ₹1250  Get Complimentary Product  ( 14 ),4500,1250,-3250
Estee Lauder Advanced Night Repair Synchronized Multi-Recove... ₹1250  Get Complimentary Product  ( 14 ),4500,1250,-3250
Estee Lauder Advanced Night Repair Synchronized Multi-Recove... ₹1250  Get Complimentary Product  ( 14 ),4500,1250,-3250
Estee Lauder Advanced Night Repair Synchronized Multi-Recove... ₹1250  Get Complimentary Product  ( 14 ),4500,1250,-3250
Estee Lauder Advanced Night Repair Synchronized Multi-Recove... ₹1250  Get Complimentary Product  ( 14 ),8800,1250,-7550
Estee Lauder Advanced Night Repair Synchronized Multi-Recove... ₹1250  Get Complimentary Product  ( 14 ),8800,1250,-7550
Estee Lauder Advanced Night Repair Synchronized Multi-Recove... ₹1250  Get Complimentary Product  ( 14 ),9000,1250,-7750
Estee Lauder Advanced Night Repair Synchronized Multi-Recove... ₹1250  Get Complimentary Product  ( 14 ),9000,1250,-7750
Estee Lauder Advanced Night Repair Synchronized Multi-Recove... ₹1250  Get Complimentary Product  ( 14 ),9000,1250,-7750
Estee Lauder Advanced Night Repair Synchronized Multi-Recove... ₹1250  Get Complimentary Product  ( 14 ),9000,1250,-7750
Garnier Bright Complete Vitamin C SPF40/PA+++ Serum Cream ₹309 3% Off Regular price ₹319. Discounted price ₹309. 3% Off. ( 3449 ),199,319,120
Garnier Bright Complete Vitamin C SPF40/PA+++ Serum Cream ₹309 3% Off Regular price ₹319. Discounted price ₹309. 3% Off. ( 3449 ),199,319,120
Garnier Bright Complete Vitamin C SPF40/PA+++ Serum Cream ₹309 3% Off Regular price ₹319. Discounted price ₹309. 3% Off. ( 3449 ),199,319,120
Garnier Bright Complete Vitamin C SPF40/PA+++ Serum Cream ₹309 3% Off Regular price ₹319. Discounted price ₹309. 3% Off. ( 3449 ),249,319,70
Garnier Bright Complete Vitamin C SPF40/PA+++ Serum Cream ₹309 3% Off Regular price ₹319. Discounted price ₹309. 3% Off. ( 3449 ),249,319,70
Garnier Bright Complete Vitamin C SPF40/PA+++ Serum Cream ₹309 3% Off Regular price ₹319. Discounted price ₹309. 3% Off. ( 3449 ),249,319,70
Garnier Bright Complete Vitamin C SPF40/PA+++ Serum Cream ₹309 3% Off Regular price ₹319. Discounted price ₹309. 3% Off. ( 3449 ),329,319,-10
Garnier Bright Complete Vitamin C SPF40/PA+++ Serum Cream ₹309 3% Off Regular price ₹319. Discounted price ₹309. 3% Off. ( 3449 ),329,319,-10
Garnier Bright Complete Vitamin C SPF40/PA+++ Serum Cream ₹309 3% Off Regular price ₹319. Discounted price ₹309. 3% Off. ( 3449 ),329,319,-10
Garnier Bright Complete Vitamin C SPF40/PA+++ Serum Cream ₹309 3% Off Regular price ₹319. Discounted price ₹309. 3% Off. ( 3449 ),329,319,-10
LANEIGE Water Bank Blue Hyaluronic Intensive Moisturizer - M... ₹1428 15% Off Regular price ₹1680. Discounted price ₹1428. 15% Off.  Enjoy Free Gift  ( 99 ),2900,1680,-1220
LANEIGE Water Bank Blue Hyaluronic Intensive Moisturizer - M... ₹1428 15% Off Regular price ₹1680. Discounted price ₹1428. 15% Off.  Enjoy Free Gift  ( 99 ),2900,1680,-1220
LANEIGE Water Bank Blue Hyaluronic Intensive Moisturizer - M... ₹1428 15% Off Regular price ₹1680. Discounted price ₹1428. 15% Off.  Enjoy Free Gift  ( 99 ),2900,1680,-1220
LANEIGE Water Bank Blue Hyaluronic Intensive Moisturizer - M... ₹1428 15% Off Regular price ₹1680. Discounted price ₹1428. 15% Off.  Enjoy Free Gift  ( 99 ),2900,1680,-1220
LANEIGE Water Bank Blue Hyaluronic Intensive Moisturizer - M... ₹1428 15% Off Regular price ₹1680. Discounted price ₹1428. 15% Off.  Enjoy Free Gift  ( 99 ),3250,1680,-1570
LANEIGE Water Bank Blue Hyaluronic Intensive Moisturizer - M... ₹1428 15% Off Regular price ₹1680. Discounted price ₹1428. 15% Off.  Enjoy Free Gift  ( 99 ),3250,1680,-1570
LANEIGE Water Bank Blue Hyaluronic Intensive Moisturizer - M... ₹1428 15% Off Regular price ₹1680. Discounted price ₹1428. 15% Off.  Enjoy Free Gift  ( 99 ),3250,1680,-1570
LANEIGE Water Bank Blue Hyaluronic Intensive Moisturizer - M... ₹1428 15% Off Regular price ₹1680. Discounted price ₹1428. 15% Off.  Enjoy Free Gift  ( 99 ),3250,1680,-1570
The Ordinary Natural Moisturizing Factors + PhytoCeramides ₹2400 ( 116 ),700,2400,1700
The Ordinary Natural Moisturizing Factors + PhytoCeramides ₹2400 ( 116 ),700,2400,1700
The Ordinary Natural Moisturizing Factors + PhytoCeramides ₹2400 ( 116 ),700,2400,1700
The Ordinary Natural Moisturizing Factors + PhytoCeramides ₹2400 ( 116 ),700,2400,1700
The Ordinary Natural Moisturizing Factors + PhytoCeramides ₹2400 ( 116 ),1450,2400,950
The Ordinary Natural Moisturizing Factors + PhytoCeramides ₹2400 ( 116 ),1450,2400,950
The Ordinary Natural Moisturizing Factors + PhytoCeramides ₹2400 ( 116 ),1450,2400,950
The Ordinary Natural Moisturizing Factors + PhytoCeramides ₹2400 ( 116 ),1450,2400,950
Kapiva Aloe Vera Gel Hydrating and Moisturizing Gel for Face... ₹150 ( 1123 ),450,150,-300
Kapiva Aloe Vera Gel Hydrating and Moisturizing Gel for Face... ₹150 ( 1123 ),450,150,-300
Kapiva Aloe Vera Gel Hydrating and Moisturizing Gel for Face... ₹150 ( 1123 ),450,150,-300
Kapiva Aloe Vera Gel Hydrating and Moisturizing Gel for Face... ₹150 ( 1123 ),450,150,-300
Mamaearth Beetroot Hydraful Light Moisturizing Cream with Hy... ₹404 10% Off Regular price ₹449. Discounted price ₹404. 10% Off. ( 222 ),499,449,-50
Mamaearth Beetroot Hydraful Light Moisturizing Cream with Hy... ₹404 10% Off Regular price ₹449. Discounted price ₹404. 10% Off. ( 222 ),499,449,-50
Mamaearth Beetroot Hydraful Light Moisturizing Cream with Hy... ₹404 10% Off Regular price ₹449. Discounted price ₹404. 10% Off. ( 222 ),499,449,-50
Mamaearth Beetroot Hydraful Light Moisturizing Cream with Hy... ₹404 10% Off Regular price ₹449. Discounted price ₹404. 10% Off. ( 222 ),499,449,-50
Estee Lauder Revitalizing Supreme+ Bright Radiance Power Sof... ₹11600  Get Complimentary Product  ( 4 ),11100,11600,500
Estee Lauder Revitalizing Supreme+ Bright Radiance Power Sof... ₹11600  Get Complimentary Product  ( 4 ),11100,11600,500
Estee Lauder Revitalizing Supreme+ Bright Radiance Power Sof... ₹11600  Get Complimentary Product  ( 4 ),11100,11600,500
Estee Lauder Revitalizing Supreme+ Bright Radiance Power Sof... ₹11600  Get Complimentary Product  ( 4 ),11100,11600,500
Estee Lauder Revitalizing Supreme+ Bright Radiance Power Sof... ₹11600  Get Complimentary Product  ( 4 ),11100,11600,500
Estee Lauder Revitalizing Supreme+ Bright Radiance Power Sof... ₹11600  Get Complimentary Product  ( 4 ),11100,11600,500
Estee Lauder Revitalizing Supreme+ Bright Radiance Power Sof... ₹11600  Get Complimentary Product  ( 4 ),11100,11600,500
Estee Lauder Revitalizing Supreme+ Bright Radiance Power Sof... ₹11600  Get Complimentary Product  ( 4 ),11100,11600,500
Estee Lauder Revitalizing Supreme+ Bright Radiance Power Sof... ₹11600  Get Complimentary Product  ( 4 ),12300,11600,-700
Estee Lauder Revitalizing Supreme+ Bright Radiance Power Sof... ₹11600  Get Complimentary Product  ( 4 ),12300,11600,-700
Estee Lauder Revitalizing Supreme+ Bright Radiance Power Sof... ₹11600  Get Complimentary Product  ( 4 ),12300,11600,-700
Estee Lauder Revitalizing Supreme+ Bright Radiance Power Sof... ₹11600  Get Complimentary Product  ( 4 ),12300,11600,-700
Kama Ayurveda Amarrupa Anti - Ageing Contour - Defining & Fi... ₹3295  Enjoy Free Gift  ( 55 ),3595,3295,-300
Kama Ayurveda Amarrupa Anti - Ageing Contour - Defining & Fi... ₹3295  Enjoy Free Gift  ( 55 ),3595,3295,-300
Kama Ayurveda Amarrupa Anti - Ageing Contour - Defining & Fi... ₹3295  Enjoy Free Gift  ( 55 ),3595,3295,-300
Ponds Super Light Gel Oil Free Moisturiser With Hyaluronic A... ₹797 33% Off Regular price ₹1190. Discounted price ₹797. 33% Off. ( 849487 ),830,1190,360
Ponds Super Light Gel Oil Free Moisturiser With Hyaluronic A... ₹797 33% Off Regular price ₹1190. Discounted price ₹797. 33% Off. ( 849487 ),830,1190,360
Ponds Super Light Gel Oil Free Moisturiser With Hyaluronic A... ₹797 33% Off Regular price ₹1190. Discounted price ₹797. 33% Off. ( 849487 ),830,1190,360
Ponds Super Light Gel Oil Free Moisturiser With Hyaluronic A... ₹797 33% Off Regular price ₹1190. Discounted price ₹797. 33% Off. ( 849487 ),830,1190,360
Ponds Super Light Gel Oil Free Moisturiser With Hyaluronic A... ₹797 33% Off Regular price ₹1190. Discounted price ₹797. 33% Off. ( 849487 ),923,1190,267
Ponds Super Light Gel Oil Free Moisturiser With Hyaluronic A... ₹797 33% Off Regular price ₹1190. Discounted price ₹797. 33% Off. ( 849487 ),923,1190,267
Ponds Super Light Gel Oil Free Moisturiser With Hyaluronic A... ₹797 33% Off Regular price ₹1190. Discounted price ₹797. 33% Off. ( 849487 ),923,1190,267
Garnier Bright Complete Vitamin C SPF40/PA+++ Serum Cream ₹309 3% Off Regular price ₹319. Discounted price ₹309. 3% Off. ( 3449 ),199,319,120
Garnier Bright Complete Vitamin C SPF40/PA+++ Serum Cream ₹309 3% Off Regular price ₹319. Discounted price ₹309. 3% Off. ( 3449 ),199,319,120
Garnier Bright Complete Vitamin C SPF40/PA+++ Serum Cream ₹309 3% Off Regular price ₹319. Discounted price ₹309. 3% Off. ( 3449 ),199,319,120
Garnier Bright Complete Vitamin C SPF40/PA+++ Serum Cream ₹309 3% Off Regular price ₹319. Discounted price ₹309. 3% Off. ( 3449 ),249,319,70
Garnier Bright Complete Vitamin C SPF40/PA+++ Serum Cream ₹309 3% Off Regular price ₹319. Discounted price ₹309. 3% Off. ( 3449 ),249,319,70
Garnier Bright Complete Vitamin C SPF40/PA+++ Serum Cream ₹309 3% Off Regular price ₹319. Discounted price ₹309. 3% Off. ( 3449 ),249,319,70
Garnier Bright Complete Vitamin C SPF40/PA+++ Serum Cream ₹309 3% Off Regular price ₹319. Discounted price ₹309. 3% Off. ( 3449 ),329,319,-10
Garnier Bright Complete Vitamin C SPF40/PA+++ Serum Cream ₹309 3% Off Regular price ₹319. Discounted price ₹309. 3% Off. ( 3449 ),329,319,-10
Garnier Bright Complete Vitamin C SPF40/PA+++ Serum Cream ₹309 3% Off Regular price ₹319. Discounted price ₹309. 3% Off. ( 3449 ),329,319,-10
Garnier Bright Complete Vitamin C SPF40/PA+++ Serum Cream ₹309 3% Off Regular price ₹319. Discounted price ₹309. 3% Off. ( 3449 ),329,319,-10
Lakme Absolute Argan Oil Radiance Overnight Oil In Serum wit... ₹744 15% Off Regular price ₹875. Discounted price ₹744. 15% Off. ( 4203 ),925,875,-50
Lakme Absolute Argan Oil Radiance Overnight Oil In Serum wit... ₹744 15% Off Regular price ₹875. Discounted price ₹744. 15% Off. ( 4203 ),925,875,-50
Lakme Absolute Argan Oil Radiance Overnight Oil In Serum wit... ₹744 15% Off Regular price ₹875. Discounted price ₹744. 15% Off. ( 4203 ),925,875,-50
Lakme Absolute Argan Oil Radiance Overnight Oil In Serum wit... ₹744 15% Off Regular price ₹875. Discounted price ₹744. 15% Off. ( 4203 ),925,875,-50
Lakme Absolute Argan Oil Radiance Overnight Oil In Serum wit... ₹744 15% Off Regular price ₹875. Discounted price ₹744. 15% Off. ( 4203 ),975,875,-100
Lakme Absolute Argan Oil Radiance Overnight Oil In Serum wit... ₹744 15% Off Regular price ₹875. Discounted price ₹744. 15% Off. ( 4203 ),975,875,-100
Lakme Absolute Argan Oil Radiance Overnight Oil In Serum wit... ₹744 15% Off Regular price ₹875. Discounted price ₹744. 15% Off. ( 4203 ),975,875,-100
Lakme Absolute Argan Oil Radiance Overnight Oil In Serum wit... ₹744 15% Off Regular price ₹875. Discounted price ₹744. 15% Off. ( 4203 ),975,875,-100
Dot & Key 10% Niacinamide Cica Face Serum ₹175 ( 237 ),599,175,-424
Dot & Key 10% Niacinamide Cica Face Serum ₹175 ( 237 ),599,175,-424
Dot & Key 10% Niacinamide Cica Face Serum ₹175 ( 237 ),599,175,-424
Dot & Key 10% Niacinamide Cica Face Serum ₹175 ( 237 ),599,175,-424
Pilgrim Salicylic & Glycolic Acid Anti Acne Serum ₹553 15% Off Regular price ₹650. Discounted price ₹553. 15% Off. ( 1312 ),1300,650,-650
Pilgrim Salicylic & Glycolic Acid Anti Acne Serum ₹553 15% Off Regular price ₹650. Discounted price ₹553. 15% Off. ( 1312 ),1300,650,-650
Garnier Bright Complete VITAMIN C Serum Cream UV ₹249 ( 2107 ),199,249,50
Garnier Bright Complete VITAMIN C Serum Cream UV ₹249 ( 2107 ),199,249,50
Garnier Bright Complete VITAMIN C Serum Cream UV ₹249 ( 2107 ),199,249,50
Garnier Bright Complete VITAMIN C Serum Cream UV ₹249 ( 2107 ),319,249,-70
Garnier Bright Complete VITAMIN C Serum Cream UV ₹249 ( 2107 ),319,249,-70
Garnier Bright Complete VITAMIN C Serum Cream UV ₹249 ( 2107 ),319,249,-70
Garnier Bright Complete VITAMIN C Serum Cream UV ₹249 ( 2107 ),319,249,-70
Garnier Bright Complete VITAMIN C Serum Cream UV ₹249 ( 2107 ),319,249,-70
Garnier Bright Complete VITAMIN C Serum Cream UV ₹249 ( 2107 ),319,249,-70
Garnier Bright Complete VITAMIN C Serum Cream UV ₹249 ( 2107 ),319,249,-70
Garnier Bright Complete VITAMIN C Serum Cream UV ₹249 ( 2107 ),319,249,-70
Garnier Bright Complete VITAMIN C Serum Cream UV ₹249 ( 2107 ),329,249,-80
Garnier Bright Complete VITAMIN C Serum Cream UV ₹249 ( 2107 ),329,249,-80
Garnier Bright Complete VITAMIN C Serum Cream UV ₹249 ( 2107 ),329,249,-80
Garnier Bright Complete VITAMIN C Serum Cream UV ₹249 ( 2107 ),329,249,-80
Lotus Herbals YouthRx Anti Ageing Transforming SPF 25 PA+++ ... ₹1710 ( 25775 ),835,1710,875
Lotus Herbals YouthRx Anti Ageing Transforming SPF 25 PA+++ ... ₹1710 ( 25775 ),835,1710,875
Lotus Herbals YouthRx Anti Ageing Transforming SPF 25 PA+++ ... ₹1710 ( 25775 ),835,1710,875
Lotus Herbals YouthRx Anti Ageing Transforming SPF 25 PA+++ ... ₹1710 ( 25775 ),835,1710,875
Uriage Cica-Daily Repairing Gel Face Cream Rejuvenates Skin ... ₹2400 ( 47 ),1200,2400,1200
Estee Lauder Perfectionist Pro Rapid Brightening Treatment ₹14400  Get Complimentary Product  ( 4 ),13000,14400,1400
Estee Lauder Perfectionist Pro Rapid Brightening Treatment ₹14400  Get Complimentary Product  ( 4 ),13000,14400,1400
Estee Lauder Perfectionist Pro Rapid Brightening Treatment ₹14400  Get Complimentary Product  ( 4 ),13000,14400,1400
Estee Lauder Perfectionist Pro Rapid Brightening Treatment ₹14400  Get Complimentary Product  ( 4 ),13000,14400,1400
Lakme Absolute Perfect Radiance Skin Brightening Day Creme +... ₹659 35% Off Regular price ₹1014. Discounted price ₹659. 35% Off. ( 213668 ),415,1014,599
Lakme Absolute Perfect Radiance Skin Brightening Day Creme +... ₹659 35% Off Regular price ₹1014. Discounted price ₹659. 35% Off. ( 213668 ),415,1014,599
Lakme Absolute Perfect Radiance Skin Brightening Day Creme +... ₹659 35% Off Regular price ₹1014. Discounted price ₹659. 35% Off. ( 213668 ),415,1014,599
Lakme Absolute Perfect Radiance Skin Brightening Day Creme +... ₹659 35% Off Regular price ₹1014. Discounted price ₹659. 35% Off. ( 213668 ),415,1014,599
TONYMOLY Korean Wonder Ceramide Mochi Water Cream-Gel Moistu... ₹1275 15% Off Regular price ₹1500. Discounted price ₹1275. 15% Off. ( 25 ),1575,1500,-75
TONYMOLY Korean Wonder Ceramide Mochi Water Cream-Gel Moistu... ₹1275 15% Off Regular price ₹1500. Discounted price ₹1275. 15% Off. ( 25 ),1575,1500,-75
TONYMOLY Korean Wonder Ceramide Mochi Water Cream-Gel Moistu... ₹1275 15% Off Regular price ₹1500. Discounted price ₹1275. 15% Off. ( 25 ),1575,1500,-75
TONYMOLY Korean Wonder Ceramide Mochi Water Cream-Gel Moistu... ₹1275 15% Off Regular price ₹1500. Discounted price ₹1275. 15% Off. ( 25 ),1575,1500,-75
TONYMOLY Korean Wonder Ceramide Mochi Water Cream-Gel Moistu... ₹1275 15% Off Regular price ₹1500. Discounted price ₹1275. 15% Off. ( 25 ),1575,1500,-75
TONYMOLY Korean Wonder Ceramide Mochi Water Cream-Gel Moistu... ₹1275 15% Off Regular price ₹1500. Discounted price ₹1275. 15% Off. ( 25 ),1575,1500,-75
TONYMOLY Korean Wonder Ceramide Mochi Water Cream-Gel Moistu... ₹1275 15% Off Regular price ₹1500. Discounted price ₹1275. 15% Off. ( 25 ),1575,1500,-75
TONYMOLY Korean Wonder Ceramide Mochi Water Cream-Gel Moistu... ₹1275 15% Off Regular price ₹1500. Discounted price ₹1275. 15% Off. ( 25 ),1575,1500,-75
Skin1004 Madagascar Centella Poremizing Light Gel Cream ₹1350 10% Off Regular price ₹1500. Discounted price ₹1350. 10% Off. ( 17 ),899,1500,601
Skin1004 Madagascar Centella Poremizing Light Gel Cream ₹1350 10% Off Regular price ₹1500. Discounted price ₹1350. 10% Off. ( 17 ),899,1500,601
Skin1004 Madagascar Centella Poremizing Light Gel Cream ₹1350 10% Off Regular price ₹1500. Discounted price ₹1350. 10% Off. ( 17 ),899,1500,601
Skin1004 Madagascar Centella Poremizing Light Gel Cream ₹1350 10% Off Regular price ₹1500. Discounted price ₹1350. 10% Off. ( 17 ),899,1500,601
"d'Alba piedmont White Truffle Double Serum & Cream, Vegan, E... ₹2700 10% Off Regular price ₹3000. Discounted price ₹2700. 10% Off. ( 2 )",2700,3000,300
"d'Alba piedmont White Truffle Double Serum & Cream, Vegan, E... ₹2700 10% Off Regular price ₹3000. Discounted price ₹2700. 10% Off. ( 2 )",2700,3000,300
"d'Alba piedmont White Truffle Double Serum & Cream, Vegan, E... ₹2700 10% Off Regular price ₹3000. Discounted price ₹2700. 10% Off. ( 2 )",2700,3000,300
"d'Alba piedmont White Truffle Double Serum & Cream, Vegan, E... ₹2700 10% Off Regular price ₹3000. Discounted price ₹2700. 10% Off. ( 2 )",2700,3000,300
Elizabeth Arden Advanced Ceramide Capsules ₹4185 7% Off Regular price ₹4500. Discounted price ₹4185. 7% Off. ( 78 ),11000,4500,-6500
Elizabeth Arden Advanced Ceramide Capsules ₹4185 7% Off Regular price ₹4500. Discounted price ₹4185. 7% Off. ( 78 ),11000,4500,-6500
Elizabeth Arden Advanced Ceramide Capsules ₹4185 7% Off Regular price ₹4500. Discounted price ₹4185. 7% Off. ( 78 ),11000,4500,-6500
"Lotus Botanicals Vitamin C Skin Brightening Face Serum,Recov... ₹845 ( 1220 )",445,845,400
"Lotus Botanicals Vitamin C Skin Brightening Face Serum,Recov... ₹845 ( 1220 )",445,845,400
"Lotus Botanicals Vitamin C Skin Brightening Face Serum,Recov... ₹845 ( 1220 )",445,845,400
"Lotus Botanicals Vitamin C Skin Brightening Face Serum,Recov... ₹845 ( 1220 )",445,845,400
"Lotus Botanicals Vitamin C Skin Brightening Face Serum,Recov... ₹845 ( 1220 )",445,845,400
"Lotus Botanicals Vitamin C Skin Brightening Face Serum,Recov... ₹845 ( 1220 )",445,845,400
"Lotus Botanicals Vitamin C Skin Brightening Face Serum,Recov... ₹845 ( 1220 )",445,845,400
"Lotus Botanicals Vitamin C Skin Brightening Face Serum,Recov... ₹845 ( 1220 )",445,845,400
"Lotus Botanicals Vitamin C Skin Brightening Face Serum,Recov... ₹845 ( 1220 )",645,845,200
"Lotus Botanicals Vitamin C Skin Brightening Face Serum,Recov... ₹845 ( 1220 )",645,845,200
"Lotus Botanicals Vitamin C Skin Brightening Face Serum,Recov... ₹845 ( 1220 )",645,845,200
"Lotus Botanicals Vitamin C Skin Brightening Face Serum,Recov... ₹845 ( 1220 )",645,845,200
Lotus Professional Retemin Plant Retinol & Natural Vitamin C... ₹761 15% Off Regular price ₹895. Discounted price ₹761. 15% Off. ( 549 ),745,895,150
Lotus Professional Retemin Plant Retinol & Natural Vitamin C... ₹761 15% Off Regular price ₹895. Discounted price ₹761. 15% Off. ( 549 ),745,895,150
Lotus Professional Retemin Plant Retinol & Natural Vitamin C... ₹761 15% Off Regular price ₹895. Discounted price ₹761. 15% Off. ( 549 ),745,895,150
Lotus Professional Retemin Plant Retinol & Natural Vitamin C... ₹761 15% Off Regular price ₹895. Discounted price ₹761. 15% Off. ( 549 ),745,895,150
Lotus Professional Retemin Plant Retinol & Natural Vitamin C... ₹761 15% Off Regular price ₹895. Discounted price ₹761. 15% Off. ( 549 ),795,895,100
Lotus Professional Retemin Plant Retinol & Natural Vitamin C... ₹761 15% Off Regular price ₹895. Discounted price ₹761. 15% Off. ( 549 ),795,895,100
Lotus Professional Retemin Plant Retinol & Natural Vitamin C... ₹761 15% Off Regular price ₹895. Discounted price ₹761. 15% Off. ( 549 ),795,895,100
Lotus Professional Retemin Plant Retinol & Natural Vitamin C... ₹761 15% Off Regular price ₹895. Discounted price ₹761. 15% Off. ( 549 ),795,895,100
Lotus Professional Retemin Plant Retinol & Natural Vitamin C... ₹761 15% Off Regular price ₹895. Discounted price ₹761. 15% Off. ( 549 ),1540,895,-645
Lotus Professional Retemin Plant Retinol & Natural Vitamin C... ₹761 15% Off Regular price ₹895. Discounted price ₹761. 15% Off. ( 549 ),1540,895,-645
Lotus Professional Retemin Plant Retinol & Natural Vitamin C... ₹761 15% Off Regular price ₹895. Discounted price ₹761. 15% Off. ( 549 ),1540,895,-645
Lotus Professional Retemin Plant Retinol & Natural Vitamin C... ₹761 15% Off Regular price ₹895. Discounted price ₹761. 15% Off. ( 549 ),1640,895,-745
Lotus Professional Retemin Plant Retinol & Natural Vitamin C... ₹761 15% Off Regular price ₹895. Discounted price ₹761. 15% Off. ( 549 ),1640,895,-745
Lotus Professional Retemin Plant Retinol & Natural Vitamin C... ₹761 15% Off Regular price ₹895. Discounted price ₹761. 15% Off. ( 549 ),1640,895,-745
Lotus Professional Retemin Plant Retinol & Natural Vitamin C... ₹761 15% Off Regular price ₹895. Discounted price ₹761. 15% Off. ( 549 ),1640,895,-745
Lotus Professional Retemin Plant Retinol & Natural Vitamin C... ₹761 15% Off Regular price ₹895. Discounted price ₹761. 15% Off. ( 549 ),1640,895,-745
Lotus Professional Retemin Plant Retinol & Natural Vitamin C... ₹761 15% Off Regular price ₹895. Discounted price ₹761. 15% Off. ( 549 ),2015,895,-1120
Lotus Professional Retemin Plant Retinol & Natural Vitamin C... ₹761 15% Off Regular price ₹895. Discounted price ₹761. 15% Off. ( 549 ),2015,895,-1120
Lotus Professional Retemin Plant Retinol & Natural Vitamin C... ₹761 15% Off Regular price ₹895. Discounted price ₹761. 15% Off. ( 549 ),2015,895,-1120
Elizabeth Arden Retinol Ceramide Capsules Line Erasing Night... ₹4590 10% Off Regular price ₹5100. Discounted price ₹4590. 10% Off. ( 69 ),8000,5100,-2900
Glamveda Korean Glass Skin Rice & Ceramide Morning 4 Step Sk... ₹1271 25% Off Regular price ₹1694. Discounted price ₹1271. 25% Off.  Extra 5% Off  ( 404 ),949,1694,745
Glamveda Korean Glass Skin Rice & Ceramide Morning 4 Step Sk... ₹1271 25% Off Regular price ₹1694. Discounted price ₹1271. 25% Off.  Extra 5% Off  ( 404 ),949,1694,745
Glamveda Korean Glass Skin Rice & Ceramide Morning 4 Step Sk... ₹1271 25% Off Regular price ₹1694. Discounted price ₹1271. 25% Off.  Extra 5% Off  ( 404 ),949,1694,745
Glamveda Korean Glass Skin Rice & Ceramide Morning 4 Step Sk... ₹1271 25% Off Regular price ₹1694. Discounted price ₹1271. 25% Off.  Extra 5% Off  ( 404 ),949,1694,745
Glamveda Korean Glass Skin Rice & Ceramide Morning 4 Step Sk... ₹1271 25% Off Regular price ₹1694. Discounted price ₹1271. 25% Off.  Extra 5% Off  ( 404 ),949,1694,745
Glamveda Korean Glass Skin Rice & Ceramide Morning 4 Step Sk... ₹1271 25% Off Regular price ₹1694. Discounted price ₹1271. 25% Off.  Extra 5% Off  ( 404 ),1199,1694,495
Glamveda Korean Glass Skin Rice & Ceramide Morning 4 Step Sk... ₹1271 25% Off Regular price ₹1694. Discounted price ₹1271. 25% Off.  Extra 5% Off  ( 404 ),1199,1694,495
Glamveda Korean Glass Skin Rice & Ceramide Morning 4 Step Sk... ₹1271 25% Off Regular price ₹1694. Discounted price ₹1271. 25% Off.  Extra 5% Off  ( 404 ),1199,1694,495
Glamveda Korean Glass Skin Rice & Ceramide Morning 4 Step Sk... ₹1271 25% Off Regular price ₹1694. Discounted price ₹1271. 25% Off.  Extra 5% Off  ( 404 ),1199,1694,495
Glamveda Korean Glass Skin Rice & Ceramide Morning 4 Step Sk... ₹1271 25% Off Regular price ₹1694. Discounted price ₹1271. 25% Off.  Extra 5% Off  ( 404 ),1199,1694,495
Fixderma Kojic Acid + Arbutin Skarfix - Plus Cream ₹509 15% Off Regular price ₹599. Discounted price ₹509. 15% Off. ( 5439 ),350,599,249
Fixderma Kojic Acid + Arbutin Skarfix - Plus Cream ₹509 15% Off Regular price ₹599. Discounted price ₹509. 15% Off. ( 5439 ),350,599,249
Fixderma Kojic Acid + Arbutin Skarfix - Plus Cream ₹509 15% Off Regular price ₹599. Discounted price ₹509. 15% Off. ( 5439 ),350,599,249
Fixderma Kojic Acid + Arbutin Skarfix - Plus Cream ₹509 15% Off Regular price ₹599. Discounted price ₹509. 15% Off. ( 5439 ),350,599,249
Fixderma Kojic Acid + Arbutin Skarfix - Plus Cream ₹509 15% Off Regular price ₹599. Discounted price ₹509. 15% Off. ( 5439 ),350,599,249
Fixderma Kojic Acid + Arbutin Skarfix - Plus Cream ₹509 15% Off Regular price ₹599. Discounted price ₹509. 15% Off. ( 5439 ),350,599,249
Fixderma Kojic Acid + Arbutin Skarfix - Plus Cream ₹509 15% Off Regular price ₹599. Discounted price ₹509. 15% Off. ( 5439 ),350,599,249
Fixderma Kojic Acid + Arbutin Skarfix - Plus Cream ₹509 15% Off Regular price ₹599. Discounted price ₹509. 15% Off. ( 5439 ),350,599,249
Fixderma Kojic Acid + Arbutin Skarfix - Plus Cream ₹509 15% Off Regular price ₹599. Discounted price ₹509. 15% Off. ( 5439 ),350,599,249
Lotus Professional Retemin Plant Retinol & Natural Vitamin C... ₹633 15% Off Regular price ₹745. Discounted price ₹633. 15% Off. ( 1001 ),795,745,-50
Lotus Professional Retemin Plant Retinol & Natural Vitamin C... ₹633 15% Off Regular price ₹745. Discounted price ₹633. 15% Off. ( 1001 ),795,745,-50
Lotus Professional Retemin Plant Retinol & Natural Vitamin C... ₹633 15% Off Regular price ₹745. Discounted price ₹633. 15% Off. ( 1001 ),795,745,-50
Lotus Professional Retemin Plant Retinol & Natural Vitamin C... ₹633 15% Off Regular price ₹745. Discounted price ₹633. 15% Off. ( 1001 ),795,745,-50
Lotus Professional Retemin Plant Retinol & Natural Vitamin C... ₹633 15% Off Regular price ₹745. Discounted price ₹633. 15% Off. ( 1001 ),895,745,-150
Lotus Professional Retemin Plant Retinol & Natural Vitamin C... ₹633 15% Off Regular price ₹745. Discounted price ₹633. 15% Off. ( 1001 ),895,745,-150
Lotus Professional Retemin Plant Retinol & Natural Vitamin C... ₹633 15% Off Regular price ₹745. Discounted price ₹633. 15% Off. ( 1001 ),895,745,-150
Lotus Professional Retemin Plant Retinol & Natural Vitamin C... ₹633 15% Off Regular price ₹745. Discounted price ₹633. 15% Off. ( 1001 ),1540,745,-795
Lotus Professional Retemin Plant Retinol & Natural Vitamin C... ₹633 15% Off Regular price ₹745. Discounted price ₹633. 15% Off. ( 1001 ),1540,745,-795
Lotus Professional Retemin Plant Retinol & Natural Vitamin C... ₹633 15% Off Regular price ₹745. Discounted price ₹633. 15% Off. ( 1001 ),1540,745,-795
Lotus Professional Retemin Plant Retinol & Natural Vitamin C... ₹633 15% Off Regular price ₹745. Discounted price ₹633. 15% Off. ( 1001 ),1640,745,-895
Lotus Professional Retemin Plant Retinol & Natural Vitamin C... ₹633 15% Off Regular price ₹745. Discounted price ₹633. 15% Off. ( 1001 ),1640,745,-895
Lotus Professional Retemin Plant Retinol & Natural Vitamin C... ₹633 15% Off Regular price ₹745. Discounted price ₹633. 15% Off. ( 1001 ),1640,745,-895
Lotus Professional Retemin Plant Retinol & Natural Vitamin C... ₹633 15% Off Regular price ₹745. Discounted price ₹633. 15% Off. ( 1001 ),1640,745,-895
Lotus Professional Retemin Plant Retinol & Natural Vitamin C... ₹633 15% Off Regular price ₹745. Discounted price ₹633. 15% Off. ( 1001 ),1640,745,-895
Lotus Professional Retemin Plant Retinol & Natural Vitamin C... ₹633 15% Off Regular price ₹745. Discounted price ₹633. 15% Off. ( 1001 ),2015,745,-1270
Lotus Professional Retemin Plant Retinol & Natural Vitamin C... ₹633 15% Off Regular price ₹745. Discounted price ₹633. 15% Off. ( 1001 ),2015,745,-1270
Lotus Professional Retemin Plant Retinol & Natural Vitamin C... ₹633 15% Off Regular price ₹745. Discounted price ₹633. 15% Off. ( 1001 ),2015,745,-1270
Biotique Bio Morning Nectar Visibly Flawless Skin Moisturize... ₹820 45% Off Regular price ₹1490. Discounted price ₹820. 45% Off. ( 247 ),330,1490,1160
Biotique Bio Morning Nectar Visibly Flawless Skin Moisturize... ₹820 45% Off Regular price ₹1490. Discounted price ₹820. 45% Off. ( 247 ),330,1490,1160
Biotique Bio Morning Nectar Visibly Flawless Skin Moisturize... ₹820 45% Off Regular price ₹1490. Discounted price ₹820. 45% Off. ( 247 ),1375,1490,115
Biotique Bio Morning Nectar Visibly Flawless Skin Moisturize... ₹820 45% Off Regular price ₹1490. Discounted price ₹820. 45% Off. ( 247 ),1375,1490,115
Avene Cicalfate + Restorative Protective Cream ₹1520 5% Off Regular price ₹1600. Discounted price ₹1520. 5% Off. ( 726 ),1900,1600,-300
Avene Cicalfate + Restorative Protective Cream ₹1520 5% Off Regular price ₹1600. Discounted price ₹1520. 5% Off. ( 726 ),1900,1600,-300
Avene Cicalfate + Restorative Protective Cream ₹1520 5% Off Regular price ₹1600. Discounted price ₹1520. 5% Off. ( 726 ),1900,1600,-300
Avene Cicalfate + Restorative Protective Cream ₹1520 5% Off Regular price ₹1600. Discounted price ₹1520. 5% Off. ( 726 ),1900,1600,-300
The Derma Co 4% Ceramide Barrier Repair Moisturizer ₹347 13% Off Regular price ₹399. Discounted price ₹347. 13% Off. ( 206 ),229,399,170
Mamaearth Vitamin C Oil-Free Moisturizer For Face With Vitam... ₹287 10% Off Regular price ₹319. Discounted price ₹287. 10% Off. ( 6005 ),199,319,120
Mamaearth Vitamin C Oil-Free Moisturizer For Face With Vitam... ₹287 10% Off Regular price ₹319. Discounted price ₹287. 10% Off. ( 6005 ),199,319,120
Mamaearth Vitamin C Oil-Free Moisturizer For Face With Vitam... ₹287 10% Off Regular price ₹319. Discounted price ₹287. 10% Off. ( 6005 ),199,319,120
Mamaearth Vitamin C Oil-Free Moisturizer For Face With Vitam... ₹287 10% Off Regular price ₹319. Discounted price ₹287. 10% Off. ( 6005 ),199,319,120
Pilgrim 10% Vitamin C Face Serum For Daily Brightness - Pack... ₹424 23% Off Regular price ₹550. Discounted price ₹424. 23% Off. ( 1074 ),645,550,-95
Pilgrim 10% Vitamin C Face Serum For Daily Brightness - Pack... ₹424 23% Off Regular price ₹550. Discounted price ₹424. 23% Off. ( 1074 ),645,550,-95
Pilgrim 10% Vitamin C Face Serum For Daily Brightness - Pack... ₹424 23% Off Regular price ₹550. Discounted price ₹424. 23% Off. ( 1074 ),645,550,-95
Pilgrim 10% Vitamin C Face Serum For Daily Brightness - Pack... ₹424 23% Off Regular price ₹550. Discounted price ₹424. 23% Off. ( 1074 ),645,550,-95
Pilgrim 10% Vitamin C Face Serum For Daily Brightness - Pack... ₹424 23% Off Regular price ₹550. Discounted price ₹424. 23% Off. ( 1074 ),1290,550,-740
Pilgrim 10% Vitamin C Face Serum For Daily Brightness - Pack... ₹424 23% Off Regular price ₹550. Discounted price ₹424. 23% Off. ( 1074 ),1290,550,-740
"Nivea Luminous Even Glow Oil Control Day Cream Spf 50,Thiami... ₹314 30% Off Regular price ₹449. Discounted price ₹314. 30% Off. ( 219 )",599,449,-150
"Nivea Luminous Even Glow Oil Control Day Cream Spf 50,Thiami... ₹314 30% Off Regular price ₹449. Discounted price ₹314. 30% Off. ( 219 )",599,449,-150
"Nivea Luminous Even Glow Oil Control Day Cream Spf 50,Thiami... ₹314 30% Off Regular price ₹449. Discounted price ₹314. 30% Off. ( 219 )",599,449,-150
Physiogel Calming Relief Anti Irritant - Body Lotion ₹730 ( 385 ),725,730,5
Physiogel Calming Relief Anti Irritant - Body Lotion ₹730 ( 385 ),725,730,5
Physiogel Calming Relief Anti Irritant - Body Lotion ₹730 ( 385 ),725,730,5
Physiogel Calming Relief Anti Irritant - Body Lotion ₹730 ( 385 ),725,730,5
Lakme Absolute Argan Oil Radiance Overnight Oil-In-Creme wit... ₹878 10% Off Regular price ₹975. Discounted price ₹878. 10% Off. ( 2891 ),875,975,100
Lakme Absolute Argan Oil Radiance Overnight Oil-In-Creme wit... ₹878 10% Off Regular price ₹975. Discounted price ₹878. 10% Off. ( 2891 ),875,975,100
Lakme Absolute Argan Oil Radiance Overnight Oil-In-Creme wit... ₹878 10% Off Regular price ₹975. Discounted price ₹878. 10% Off. ( 2891 ),875,975,100
Lakme Absolute Argan Oil Radiance Overnight Oil-In-Creme wit... ₹878 10% Off Regular price ₹975. Discounted price ₹878. 10% Off. ( 2891 ),925,975,50
Lakme Absolute Argan Oil Radiance Overnight Oil-In-Creme wit... ₹878 10% Off Regular price ₹975. Discounted price ₹878. 10% Off. ( 2891 ),925,975,50
Lakme Absolute Argan Oil Radiance Overnight Oil-In-Creme wit... ₹878 10% Off Regular price ₹975. Discounted price ₹878. 10% Off. ( 2891 ),925,975,50
Lakme Absolute Argan Oil Radiance Overnight Oil-In-Creme wit... ₹878 10% Off Regular price ₹975. Discounted price ₹878. 10% Off. ( 2891 ),925,975,50
Lakme Absolute Argan Oil Radiance Oil-In-Gel Face Cream ₹833 10% Off Regular price ₹925. Discounted price ₹833. 10% Off. ( 1187 ),875,925,50
Lakme Absolute Argan Oil Radiance Oil-In-Gel Face Cream ₹833 10% Off Regular price ₹925. Discounted price ₹833. 10% Off. ( 1187 ),875,925,50
Lakme Absolute Argan Oil Radiance Oil-In-Gel Face Cream ₹833 10% Off Regular price ₹925. Discounted price ₹833. 10% Off. ( 1187 ),875,925,50
Lakme Absolute Argan Oil Radiance Oil-In-Gel Face Cream ₹833 10% Off Regular price ₹925. Discounted price ₹833. 10% Off. ( 1187 ),975,925,-50
Lakme Absolute Argan Oil Radiance Oil-In-Gel Face Cream ₹833 10% Off Regular price ₹925. Discounted price ₹833. 10% Off. ( 1187 ),975,925,-50
Lakme Absolute Argan Oil Radiance Oil-In-Gel Face Cream ₹833 10% Off Regular price ₹925. Discounted price ₹833. 10% Off. ( 1187 ),975,925,-50
Lakme Absolute Argan Oil Radiance Oil-In-Gel Face Cream ₹833 10% Off Regular price ₹925. Discounted price ₹833. 10% Off. ( 1187 ),975,925,-50
Aqualogica Barrier+ Hydra Gel Moisturizer With 5 Ceramides &... ₹439 12% Off Regular price ₹499. Discounted price ₹439. 12% Off. ( 635 ),299,499,200
Aqualogica Barrier+ Hydra Gel Moisturizer With 5 Ceramides &... ₹439 12% Off Regular price ₹499. Discounted price ₹439. 12% Off. ( 635 ),299,499,200
Aqualogica Barrier+ Hydra Gel Moisturizer With 5 Ceramides &... ₹439 12% Off Regular price ₹499. Discounted price ₹439. 12% Off. ( 635 ),299,499,200
Aqualogica Barrier+ Hydra Gel Moisturizer With 5 Ceramides &... ₹439 12% Off Regular price ₹499. Discounted price ₹439. 12% Off. ( 635 ),299,499,200
Pilgrim Glow Range 2% Kojic Acid Face Serum ₹421 15% Off Regular price ₹495. Discounted price ₹421. 15% Off. ( 457 ),990,495,-495
Pilgrim Glow Range 2% Kojic Acid Face Serum ₹421 15% Off Regular price ₹495. Discounted price ₹421. 15% Off. ( 457 ),990,495,-495
"Indulgeo Essentials Vitamin C Glow Essence, Antioxidant - Ri... ₹1054 15% Off Regular price ₹1240. Discounted price ₹1054. 15% Off. ( 763 )",610,1240,630
"Indulgeo Essentials Vitamin C Glow Essence, Antioxidant - Ri... ₹1054 15% Off Regular price ₹1240. Discounted price ₹1054. 15% Off. ( 763 )",610,1240,630
"Biluma Skin Brightening Lotion, Vitamin E, Fades Fine Lines ... ₹714 12% Off Regular price ₹811. Discounted price ₹714. 12% Off. ( 197 )",1089,811,-278
"Biluma Skin Brightening Lotion, Vitamin E, Fades Fine Lines ... ₹714 12% Off Regular price ₹811. Discounted price ₹714. 12% Off. ( 197 )",1089,811,-278
"Biluma Skin Brightening Lotion, Vitamin E, Fades Fine Lines ... ₹714 12% Off Regular price ₹811. Discounted price ₹714. 12% Off. ( 197 )",1089,811,-278
Mamaearth Rice Dewy Bright Light Moisturizing Cream With Ric... ₹169 ( 257 ),449,169,-280
Mamaearth Rice Dewy Bright Light Moisturizing Cream With Ric... ₹169 ( 257 ),449,169,-280
Mamaearth Rice Dewy Bright Light Moisturizing Cream With Ric... ₹169 ( 257 ),449,169,-280
Mamaearth Rice Dewy Bright Light Moisturizing Cream With Ric... ₹169 ( 257 ),449,169,-280
Episoft AC Moisturiser SPF 30 With Microencapsulated Sunscre... ₹1288 5% Off Regular price ₹1356. Discounted price ₹1288. 5% Off. ( 19831 ),678,1356,678
Episoft AC Moisturiser SPF 30 With Microencapsulated Sunscre... ₹1288 5% Off Regular price ₹1356. Discounted price ₹1288. 5% Off. ( 19831 ),678,1356,678
Episoft AC Moisturiser SPF 30 With Microencapsulated Sunscre... ₹1288 5% Off Regular price ₹1356. Discounted price ₹1288. 5% Off. ( 19831 ),678,1356,678
Episoft AC Moisturiser SPF 30 With Microencapsulated Sunscre... ₹1288 5% Off Regular price ₹1356. Discounted price ₹1288. 5% Off. ( 19831 ),678,1356,678
Biodance Pore Perfecting Collagen Peptide Cream ₹2375 5% Off Regular price ₹2500. Discounted price ₹2375. 5% Off. ( 1 ),2050,2500,450
Biodance Pore Perfecting Collagen Peptide Cream ₹2375 5% Off Regular price ₹2500. Discounted price ₹2375. 5% Off. ( 1 ),2050,2500,450
Biodance Pore Perfecting Collagen Peptide Cream ₹2375 5% Off Regular price ₹2500. Discounted price ₹2375. 5% Off. ( 1 ),2050,2500,450
Biodance Pore Perfecting Collagen Peptide Cream ₹2375 5% Off Regular price ₹2500. Discounted price ₹2375. 5% Off. ( 1 ),2050,2500,450
Lotus Professional Retemin Plant Retinol & Vitamin C Brighte... ₹676 15% Off Regular price ₹795. Discounted price ₹676. 15% Off. ( 815 ),745,795,50
Lotus Professional Retemin Plant Retinol & Vitamin C Brighte... ₹676 15% Off Regular price ₹795. Discounted price ₹676. 15% Off. ( 815 ),745,795,50
Lotus Professional Retemin Plant Retinol & Vitamin C Brighte... ₹676 15% Off Regular price ₹795. Discounted price ₹676. 15% Off. ( 815 ),745,795,50
Lotus Professional Retemin Plant Retinol & Vitamin C Brighte... ₹676 15% Off Regular price ₹795. Discounted price ₹676. 15% Off. ( 815 ),745,795,50
Lotus Professional Retemin Plant Retinol & Vitamin C Brighte... ₹676 15% Off Regular price ₹795. Discounted price ₹676. 15% Off. ( 815 ),895,795,-100
Lotus Professional Retemin Plant Retinol & Vitamin C Brighte... ₹676 15% Off Regular price ₹795. Discounted price ₹676. 15% Off. ( 815 ),895,795,-100
Lotus Professional Retemin Plant Retinol & Vitamin C Brighte... ₹676 15% Off Regular price ₹795. Discounted price ₹676. 15% Off. ( 815 ),895,795,-100
Lotus Professional Retemin Plant Retinol & Vitamin C Brighte... ₹676 15% Off Regular price ₹795. Discounted price ₹676. 15% Off. ( 815 ),1540,795,-745
Lotus Professional Retemin Plant Retinol & Vitamin C Brighte... ₹676 15% Off Regular price ₹795. Discounted price ₹676. 15% Off. ( 815 ),1540,795,-745
Lotus Professional Retemin Plant Retinol & Vitamin C Brighte... ₹676 15% Off Regular price ₹795. Discounted price ₹676. 15% Off. ( 815 ),1540,795,-745
Lotus Professional Retemin Plant Retinol & Vitamin C Brighte... ₹676 15% Off Regular price ₹795. Discounted price ₹676. 15% Off. ( 815 ),1640,795,-845
Lotus Professional Retemin Plant Retinol & Vitamin C Brighte... ₹676 15% Off Regular price ₹795. Discounted price ₹676. 15% Off. ( 815 ),1640,795,-845
Lotus Professional Retemin Plant Retinol & Vitamin C Brighte... ₹676 15% Off Regular price ₹795. Discounted price ₹676. 15% Off. ( 815 ),1640,795,-845
Lotus Professional Retemin Plant Retinol & Vitamin C Brighte... ₹676 15% Off Regular price ₹795. Discounted price ₹676. 15% Off. ( 815 ),1640,795,-845
Lotus Professional Retemin Plant Retinol & Vitamin C Brighte... ₹676 15% Off Regular price ₹795. Discounted price ₹676. 15% Off. ( 815 ),1640,795,-845
Lotus Professional Retemin Plant Retinol & Vitamin C Brighte... ₹676 15% Off Regular price ₹795. Discounted price ₹676. 15% Off. ( 815 ),2015,795,-1220
Lotus Professional Retemin Plant Retinol & Vitamin C Brighte... ₹676 15% Off Regular price ₹795. Discounted price ₹676. 15% Off. ( 815 ),2015,795,-1220
Lotus Professional Retemin Plant Retinol & Vitamin C Brighte... ₹676 15% Off Regular price ₹795. Discounted price ₹676. 15% Off. ( 815 ),2015,795,-1220
Garnier 30X Vitamin C Day + 10% Vitamin C Night Serum Mini C... ₹628 ( 68662 ),1318,628,-690
Garnier 30X Vitamin C Day + 10% Vitamin C Night Serum Mini C... ₹628 ( 68662 ),1318,628,-690
"Lotus Dermabotanics Kojic Acid + Multi Berry Hi-Dose Serum, ... ₹595 ( 545 )",545,595,50
"Lotus Dermabotanics Kojic Acid + Multi Berry Hi-Dose Serum, ... ₹595 ( 545 )",545,595,50
"Lotus Dermabotanics Kojic Acid + Multi Berry Hi-Dose Serum, ... ₹595 ( 545 )",545,595,50
"Lotus Dermabotanics Kojic Acid + Multi Berry Hi-Dose Serum, ... ₹595 ( 545 )",545,595,50
Lotus Organics+ Bakuchiol Plant Retinol Super Serum ₹1095 ( 270 ),945,1095,150
Lotus Organics+ Bakuchiol Plant Retinol Super Serum ₹1095 ( 270 ),945,1095,150
Lotus Organics+ Bakuchiol Plant Retinol Super Serum ₹1095 ( 270 ),945,1095,150
Lotus Organics+ Bakuchiol Plant Retinol Super Serum ₹1095 ( 270 ),945,1095,150
"Nivea Luminous Even Glow Oil Control Serum Thiamidol, Salicy... ₹419 30% Off Regular price ₹599. Discounted price ₹419. 30% Off. ( 162 )",449,599,150
"Nivea Luminous Even Glow Oil Control Serum Thiamidol, Salicy... ₹419 30% Off Regular price ₹599. Discounted price ₹419. 30% Off. ( 162 )",449,599,150
"Nivea Luminous Even Glow Oil Control Serum Thiamidol, Salicy... ₹419 30% Off Regular price ₹599. Discounted price ₹419. 30% Off. ( 162 )",449,599,150
"Nivea Luminous Even Glow Oil Control Serum Thiamidol, Salicy... ₹419 30% Off Regular price ₹599. Discounted price ₹419. 30% Off. ( 162 )",449,599,150
"d'Alba piedmont White Truffle Double Serum & Cream, Vegan, E... ₹2700 10% Off Regular price ₹3000. Discounted price ₹2700. 10% Off. ( 2 )",2700,3000,300
"d'Alba piedmont White Truffle Double Serum & Cream, Vegan, E... ₹2700 10% Off Regular price ₹3000. Discounted price ₹2700. 10% Off. ( 2 )",2700,3000,300
"d'Alba piedmont White Truffle Double Serum & Cream, Vegan, E... ₹2700 10% Off Regular price ₹3000. Discounted price ₹2700. 10% Off. ( 2 )",2700,3000,300
"d'Alba piedmont White Truffle Double Serum & Cream, Vegan, E... ₹2700 10% Off Regular price ₹3000. Discounted price ₹2700. 10% Off. ( 2 )",2700,3000,300
The Body Shop Vitamin E Moisture Cream & Face Wash Combo ₹1343 25% Off Regular price ₹1790. Discounted price ₹1343. 25% Off. ( 10476 ),1095,1790,695
The Body Shop Vitamin E Moisture Cream & Face Wash Combo ₹1343 25% Off Regular price ₹1790. Discounted price ₹1343. 25% Off. ( 10476 ),1095,1790,695
The Body Shop Vitamin E Moisture Cream & Face Wash Combo ₹1343 25% Off Regular price ₹1790. Discounted price ₹1343. 25% Off. ( 10476 ),1095,1790,695
The Body Shop Vitamin E Moisture Cream & Face Wash Combo ₹1343 25% Off Regular price ₹1790. Discounted price ₹1343. 25% Off. ( 10476 ),1095,1790,695
Novology Moisture Barrier Booster Face Cream For 100 Hours O... ₹320 20% Off Regular price ₹400. Discounted price ₹320. 20% Off. ( 268 ),750,400,-350
Novology Moisture Barrier Booster Face Cream For 100 Hours O... ₹320 20% Off Regular price ₹400. Discounted price ₹320. 20% Off. ( 268 ),750,400,-350
Novology Moisture Barrier Booster Face Cream For 100 Hours O... ₹320 20% Off Regular price ₹400. Discounted price ₹320. 20% Off. ( 268 ),750,400,-350
Kapiva Aloe Vera Gel Hydrating and Moisturizing Gel for Face... ₹450 ( 705 ),150,450,300
Kapiva Aloe Vera Gel Hydrating and Moisturizing Gel for Face... ₹450 ( 705 ),150,450,300
Kapiva Aloe Vera Gel Hydrating and Moisturizing Gel for Face... ₹450 ( 705 ),150,450,300
Kapiva Aloe Vera Gel Hydrating and Moisturizing Gel for Face... ₹450 ( 705 ),150,450,300
The Face Shop Alltimate Vegan Mucin 8 Peptide Cream - Anti A... ₹1620  Enjoy Complimentary Gift  ( 46 ),1589,1620,31
The Face Shop Alltimate Vegan Mucin 8 Peptide Cream - Anti A... ₹1620  Enjoy Complimentary Gift  ( 46 ),1589,1620,31
The Face Shop Alltimate Vegan Mucin 8 Peptide Cream - Anti A... ₹1620  Enjoy Complimentary Gift  ( 46 ),1589,1620,31
"Indulgeo Essentials Vitamin C Glow Essence, Antioxidant-Rich... ₹1054 15% Off Regular price ₹1240. Discounted price ₹1054. 15% Off. ( 763 )",610,1240,630
"Indulgeo Essentials Vitamin C Glow Essence, Antioxidant-Rich... ₹1054 15% Off Regular price ₹1240. Discounted price ₹1054. 15% Off. ( 763 )",610,1240,630
Caudalie Resveratrol-lift Firming Eye Gel Cream ₹4975  Offer Available  ( 5 ),5625,4975,-650
Caudalie Resveratrol-lift Firming Eye Gel Cream ₹4975  Offer Available  ( 5 ),5625,4975,-650
Caudalie Resveratrol-lift Firming Eye Gel Cream ₹4975  Offer Available  ( 5 ),5625,4975,-650
Caudalie Resveratrol-lift Firming Eye Gel Cream ₹4975  Offer Available  ( 5 ),5625,4975,-650
Glamveda Korean Glass Skin Rice & Ceramide Morning 4 Step Sk... ₹1271 25% Off Regular price ₹1694. Discounted price ₹1271. 25% Off.  Extra 5% Off  ( 404 ),949,1694,745
Glamveda Korean Glass Skin Rice & Ceramide Morning 4 Step Sk... ₹1271 25% Off Regular price ₹1694. Discounted price ₹1271. 25% Off.  Extra 5% Off  ( 404 ),949,1694,745
Glamveda Korean Glass Skin Rice & Ceramide Morning 4 Step Sk... ₹1271 25% Off Regular price ₹1694. Discounted price ₹1271. 25% Off.  Extra 5% Off  ( 404 ),949,1694,745
Glamveda Korean Glass Skin Rice & Ceramide Morning 4 Step Sk... ₹1271 25% Off Regular price ₹1694. Discounted price ₹1271. 25% Off.  Extra 5% Off  ( 404 ),949,1694,745
Glamveda Korean Glass Skin Rice & Ceramide Morning 4 Step Sk... ₹1271 25% Off Regular price ₹1694. Discounted price ₹1271. 25% Off.  Extra 5% Off  ( 404 ),949,1694,745
Glamveda Korean Glass Skin Rice & Ceramide Morning 4 Step Sk... ₹1271 25% Off Regular price ₹1694. Discounted price ₹1271. 25% Off.  Extra 5% Off  ( 404 ),1199,1694,495
Glamveda Korean Glass Skin Rice & Ceramide Morning 4 Step Sk... ₹1271 25% Off Regular price ₹1694. Discounted price ₹1271. 25% Off.  Extra 5% Off  ( 404 ),1199,1694,495
Glamveda Korean Glass Skin Rice & Ceramide Morning 4 Step Sk... ₹1271 25% Off Regular price ₹1694. Discounted price ₹1271. 25% Off.  Extra 5% Off  ( 404 ),1199,1694,495
Glamveda Korean Glass Skin Rice & Ceramide Morning 4 Step Sk... ₹1271 25% Off Regular price ₹1694. Discounted price ₹1271. 25% Off.  Extra 5% Off  ( 404 ),1199,1694,495
Glamveda Korean Glass Skin Rice & Ceramide Morning 4 Step Sk... ₹1271 25% Off Regular price ₹1694. Discounted price ₹1271. 25% Off.  Extra 5% Off  ( 404 ),1199,1694,495
Lotus Herbals Active Aloe + Niacinamide Brightening Boost Ge... ₹395 ( 1605 ),475,395,-80
Lotus Herbals Active Aloe + Niacinamide Brightening Boost Ge... ₹395 ( 1605 ),475,395,-80
Garnier Bright Complete VITAMIN C UV Serum Cream UV ₹119 ( 599 ),109,119,10
Garnier Bright Complete VITAMIN C UV Serum Cream UV ₹119 ( 599 ),109,119,10
Garnier Bright Complete VITAMIN C UV Serum Cream UV ₹119 ( 599 ),109,119,10
Mamaearth Skin Correct Face Serum with Niacinamide and Ginge... ₹551 8% Off Regular price ₹599. Discounted price ₹551. 8% Off. ( 4154 ),349,599,250
Mamaearth Skin Correct Face Serum with Niacinamide and Ginge... ₹551 8% Off Regular price ₹599. Discounted price ₹551. 8% Off. ( 4154 ),349,599,250
Pilgrim 10% Niacinamide Face Serum For Acne Marks - Pack Of ... ₹374 25% Off Regular price ₹498. Discounted price ₹374. 25% Off. ( 972 ),649,498,-151
Pilgrim 10% Niacinamide Face Serum For Acne Marks - Pack Of ... ₹374 25% Off Regular price ₹498. Discounted price ₹374. 25% Off. ( 972 ),649,498,-151
Pilgrim 10% Niacinamide Face Serum For Acne Marks - Pack Of ... ₹374 25% Off Regular price ₹498. Discounted price ₹374. 25% Off. ( 972 ),649,498,-151
Pilgrim 10% Niacinamide Face Serum For Acne Marks - Pack Of ... ₹374 25% Off Regular price ₹498. Discounted price ₹374. 25% Off. ( 972 ),649,498,-151
Pilgrim 10% Niacinamide Face Serum For Acne Marks - Pack Of ... ₹374 25% Off Regular price ₹498. Discounted price ₹374. 25% Off. ( 972 ),1298,498,-800
Pilgrim 10% Niacinamide Face Serum For Acne Marks - Pack Of ... ₹374 25% Off Regular price ₹498. Discounted price ₹374. 25% Off. ( 972 ),1298,498,-800
Aroma Magic Vitamin C Skin Brightening Gel SPF 30 ₹356 10% Off Regular price ₹395. Discounted price ₹356. 10% Off. ( 3137 ),645,395,-250
Aroma Magic Vitamin C Skin Brightening Gel SPF 30 ₹356 10% Off Regular price ₹395. Discounted price ₹356. 10% Off. ( 3137 ),645,395,-250
Aroma Magic Vitamin C Skin Brightening Gel SPF 30 ₹356 10% Off Regular price ₹395. Discounted price ₹356. 10% Off. ( 3137 ),645,395,-250
Dr.Jart+ Cicapair Intensive Soothing Repair Cream With Cente... ₹3200  Enjoy Complimentary Gift  ( 14 ),2950,3200,250
Dr.Jart+ Cicapair Intensive Soothing Repair Cream With Cente... ₹3200  Enjoy Complimentary Gift  ( 14 ),2950,3200,250
Dr.Jart+ Cicapair Intensive Soothing Repair Cream With Cente... ₹3200  Enjoy Complimentary Gift  ( 14 ),3550,3200,-350
Dr.Jart+ Cicapair Intensive Soothing Repair Cream With Cente... ₹3200  Enjoy Complimentary Gift  ( 14 ),3550,3200,-350
Dr.Jart+ Cicapair Intensive Soothing Repair Cream With Cente... ₹3200  Enjoy Complimentary Gift  ( 14 ),3550,3200,-350
Dr.Jart+ Cicapair Intensive Soothing Repair Cream With Cente... ₹3200  Enjoy Complimentary Gift  ( 14 ),3550,3200,-350
VT Cosmetics Collagen Reedle Shot 100 Stick ₹1124 10% Off Regular price ₹1249. Discounted price ₹1124. 10% Off. ( 47 ),3999,1249,-2750
VT Cosmetics Collagen Reedle Shot 100 Stick ₹1124 10% Off Regular price ₹1249. Discounted price ₹1124. 10% Off. ( 47 ),3999,1249,-2750
Lotus Organics Precious Brightening Serum + Creme ₹945 ( 651 ),575,945,370
Lotus Organics Precious Brightening Serum + Creme ₹945 ( 651 ),575,945,370
Lotus Organics Precious Brightening Serum + Creme ₹945 ( 651 ),895,945,50
Lotus Organics Precious Brightening Serum + Creme ₹945 ( 651 ),895,945,50
Lotus Organics Precious Brightening Serum + Creme ₹945 ( 651 ),895,945,50
Lotus Organics Precious Brightening Serum + Creme ₹945 ( 651 ),895,945,50
Lotus Organics Precious Brightening Serum + Creme ₹945 ( 651 ),1790,945,-845
Lotus Organics Precious Brightening Serum + Creme ₹945 ( 651 ),1790,945,-845
Lotus Organics Precious Brightening Serum + Creme ₹945 ( 651 ),1790,945,-845
Lotus Organics Precious Brightening Serum + Creme ₹945 ( 651 ),1790,945,-845
Lotus Organics Precious Brightening Serum + Creme ₹945 ( 651 ),1840,945,-895
Lotus Organics Precious Brightening Serum + Creme ₹945 ( 651 ),1840,945,-895
Lotus Organics Precious Brightening Serum + Creme ₹945 ( 651 ),1840,945,-895
Lotus Organics Precious Brightening Serum + Creme ₹945 ( 651 ),1900,945,-955
Lotus Organics Precious Brightening Serum + Creme ₹945 ( 651 ),1900,945,-955
Lotus Organics Precious Brightening Serum + Creme ₹945 ( 651 ),1900,945,-955
Clinique Smart Clinical Repair Wrinkle Correcting Cream With... ₹9600  Enjoy Complimentary Gift,8300,9600,1300
Clinique Smart Clinical Repair Wrinkle Correcting Cream With... ₹9600  Enjoy Complimentary Gift,8300,9600,1300
Clinique Smart Clinical Repair Wrinkle Correcting Cream With... ₹9600  Enjoy Complimentary Gift,8300,9600,1300
Clinique Smart Clinical Repair Wrinkle Correcting Cream With... ₹9600  Enjoy Complimentary Gift,8300,9600,1300
Clinique Smart Clinical Repair Wrinkle Correcting Cream With... ₹9600  Enjoy Complimentary Gift,9650,9600,-50
Clinique Smart Clinical Repair Wrinkle Correcting Cream With... ₹9600  Enjoy Complimentary Gift,9650,9600,-50
Clinique Smart Clinical Repair Wrinkle Correcting Cream With... ₹9600  Enjoy Complimentary Gift,9650,9600,-50
Clinique Smart Clinical Repair Wrinkle Correcting Cream With... ₹9600  Enjoy Complimentary Gift,9650,9600,-50
Estee Lauder Revitalizing Supreme+ Youth Power Soft Creme ₹11100  Get Complimentary Product  ( 20 ),11600,11100,-500
Estee Lauder Revitalizing Supreme+ Youth Power Soft Creme ₹11100  Get Complimentary Product  ( 20 ),11600,11100,-500
Estee Lauder Revitalizing Supreme+ Youth Power Soft Creme ₹11100  Get Complimentary Product  ( 20 ),11600,11100,-500
Estee Lauder Revitalizing Supreme+ Youth Power Soft Creme ₹11100  Get Complimentary Product  ( 20 ),11600,11100,-500
Estee Lauder Revitalizing Supreme+ Youth Power Soft Creme ₹11100  Get Complimentary Product  ( 20 ),12300,11100,-1200
Estee Lauder Revitalizing Supreme+ Youth Power Soft Creme ₹11100  Get Complimentary Product  ( 20 ),12300,11100,-1200
Estee Lauder Revitalizing Supreme+ Youth Power Soft Creme ₹11100  Get Complimentary Product  ( 20 ),12300,11100,-1200
Estee Lauder Revitalizing Supreme+ Youth Power Soft Creme ₹11100  Get Complimentary Product  ( 20 ),12300,11100,-1200
Re'equil Hydrate & Sun Protect Combo For Oily Skin ₹587 15% Off Regular price ₹690. Discounted price ₹587. 15% Off. ( 39299 ),940,690,-250
Re'equil Hydrate & Sun Protect Combo For Oily Skin ₹587 15% Off Regular price ₹690. Discounted price ₹587. 15% Off. ( 39299 ),940,690,-250
Re'equil Hydrate & Sun Protect Combo For Oily Skin ₹587 15% Off Regular price ₹690. Discounted price ₹587. 15% Off. ( 39299 ),940,690,-250
Re'equil Hydrate & Sun Protect Combo For Oily Skin ₹587 15% Off Regular price ₹690. Discounted price ₹587. 15% Off. ( 39299 ),940,690,-250
Re'equil Hydrate & Sun Protect Combo For Oily Skin ₹587 15% Off Regular price ₹690. Discounted price ₹587. 15% Off. ( 39299 ),940,690,-250
Re'equil Hydrate & Sun Protect Combo For Oily Skin ₹587 15% Off Regular price ₹690. Discounted price ₹587. 15% Off. ( 39299 ),940,690,-250
Re'equil Hydrate & Sun Protect Combo For Oily Skin ₹587 15% Off Regular price ₹690. Discounted price ₹587. 15% Off. ( 39299 ),940,690,-250
Kama Ayurveda Amarrupa Anti - Ageing Line Smoothing Face Ser... ₹3595  Enjoy Free Gift  ( 7 ),3295,3595,300
Kama Ayurveda Amarrupa Anti - Ageing Line Smoothing Face Ser... ₹3595  Enjoy Free Gift  ( 7 ),3295,3595,300
Kama Ayurveda Amarrupa Anti - Ageing Line Smoothing Face Ser... ₹3595  Enjoy Free Gift  ( 7 ),3295,3595,300
Kama Ayurveda Amarrupa Anti - Ageing Line Smoothing Face Ser... ₹3595  Enjoy Free Gift  ( 7 ),3295,3595,300
L'Occitane Immortelle Reset Serum Refill ₹7200  Extra 10% Off  ( 11 ),5900,7200,1300
L'Occitane Immortelle Reset Serum Refill ₹7200  Extra 10% Off  ( 11 ),5900,7200,1300
L'Occitane Immortelle Reset Serum Refill ₹7200  Extra 10% Off  ( 11 ),5900,7200,1300
L'Occitane Immortelle Reset Serum Refill ₹7200  Extra 10% Off  ( 11 ),5900,7200,1300
Dr.Jart+ Prejuvenation Firming Bakuchiol Serum For Preventat... ₹5400  Enjoy Complimentary Gift  ( 1 ),5250,5400,150
Dr.Jart+ Prejuvenation Firming Bakuchiol Serum For Preventat... ₹5400  Enjoy Complimentary Gift  ( 1 ),5250,5400,150
Dr.Jart+ Prejuvenation Firming Bakuchiol Serum For Preventat... ₹5400  Enjoy Complimentary Gift  ( 1 ),5250,5400,150
Dr.Jart+ Prejuvenation Firming Bakuchiol Serum For Preventat... ₹5400  Enjoy Complimentary Gift  ( 1 ),5250,5400,150
The Face Shop Alltimate Vegan Mucin Peptide 8 Serum - No Sna... ₹1351 15% Off Regular price ₹1589. Discounted price ₹1351. 15% Off.  Enjoy Complimentary Gift  ( 32 ),1620,1589,-31
The Face Shop Alltimate Vegan Mucin Peptide 8 Serum - No Sna... ₹1351 15% Off Regular price ₹1589. Discounted price ₹1351. 15% Off.  Enjoy Complimentary Gift  ( 32 ),1620,1589,-31
The Face Shop Alltimate Vegan Mucin Peptide 8 Serum - No Sna... ₹1351 15% Off Regular price ₹1589. Discounted price ₹1351. 15% Off.  Enjoy Complimentary Gift  ( 32 ),1620,1589,-31
The Face Shop Alltimate Vegan Mucin Peptide 8 Serum - No Sna... ₹1351 15% Off Regular price ₹1589. Discounted price ₹1351. 15% Off.  Enjoy Complimentary Gift  ( 32 ),1620,1589,-31
Estee Lauder Perfectionist Pro Rapid Firm + Lift Treatment ₹13000  Get Complimentary Product  ( 7 ),14400,13000,-1400
Estee Lauder Perfectionist Pro Rapid Firm + Lift Treatment ₹13000  Get Complimentary Product  ( 7 ),14400,13000,-1400
Estee Lauder Perfectionist Pro Rapid Firm + Lift Treatment ₹13000  Get Complimentary Product  ( 7 ),14400,13000,-1400
Estee Lauder Perfectionist Pro Rapid Firm + Lift Treatment ₹13000  Get Complimentary Product  ( 7 ),14400,13000,-1400
Conscious Chemist Hyaluronic Acid Lightweight Gel Moisturize... ₹259 35% Off Regular price ₹399. Discounted price ₹259. 35% Off. ( 512 ),499,399,-100
Chemist at Play Intensely Hydrating Face Moisturizer Hydrate... ₹389 13% Off Regular price ₹449. Discounted price ₹389. 13% Off. ( 55 ),499,449,-50
Lotus Botanicals Bio-Retinol Youth Radiance Ultra Cream SPF ... ₹775 ( 752 ),745,775,30
Lotus Botanicals Bio-Retinol Youth Radiance Ultra Cream SPF ... ₹775 ( 752 ),745,775,30
Lotus Botanicals Bio-Retinol Youth Radiance Ultra Cream SPF ... ₹775 ( 752 ),745,775,30
Mamaearth Beetroot Hydraful Light Gel Moisturizer ₹449 10% Off Regular price ₹499. Discounted price ₹449. 10% Off. ( 177 ),449,499,50
Mamaearth Beetroot Hydraful Light Gel Moisturizer ₹449 10% Off Regular price ₹499. Discounted price ₹449. 10% Off. ( 177 ),449,499,50
Mamaearth Beetroot Hydraful Light Gel Moisturizer ₹449 10% Off Regular price ₹499. Discounted price ₹449. 10% Off. ( 177 ),449,499,50
Mamaearth Beetroot Hydraful Light Gel Moisturizer ₹449 10% Off Regular price ₹499. Discounted price ₹449. 10% Off. ( 177 ),449,499,50
Estee Lauder Revitalizing Supreme+ Youth Power Creme SPF 25 ₹11100  Get Complimentary Product  ( 2 ),11600,11100,-500
Estee Lauder Revitalizing Supreme+ Youth Power Creme SPF 25 ₹11100  Get Complimentary Product  ( 2 ),11600,11100,-500
Estee Lauder Revitalizing Supreme+ Youth Power Creme SPF 25 ₹11100  Get Complimentary Product  ( 2 ),11600,11100,-500
Estee Lauder Revitalizing Supreme+ Youth Power Creme SPF 25 ₹11100  Get Complimentary Product  ( 2 ),11600,11100,-500
Estee Lauder Revitalizing Supreme+ Youth Power Creme SPF 25 ₹11100  Get Complimentary Product  ( 2 ),12300,11100,-1200
Estee Lauder Revitalizing Supreme+ Youth Power Creme SPF 25 ₹11100  Get Complimentary Product  ( 2 ),12300,11100,-1200
Estee Lauder Revitalizing Supreme+ Youth Power Creme SPF 25 ₹11100  Get Complimentary Product  ( 2 ),12300,11100,-1200
Estee Lauder Revitalizing Supreme+ Youth Power Creme SPF 25 ₹11100  Get Complimentary Product  ( 2 ),12300,11100,-1200
Lotus Botanicals 100x Vitamin C Day & Night Combo ₹1925 ( 13750 ),1935,1925,-10
Lotus Botanicals 100x Vitamin C Day & Night Combo ₹1925 ( 13750 ),1935,1925,-10
Lotus Botanicals 100x Vitamin C Day & Night Combo ₹1925 ( 13750 ),1935,1925,-10
Lotus Botanicals 100x Vitamin C Day & Night Combo ₹1925 ( 13750 ),1935,1925,-10
L'Occitane Immortelle Reset Triphase Essence ₹3200  Extra 10% Off  ( 77 ),6500,3200,-3300
Biotique Advanced Organics Vitamin C Dark Spot Solution ₹448 20% Off Regular price ₹560. Discounted price ₹448. 20% Off. ( 3070 ),99,560,461
Biotique Advanced Organics Vitamin C Dark Spot Solution ₹448 20% Off Regular price ₹560. Discounted price ₹448. 20% Off. ( 3070 ),99,560,461
Biotique Advanced Organics Vitamin C Dark Spot Solution ₹448 20% Off Regular price ₹560. Discounted price ₹448. 20% Off. ( 3070 ),99,560,461
Garnier Bright Complete Vitamin C Serum Gel With Vitamin C C... ₹199 ( 2557 ),249,199,-50
Garnier Bright Complete Vitamin C Serum Gel With Vitamin C C... ₹199 ( 2557 ),249,199,-50
Garnier Bright Complete Vitamin C Serum Gel With Vitamin C C... ₹199 ( 2557 ),249,199,-50
Garnier Bright Complete Vitamin C Serum Gel With Vitamin C C... ₹199 ( 2557 ),319,199,-120
Garnier Bright Complete Vitamin C Serum Gel With Vitamin C C... ₹199 ( 2557 ),319,199,-120
Garnier Bright Complete Vitamin C Serum Gel With Vitamin C C... ₹199 ( 2557 ),319,199,-120
Garnier Bright Complete Vitamin C Serum Gel With Vitamin C C... ₹199 ( 2557 ),319,199,-120
Garnier Bright Complete Vitamin C Serum Gel With Vitamin C C... ₹199 ( 2557 ),319,199,-120
Garnier Bright Complete Vitamin C Serum Gel With Vitamin C C... ₹199 ( 2557 ),319,199,-120
Garnier Bright Complete Vitamin C Serum Gel With Vitamin C C... ₹199 ( 2557 ),319,199,-120
Garnier Bright Complete Vitamin C Serum Gel With Vitamin C C... ₹199 ( 2557 ),319,199,-120
Garnier Bright Complete Vitamin C Serum Gel With Vitamin C C... ₹199 ( 2557 ),329,199,-130
Garnier Bright Complete Vitamin C Serum Gel With Vitamin C C... ₹199 ( 2557 ),329,199,-130
Garnier Bright Complete Vitamin C Serum Gel With Vitamin C C... ₹199 ( 2557 ),329,199,-130
Garnier Bright Complete Vitamin C Serum Gel With Vitamin C C... ₹199 ( 2557 ),329,199,-130
TONYMOLY Korean Intense Care Gold 24K Snail Emulsion to Nour... ₹1700 15% Off Regular price ₹2000. Discounted price ₹1700. 15% Off. ( 20 ),3070,2000,-1070
TONYMOLY Korean Intense Care Gold 24K Snail Emulsion to Nour... ₹1700 15% Off Regular price ₹2000. Discounted price ₹1700. 15% Off. ( 20 ),3070,2000,-1070
TONYMOLY Korean Intense Care Gold 24K Snail Emulsion to Nour... ₹1700 15% Off Regular price ₹2000. Discounted price ₹1700. 15% Off. ( 20 ),3070,2000,-1070
TONYMOLY Korean Intense Care Gold 24K Snail Emulsion to Nour... ₹1700 15% Off Regular price ₹2000. Discounted price ₹1700. 15% Off. ( 20 ),3070,2000,-1070
TONYMOLY Korean Intense Care Gold 24K Snail Emulsion to Nour... ₹1700 15% Off Regular price ₹2000. Discounted price ₹1700. 15% Off. ( 20 ),3070,2000,-1070
TONYMOLY Korean Intense Care Gold 24K Snail Emulsion to Nour... ₹1700 15% Off Regular price ₹2000. Discounted price ₹1700. 15% Off. ( 20 ),3070,2000,-1070
TONYMOLY Korean Intense Care Gold 24K Snail Emulsion to Nour... ₹1700 15% Off Regular price ₹2000. Discounted price ₹1700. 15% Off. ( 20 ),3070,2000,-1070
Novology Moisture Barrier Booster Serum For 48 Hours Of Hydr... ₹563 25% Off Regular price ₹750. Discounted price ₹563. 25% Off. ( 129 ),400,750,350
Novology Moisture Barrier Booster Serum For 48 Hours Of Hydr... ₹563 25% Off Regular price ₹750. Discounted price ₹563. 25% Off. ( 129 ),400,750,350
Novology Moisture Barrier Booster Serum For 48 Hours Of Hydr... ₹563 25% Off Regular price ₹750. Discounted price ₹563. 25% Off. ( 129 ),400,750,350
Novology Moisture Barrier Booster Serum For 48 Hours Of Hydr... ₹563 25% Off Regular price ₹750. Discounted price ₹563. 25% Off. ( 129 ),400,750,350
Innisfree Black Tea Youth Enhancing Treatment Essence For An... ₹1238 25% Off Regular price ₹1650. Discounted price ₹1238. 25% Off. ( 70 ),2780,1650,-1130
Innisfree Black Tea Youth Enhancing Treatment Essence For An... ₹1238 25% Off Regular price ₹1650. Discounted price ₹1238. 25% Off. ( 70 ),2780,1650,-1130
Mamaearth Rice Dewy Bright Light Moisturizing Cream ₹404 10% Off Regular price ₹449. Discounted price ₹404. 10% Off. ( 60 ),169,449,280
Mamaearth Rice Dewy Bright Light Moisturizing Cream ₹404 10% Off Regular price ₹449. Discounted price ₹404. 10% Off. ( 60 ),169,449,280
Mamaearth Rice Dewy Bright Light Moisturizing Cream ₹404 10% Off Regular price ₹449. Discounted price ₹404. 10% Off. ( 60 ),169,449,280
Mamaearth Rice Dewy Bright Light Moisturizing Cream ₹404 10% Off Regular price ₹449. Discounted price ₹404. 10% Off. ( 60 ),169,449,280
Re'equil Hydrate & Sun Protect Combo For Dry Skin ₹799 15% Off Regular price ₹940. Discounted price ₹799. 15% Off. ( 101566 ),690,940,250
Re'equil Hydrate & Sun Protect Combo For Dry Skin ₹799 15% Off Regular price ₹940. Discounted price ₹799. 15% Off. ( 101566 ),690,940,250
Re'equil Hydrate & Sun Protect Combo For Dry Skin ₹799 15% Off Regular price ₹940. Discounted price ₹799. 15% Off. ( 101566 ),690,940,250
Re'equil Hydrate & Sun Protect Combo For Dry Skin ₹799 15% Off Regular price ₹940. Discounted price ₹799. 15% Off. ( 101566 ),690,940,250
VT Cosmetics Vita-Light Reedle Shot 100 Stick ₹1124 10% Off Regular price ₹1249. Discounted price ₹1124. 10% Off. ( 19 ),3999,1249,-2750
VT Cosmetics Vita-Light Reedle Shot 100 Stick ₹1124 10% Off Regular price ₹1249. Discounted price ₹1124. 10% Off. ( 19 ),3999,1249,-2750
VT Cosmetics Vita-Light Reedle Shot 100 Stick ₹1124 10% Off Regular price ₹1249. Discounted price ₹1124. 10% Off. ( 19 ),4999,1249,-3750
VT Cosmetics Vita-Light Reedle Shot 100 Stick ₹1124 10% Off Regular price ₹1249. Discounted price ₹1124. 10% Off. ( 19 ),4999,1249,-3750
VT Cosmetics Vita-Light Reedle Shot 100 Stick ₹1124 10% Off Regular price ₹1249. Discounted price ₹1124. 10% Off. ( 19 ),5999,1249,-4750
VT Cosmetics Vita-Light Reedle Shot 100 Stick ₹1124 10% Off Regular price ₹1249. Discounted price ₹1124. 10% Off. ( 19 ),5999,1249,-4750
VT Cosmetics Vita-Light Reedle Shot 100 ₹3599 10% Off Regular price ₹3999. Discounted price ₹3599. 10% Off. ( 3 ),1249,3999,2750
VT Cosmetics Vita-Light Reedle Shot 100 ₹3599 10% Off Regular price ₹3999. Discounted price ₹3599. 10% Off. ( 3 ),1249,3999,2750
VT Cosmetics Vita-Light Reedle Shot 100 ₹3599 10% Off Regular price ₹3999. Discounted price ₹3599. 10% Off. ( 3 ),1249,3999,2750
VT Cosmetics Vita-Light Reedle Shot 100 ₹3599 10% Off Regular price ₹3999. Discounted price ₹3599. 10% Off. ( 3 ),4999,3999,-1000
VT Cosmetics Vita-Light Reedle Shot 100 ₹3599 10% Off Regular price ₹3999. Discounted price ₹3599. 10% Off. ( 3 ),4999,3999,-1000
VT Cosmetics Vita-Light Reedle Shot 100 ₹3599 10% Off Regular price ₹3999. Discounted price ₹3599. 10% Off. ( 3 ),5999,3999,-2000
VT Cosmetics Vita-Light Reedle Shot 100 ₹3599 10% Off Regular price ₹3999. Discounted price ₹3599. 10% Off. ( 3 ),5999,3999,-2000
Bobbi Brown Extra Repair Intense Moisture Cream Refill ₹8700  Enjoy Complimentary Gift  ( 14 ),10850,8700,-2150
Bobbi Brown Extra Repair Intense Moisture Cream Refill ₹8700  Enjoy Complimentary Gift  ( 14 ),10850,8700,-2150
Bobbi Brown Extra Repair Intense Moisture Cream Refill ₹8700  Enjoy Complimentary Gift  ( 14 ),10850,8700,-2150
Bobbi Brown Extra Repair Intense Moisture Cream Refill ₹8700  Enjoy Complimentary Gift  ( 14 ),10850,8700,-2150
"Olay Total Effects Day Cream, Fights 7 Signs of Ageing With ... ₹429 ( 686 )",999,429,-570
"Olay Total Effects Day Cream, Fights 7 Signs of Ageing With ... ₹429 ( 686 )",999,429,-570
"Olay Total Effects Day Cream, Fights 7 Signs of Ageing With ... ₹429 ( 686 )",999,429,-570
"Olay Total Effects Day Cream, Fights 7 Signs of Ageing With ... ₹429 ( 686 )",999,429,-570
Lotus Botanicals Vitamin C Skin Brightening Face Moisturiser ₹645 ( 834 ),445,645,200
Lotus Botanicals Vitamin C Skin Brightening Face Moisturiser ₹645 ( 834 ),445,645,200
Lotus Botanicals Vitamin C Skin Brightening Face Moisturiser ₹645 ( 834 ),445,645,200
Lotus Botanicals Vitamin C Skin Brightening Face Moisturiser ₹645 ( 834 ),445,645,200
Lotus Botanicals Vitamin C Skin Brightening Face Moisturiser ₹645 ( 834 ),445,645,200
Lotus Botanicals Vitamin C Skin Brightening Face Moisturiser ₹645 ( 834 ),445,645,200
Lotus Botanicals Vitamin C Skin Brightening Face Moisturiser ₹645 ( 834 ),445,645,200
Lotus Botanicals Vitamin C Skin Brightening Face Moisturiser ₹645 ( 834 ),445,645,200
Lotus Botanicals Vitamin C Skin Brightening Face Moisturiser ₹645 ( 834 ),845,645,-200
Lotus Botanicals Vitamin C Skin Brightening Face Moisturiser ₹645 ( 834 ),845,645,-200
Lotus Botanicals Vitamin C Skin Brightening Face Moisturiser ₹645 ( 834 ),845,645,-200
Aflairza Hydrawave Face Moisturizer Water Based Cream ₹899 ( 49 ),699,899,200
Aflairza Hydrawave Face Moisturizer Water Based Cream ₹899 ( 49 ),699,899,200
Aflairza Hydrawave Face Moisturizer Water Based Cream ₹899 ( 49 ),699,899,200
Aflairza Hydrawave Face Moisturizer Water Based Cream ₹899 ( 49 ),699,899,200
SkinInspired Mattifying Gel Moisturizer ₹999 9% Off Regular price ₹1099. Discounted price ₹999. 9% Off. ( 71 ),899,1099,200
SkinInspired Mattifying Gel Moisturizer ₹999 9% Off Regular price ₹1099. Discounted price ₹999. 9% Off. ( 71 ),899,1099,200
SkinInspired Mattifying Gel Moisturizer ₹999 9% Off Regular price ₹1099. Discounted price ₹999. 9% Off. ( 71 ),899,1099,200
Pilgrim Oil-Free Gel Moisturiser with Hyaluronic Acid for Ac... ₹421 15% Off Regular price ₹495. Discounted price ₹421. 15% Off. ( 981 ),990,495,-495
Pilgrim Oil-Free Gel Moisturiser with Hyaluronic Acid for Ac... ₹421 15% Off Regular price ₹495. Discounted price ₹421. 15% Off. ( 981 ),990,495,-495
Pilgrim Oil-Free Gel Moisturiser with Hyaluronic Acid for Ac... ₹421 15% Off Regular price ₹495. Discounted price ₹421. 15% Off. ( 981 ),990,495,-495
Biotique Morning Nectar Nourish & Hydrate Moisturizing Cream ₹200 20% Off Regular price ₹250. Discounted price ₹200. 20% Off. ( 5048 ),425,250,-175
Biotique Morning Nectar Nourish & Hydrate Moisturizing Cream ₹200 20% Off Regular price ₹250. Discounted price ₹200. 20% Off. ( 5048 ),425,250,-175
Biotique Morning Nectar Nourish & Hydrate Moisturizing Cream ₹200 20% Off Regular price ₹250. Discounted price ₹200. 20% Off. ( 5048 ),425,250,-175
Biotique Morning Nectar Nourish & Hydrate Moisturizing Cream ₹200 20% Off Regular price ₹250. Discounted price ₹200. 20% Off. ( 5048 ),425,250,-175
Bobbi Brown Extra Repair Intense Moisture Cream ₹10850  Enjoy Complimentary Gift  ( 8 ),8700,10850,2150
Bobbi Brown Extra Repair Intense Moisture Cream ₹10850  Enjoy Complimentary Gift  ( 8 ),8700,10850,2150
Bobbi Brown Extra Repair Intense Moisture Cream ₹10850  Enjoy Complimentary Gift  ( 8 ),8700,10850,2150
Bobbi Brown Extra Repair Intense Moisture Cream ₹10850  Enjoy Complimentary Gift  ( 8 ),8700,10850,2150
VT Cosmetics Collagen Reedle Shot 100 ₹3599 10% Off Regular price ₹3999. Discounted price ₹3599. 10% Off. ( 3 ),1249,3999,2750
VT Cosmetics Collagen Reedle Shot 100 ₹3599 10% Off Regular price ₹3999. Discounted price ₹3599. 10% Off. ( 3 ),1249,3999,2750
VT Cosmetics Collagen Reedle Shot 100 ₹3599 10% Off Regular price ₹3999. Discounted price ₹3599. 10% Off. ( 3 ),1249,3999,2750
Lotus Organics Precious Brightening Toning Essence ₹575 ( 302 ),895,575,-320
Lotus Organics Precious Brightening Toning Essence ₹575 ( 302 ),895,575,-320
Lotus Organics Precious Brightening Toning Essence ₹575 ( 302 ),895,575,-320
Lotus Organics Precious Brightening Toning Essence ₹575 ( 302 ),895,575,-320
Lotus Organics Precious Brightening Toning Essence ₹575 ( 302 ),945,575,-370
Lotus Organics Precious Brightening Toning Essence ₹575 ( 302 ),945,575,-370
Lotus Organics Precious Brightening Toning Essence ₹575 ( 302 ),945,575,-370
Lotus Organics Precious Brightening Toning Essence ₹575 ( 302 ),1790,575,-1215
Lotus Organics Precious Brightening Toning Essence ₹575 ( 302 ),1790,575,-1215
Lotus Organics Precious Brightening Toning Essence ₹575 ( 302 ),1790,575,-1215
Lotus Organics Precious Brightening Toning Essence ₹575 ( 302 ),1790,575,-1215
Lotus Organics Precious Brightening Toning Essence ₹575 ( 302 ),1840,575,-1265
Lotus Organics Precious Brightening Toning Essence ₹575 ( 302 ),1840,575,-1265
Lotus Organics Precious Brightening Toning Essence ₹575 ( 302 ),1840,575,-1265
Lotus Organics Precious Brightening Toning Essence ₹575 ( 302 ),1900,575,-1325
Lotus Organics Precious Brightening Toning Essence ₹575 ( 302 ),1900,575,-1325
Lotus Organics Precious Brightening Toning Essence ₹575 ( 302 ),1900,575,-1325
Aqualogica Bright Essentials Combo Sunscreen + Face Serum + ... ₹1299 16% Off Regular price ₹1547. Discounted price ₹1299. 16% Off. ( 164790 ),1597,1547,-50
Aqualogica Bright Essentials Combo Sunscreen + Face Serum + ... ₹1299 16% Off Regular price ₹1547. Discounted price ₹1299. 16% Off. ( 164790 ),1597,1547,-50
Aqualogica Bright Essentials Combo Sunscreen + Face Serum + ... ₹1299 16% Off Regular price ₹1547. Discounted price ₹1299. 16% Off. ( 164790 ),1597,1547,-50
Aqualogica Bright Essentials Combo Sunscreen + Face Serum + ... ₹1299 16% Off Regular price ₹1547. Discounted price ₹1299. 16% Off. ( 164790 ),1597,1547,-50
Aqualogica Bright Essentials Combo Sunscreen + Face Serum + ... ₹1299 16% Off Regular price ₹1547. Discounted price ₹1299. 16% Off. ( 164790 ),1597,1547,-50
Aqualogica Bright Essentials Combo Sunscreen + Face Serum + ... ₹1299 16% Off Regular price ₹1547. Discounted price ₹1299. 16% Off. ( 164790 ),1597,1547,-50
Mamaearth Skin Correct Face Serum With Niacinamide And Ginge... ₹321 8% Off Regular price ₹349. Discounted price ₹321. 8% Off. ( 2151 ),599,349,-250
Mamaearth Skin Correct Face Serum With Niacinamide And Ginge... ₹321 8% Off Regular price ₹349. Discounted price ₹321. 8% Off. ( 2151 ),599,349,-250
Mamaearth Skin Correct Face Serum With Niacinamide And Ginge... ₹321 8% Off Regular price ₹349. Discounted price ₹321. 8% Off. ( 2151 ),599,349,-250
"NIVEA Men Creme, Non Greasy Moisturizer, Cream for Face, Bod... ₹261 5% Off Regular price ₹275. Discounted price ₹261. 5% Off. ( 3386 )",99,275,176
"NIVEA Men Creme, Non Greasy Moisturizer, Cream for Face, Bod... ₹261 5% Off Regular price ₹275. Discounted price ₹261. 5% Off. ( 3386 )",99,275,176
"NIVEA Men Creme, Non Greasy Moisturizer, Cream for Face, Bod... ₹261 5% Off Regular price ₹275. Discounted price ₹261. 5% Off. ( 3386 )",99,275,176
"NIVEA Men Creme, Non Greasy Moisturizer, Cream for Face, Bod... ₹261 5% Off Regular price ₹275. Discounted price ₹261. 5% Off. ( 3386 )",99,275,176
Moody Hydroburst Light Weight Oil Free Gel Moistuiser ₹327 42% Off Regular price ₹563. Discounted price ₹327. 42% Off.  Enjoy Complimentary Gift  ( 473 ),789,563,-226
Dr.Jart+ Prejuvenation Firming Bakuchiol Cream – Face Moistu... ₹5250  Enjoy Complimentary Gift  ( 4 ),5400,5250,-150
Dr.Jart+ Prejuvenation Firming Bakuchiol Cream – Face Moistu... ₹5250  Enjoy Complimentary Gift  ( 4 ),5400,5250,-150
Estee Lauder Advanced Night Repair Rescue Solution ₹8800  Get Complimentary Product  ( 8 ),1250,8800,7550
Estee Lauder Advanced Night Repair Rescue Solution ₹8800  Get Complimentary Product  ( 8 ),1250,8800,7550
Estee Lauder Advanced Night Repair Rescue Solution ₹8800  Get Complimentary Product  ( 8 ),1250,8800,7550
Estee Lauder Advanced Night Repair Rescue Solution ₹8800  Get Complimentary Product  ( 8 ),1250,8800,7550
Estee Lauder Advanced Night Repair Rescue Solution ₹8800  Get Complimentary Product  ( 8 ),4500,8800,4300
Estee Lauder Advanced Night Repair Rescue Solution ₹8800  Get Complimentary Product  ( 8 ),4500,8800,4300
Estee Lauder Advanced Night Repair Rescue Solution ₹8800  Get Complimentary Product  ( 8 ),4500,8800,4300
Estee Lauder Advanced Night Repair Rescue Solution ₹8800  Get Complimentary Product  ( 8 ),4500,8800,4300
Estee Lauder Advanced Night Repair Rescue Solution ₹8800  Get Complimentary Product  ( 8 ),9000,8800,-200
Estee Lauder Advanced Night Repair Rescue Solution ₹8800  Get Complimentary Product  ( 8 ),9000,8800,-200
Estee Lauder Advanced Night Repair Rescue Solution ₹8800  Get Complimentary Product  ( 8 ),9000,8800,-200
Estee Lauder Advanced Night Repair Rescue Solution ₹8800  Get Complimentary Product  ( 8 ),9000,8800,-200
Pilgrim 10% Vitamin C Face Serum For Daily Brightness - Pack... ₹942 27% Off Regular price ₹1290. Discounted price ₹942. 27% Off. ( 2619 ),550,1290,740
Pilgrim 10% Vitamin C Face Serum For Daily Brightness - Pack... ₹942 27% Off Regular price ₹1290. Discounted price ₹942. 27% Off. ( 2619 ),550,1290,740
Pilgrim 10% Vitamin C Face Serum For Daily Brightness - Pack... ₹942 27% Off Regular price ₹1290. Discounted price ₹942. 27% Off. ( 2619 ),550,1290,740
Pilgrim 10% Vitamin C Face Serum For Daily Brightness - Pack... ₹942 27% Off Regular price ₹1290. Discounted price ₹942. 27% Off. ( 2619 ),645,1290,645
Pilgrim 10% Vitamin C Face Serum For Daily Brightness - Pack... ₹942 27% Off Regular price ₹1290. Discounted price ₹942. 27% Off. ( 2619 ),645,1290,645
Pilgrim 10% Vitamin C Face Serum For Daily Brightness - Pack... ₹942 27% Off Regular price ₹1290. Discounted price ₹942. 27% Off. ( 2619 ),645,1290,645
Pilgrim 10% Vitamin C Face Serum For Daily Brightness - Pack... ₹942 27% Off Regular price ₹1290. Discounted price ₹942. 27% Off. ( 2619 ),645,1290,645
"NIVEA MEN Creme, Non Greasy Moisturizer, Cream for Face, Bod... ₹94 5% Off Regular price ₹99. Discounted price ₹94. 5% Off. ( 1440 )",275,99,-176
"NIVEA MEN Creme, Non Greasy Moisturizer, Cream for Face, Bod... ₹94 5% Off Regular price ₹99. Discounted price ₹94. 5% Off. ( 1440 )",275,99,-176
"NIVEA MEN Creme, Non Greasy Moisturizer, Cream for Face, Bod... ₹94 5% Off Regular price ₹99. Discounted price ₹94. 5% Off. ( 1440 )",275,99,-176
"NIVEA MEN Creme, Non Greasy Moisturizer, Cream for Face, Bod... ₹94 5% Off Regular price ₹99. Discounted price ₹94. 5% Off. ( 1440 )",275,99,-176
Mamaearth Vitamin C Oil-Free Moisturizer For Face with Vitam... ₹199 ( 114 ),319,199,-120
Mamaearth Vitamin C Oil-Free Moisturizer For Face with Vitam... ₹199 ( 114 ),319,199,-120
Mamaearth Vitamin C Oil-Free Moisturizer For Face with Vitam... ₹199 ( 114 ),319,199,-120
Mamaearth Vitamin C Oil-Free Moisturizer For Face with Vitam... ₹199 ( 114 ),319,199,-120
Dermafique Advanced Hydration Day Cream For All Skin Types ₹314 30% Off Regular price ₹449. Discounted price ₹314. 30% Off. ( 1125 ),699,449,-250
Dermafique Advanced Hydration Day Cream For All Skin Types ₹314 30% Off Regular price ₹449. Discounted price ₹314. 30% Off. ( 1125 ),699,449,-250
Blue Nectar Night Repair Cream for Ultra Hydration & Skin Re... ₹1004 10% Off Regular price ₹1115. Discounted price ₹1004. 10% Off. ( 224 ),1095,1115,20
Blue Nectar Night Repair Cream for Ultra Hydration & Skin Re... ₹1004 10% Off Regular price ₹1115. Discounted price ₹1004. 10% Off. ( 224 ),1095,1115,20
Blue Nectar Night Repair Cream for Ultra Hydration & Skin Re... ₹1004 10% Off Regular price ₹1115. Discounted price ₹1004. 10% Off. ( 224 ),1095,1115,20
Benefit Cosmetics The Porefessional Hydro Pop ₹7800,4500,7800,3300
Benefit Cosmetics The Porefessional Hydro Pop ₹7800,4500,7800,3300
Benefit Cosmetics The Porefessional Hydro Pop ₹7800,4500,7800,3300
Benefit Cosmetics The Porefessional Hydro Pop ₹7800,4700,7800,3100
Benefit Cosmetics The Porefessional Hydro Pop ₹7800,4700,7800,3100
Dermatouch Kojic Acid 2% Cream - Pack Of 2 ₹358 10% Off Regular price ₹398. Discounted price ₹358. 10% Off. ( 20 ),598,398,-200
Dermatouch Kojic Acid 2% Cream - Pack Of 2 ₹358 10% Off Regular price ₹398. Discounted price ₹358. 10% Off. ( 20 ),598,398,-200
Dermatouch Kojic Acid 2% Cream - Pack Of 2 ₹358 10% Off Regular price ₹398. Discounted price ₹358. 10% Off. ( 20 ),598,398,-200
Himalaya Dark Spot Clearing Turmeric Face Cream ₹226 18% Off Regular price ₹275. Discounted price ₹226. 18% Off. ( 446 ),299,275,-24
Himalaya Dark Spot Clearing Turmeric Face Cream ₹226 18% Off Regular price ₹275. Discounted price ₹226. 18% Off. ( 446 ),299,275,-24
Himalaya Dark Spot Clearing Turmeric Face Cream ₹226 18% Off Regular price ₹275. Discounted price ₹226. 18% Off. ( 446 ),299,275,-24
Himalaya Dark Spot Clearing Turmeric Face Cream ₹226 18% Off Regular price ₹275. Discounted price ₹226. 18% Off. ( 446 ),299,275,-24
Himalaya Dark Spot Clearing Turmeric Face Cream ₹226 18% Off Regular price ₹275. Discounted price ₹226. 18% Off. ( 446 ),549,275,-274
Himalaya Dark Spot Clearing Turmeric Face Cream ₹226 18% Off Regular price ₹275. Discounted price ₹226. 18% Off. ( 446 ),549,275,-274
Himalaya Dark Spot Clearing Turmeric Face Cream ₹226 18% Off Regular price ₹275. Discounted price ₹226. 18% Off. ( 446 ),549,275,-274
Himalaya Dark Spot Clearing Turmeric Face Cream ₹226 18% Off Regular price ₹275. Discounted price ₹226. 18% Off. ( 446 ),549,275,-274
Lotus Organics Precious Brightening Creme & Night Creme Comb... ₹1790 ( 5596 ),575,1790,1215
Lotus Organics Precious Brightening Creme & Night Creme Comb... ₹1790 ( 5596 ),575,1790,1215
Lotus Organics Precious Brightening Creme & Night Creme Comb... ₹1790 ( 5596 ),895,1790,895
Lotus Organics Precious Brightening Creme & Night Creme Comb... ₹1790 ( 5596 ),895,1790,895
Lotus Organics Precious Brightening Creme & Night Creme Comb... ₹1790 ( 5596 ),895,1790,895
Lotus Organics Precious Brightening Creme & Night Creme Comb... ₹1790 ( 5596 ),895,1790,895
Lotus Organics Precious Brightening Creme & Night Creme Comb... ₹1790 ( 5596 ),945,1790,845
Lotus Organics Precious Brightening Creme & Night Creme Comb... ₹1790 ( 5596 ),945,1790,845
Lotus Organics Precious Brightening Creme & Night Creme Comb... ₹1790 ( 5596 ),945,1790,845
Lotus Organics Precious Brightening Creme & Night Creme Comb... ₹1790 ( 5596 ),1840,1790,-50
Lotus Organics Precious Brightening Creme & Night Creme Comb... ₹1790 ( 5596 ),1840,1790,-50
Lotus Organics Precious Brightening Creme & Night Creme Comb... ₹1790 ( 5596 ),1840,1790,-50
Lotus Organics Precious Brightening Creme & Night Creme Comb... ₹1790 ( 5596 ),1900,1790,-110
Lotus Organics Precious Brightening Creme & Night Creme Comb... ₹1790 ( 5596 ),1900,1790,-110
Lotus Organics Precious Brightening Creme & Night Creme Comb... ₹1790 ( 5596 ),1900,1790,-110
Mamaearth Vitamin C Daily Glow Light Moisturizing Cream ₹404 10% Off Regular price ₹449. Discounted price ₹404. 10% Off. ( 64 ),169,449,280
Mamaearth Vitamin C Daily Glow Light Moisturizing Cream ₹404 10% Off Regular price ₹449. Discounted price ₹404. 10% Off. ( 64 ),169,449,280
Mamaearth Vitamin C Daily Glow Light Moisturizing Cream ₹404 10% Off Regular price ₹449. Discounted price ₹404. 10% Off. ( 64 ),169,449,280
Mamaearth Vitamin C Daily Glow Light Moisturizing Cream ₹404 10% Off Regular price ₹449. Discounted price ₹404. 10% Off. ( 64 ),169,449,280
Mamaearth Vitamin C Daily Glow Light Moisturizing Cream ₹404 10% Off Regular price ₹449. Discounted price ₹404. 10% Off. ( 64 ),499,449,-50
Mamaearth Vitamin C Daily Glow Light Moisturizing Cream ₹404 10% Off Regular price ₹449. Discounted price ₹404. 10% Off. ( 64 ),499,449,-50
Mamaearth Vitamin C Daily Glow Light Moisturizing Cream ₹404 10% Off Regular price ₹449. Discounted price ₹404. 10% Off. ( 64 ),499,449,-50
Neud 30 Minute - Diy Makeover Facial Kit ₹355 ( 106 ),710,355,-355
Neud 30 Minute - Diy Makeover Facial Kit ₹355 ( 106 ),710,355,-355
Oshea Herbals Vitamin C Brightening Face Serum With Grapefru... ₹545 ( 23 ),295,545,250
Oshea Herbals Vitamin C Brightening Face Serum With Grapefru... ₹545 ( 23 ),295,545,250
Oshea Herbals Vitamin C Brightening Face Serum With Grapefru... ₹545 ( 23 ),295,545,250
L'Occitane Immortelle Reset Triphase Essence ₹3200  Extra 10% Off  ( 77 ),6500,3200,-3300
Kora Organics Plant Stem Cell Retinol Alternative Serum Firm... ₹7055 15% Off Regular price ₹8300. Discounted price ₹7055. 15% Off. ( 2 ),2600,8300,5700
Kora Organics Plant Stem Cell Retinol Alternative Serum Firm... ₹7055 15% Off Regular price ₹8300. Discounted price ₹7055. 15% Off. ( 2 ),2600,8300,5700
Kora Organics Plant Stem Cell Retinol Alternative Serum Firm... ₹7055 15% Off Regular price ₹8300. Discounted price ₹7055. 15% Off. ( 2 ),2600,8300,5700
L'Occitane Immortelle Precious Enriched Emulsion ₹5900  Extra 10% Off  ( 19 ),950,5900,4950
L'Occitane Immortelle Precious Enriched Emulsion ₹5900  Extra 10% Off  ( 19 ),950,5900,4950
Himalaya Natural Glow Rose Face Gel Duo ₹144 20% Off Regular price ₹180. Discounted price ₹144. 20% Off. ( 11568 ),90,180,90
Himalaya Natural Glow Rose Face Gel Duo ₹144 20% Off Regular price ₹180. Discounted price ₹144. 20% Off. ( 11568 ),90,180,90
Himalaya Natural Glow Rose Face Gel Duo ₹144 20% Off Regular price ₹180. Discounted price ₹144. 20% Off. ( 11568 ),90,180,90
Himalaya Natural Glow Rose Face Gel Duo ₹144 20% Off Regular price ₹180. Discounted price ₹144. 20% Off. ( 11568 ),90,180,90
Lotus Dermabotanics Kojic Acid + Multi Berry Ampoule Face Cr... ₹545 ( 127 ),595,545,-50
Lotus Dermabotanics Kojic Acid + Multi Berry Ampoule Face Cr... ₹545 ( 127 ),595,545,-50
Lotus Dermabotanics Kojic Acid + Multi Berry Ampoule Face Cr... ₹545 ( 127 ),595,545,-50
Biotique Bio Morning Nectar Visibly Flawless Serum ₹264 20% Off Regular price ₹330. Discounted price ₹264. 20% Off. ( 1279 ),1375,330,-1045
Biotique Bio Morning Nectar Visibly Flawless Serum ₹264 20% Off Regular price ₹330. Discounted price ₹264. 20% Off. ( 1279 ),1375,330,-1045
VT Cosmetics Vita-Light Reedle Shot 300 ₹4499 10% Off Regular price ₹4999. Discounted price ₹4499. 10% Off.,1249,4999,3750
VT Cosmetics Vita-Light Reedle Shot 300 ₹4499 10% Off Regular price ₹4999. Discounted price ₹4499. 10% Off.,1249,4999,3750
VT Cosmetics Vita-Light Reedle Shot 300 ₹4499 10% Off Regular price ₹4999. Discounted price ₹4499. 10% Off.,1249,4999,3750
VT Cosmetics Vita-Light Reedle Shot 300 ₹4499 10% Off Regular price ₹4999. Discounted price ₹4499. 10% Off.,3999,4999,1000
VT Cosmetics Vita-Light Reedle Shot 300 ₹4499 10% Off Regular price ₹4999. Discounted price ₹4499. 10% Off.,3999,4999,1000
VT Cosmetics Vita-Light Reedle Shot 300 ₹4499 10% Off Regular price ₹4999. Discounted price ₹4499. 10% Off.,5999,4999,-1000
VT Cosmetics Vita-Light Reedle Shot 300 ₹4499 10% Off Regular price ₹4999. Discounted price ₹4499. 10% Off.,5999,4999,-1000
Nature's Essence Bright Glow Vitamin C Serum Cream ₹70 7% Off Regular price ₹75. Discounted price ₹70. 7% Off.  Extra 5% Off  ( 239 ),99,75,-24
Nature's Essence Bright Glow Vitamin C Serum Cream ₹70 7% Off Regular price ₹75. Discounted price ₹70. 7% Off.  Extra 5% Off  ( 239 ),99,75,-24
Nature's Essence Bright Glow Vitamin C Serum Cream ₹70 7% Off Regular price ₹75. Discounted price ₹70. 7% Off.  Extra 5% Off  ( 239 ),99,75,-24
Nature's Essence Bright Glow Vitamin C Serum Cream ₹70 7% Off Regular price ₹75. Discounted price ₹70. 7% Off.  Extra 5% Off  ( 239 ),99,75,-24
WOW Skin Science Vitamin C & Niacinamide Face Cream- For All... ₹379 5% Off Regular price ₹399. Discounted price ₹379. 5% Off. ( 2107 ),599,399,-200
WOW Skin Science Vitamin C & Niacinamide Face Cream- For All... ₹379 5% Off Regular price ₹399. Discounted price ₹379. 5% Off. ( 2107 ),599,399,-200
WOW Skin Science Vitamin C & Niacinamide Face Cream- For All... ₹379 5% Off Regular price ₹399. Discounted price ₹379. 5% Off. ( 2107 ),599,399,-200
WOW Skin Science Vitamin C & Niacinamide Face Cream- For All... ₹379 5% Off Regular price ₹399. Discounted price ₹379. 5% Off. ( 2107 ),599,399,-200
Pilgrim Aloe Vera Gel With Vitamin E For Glowing Skin & Hair... ₹413 25% Off Regular price ₹550. Discounted price ₹413. 25% Off. ( 1870 ),275,550,275
Pilgrim Aloe Vera Gel With Vitamin E For Glowing Skin & Hair... ₹413 25% Off Regular price ₹550. Discounted price ₹413. 25% Off. ( 1870 ),275,550,275
Pilgrim Aloe Vera Gel With Vitamin E For Glowing Skin & Hair... ₹413 25% Off Regular price ₹550. Discounted price ₹413. 25% Off. ( 1870 ),275,550,275
Pilgrim Aloe Vera Gel With Vitamin E For Glowing Skin & Hair... ₹413 25% Off Regular price ₹550. Discounted price ₹413. 25% Off. ( 1870 ),275,550,275
Elizabeth Arden Prevage Anti-Aging + Intensive Repair Daily ... ₹14678 5% Off Regular price ₹15450. Discounted price ₹14678. 5% Off. ( 6 ),14000,15450,1450
Elizabeth Arden Prevage Anti-Aging + Intensive Repair Daily ... ₹14678 5% Off Regular price ₹15450. Discounted price ₹14678. 5% Off. ( 6 ),14000,15450,1450
Estee Lauder Re-Nutriv Ultimate Diamond Sculpted Transformat... ₹40500  Get Complimentary Product  ( 2 ),27300,40500,13200
Estee Lauder Re-Nutriv Ultimate Diamond Sculpted Transformat... ₹40500  Get Complimentary Product  ( 2 ),27300,40500,13200
Estee Lauder Re-Nutriv Ultimate Diamond Sculpted Transformat... ₹40500  Get Complimentary Product  ( 2 ),27300,40500,13200
Aqualogica Bright Essentials Combo Sunscreen + Face Serum + ... ₹1299 16% Off Regular price ₹1547. Discounted price ₹1299. 16% Off. ( 164790 ),1597,1547,-50
Aqualogica Bright Essentials Combo Sunscreen + Face Serum + ... ₹1299 16% Off Regular price ₹1547. Discounted price ₹1299. 16% Off. ( 164790 ),1597,1547,-50
Aqualogica Bright Essentials Combo Sunscreen + Face Serum + ... ₹1299 16% Off Regular price ₹1547. Discounted price ₹1299. 16% Off. ( 164790 ),1597,1547,-50
Aqualogica Bright Essentials Combo Sunscreen + Face Serum + ... ₹1299 16% Off Regular price ₹1547. Discounted price ₹1299. 16% Off. ( 164790 ),1597,1547,-50
Aqualogica Bright Essentials Combo Sunscreen + Face Serum + ... ₹1299 16% Off Regular price ₹1547. Discounted price ₹1299. 16% Off. ( 164790 ),1597,1547,-50
Aqualogica Bright Essentials Combo Sunscreen + Face Serum + ... ₹1299 16% Off Regular price ₹1547. Discounted price ₹1299. 16% Off. ( 164790 ),1597,1547,-50
Lotus Herbals Active Aloe + Niacinamide Brightening Boost Se... ₹475 ( 44 ),395,475,80
Lotus Herbals Active Aloe + Niacinamide Brightening Boost Se... ₹475 ( 44 ),395,475,80
Lotus Herbals Active Aloe + Niacinamide Brightening Boost Se... ₹475 ( 44 ),395,475,80
Lotus Herbals Active Aloe + Niacinamide Brightening Boost Se... ₹475 ( 44 ),395,475,80
BRING GREEN Super Lemon Glutathione Brightening Serum ₹1485 10% Off Regular price ₹1650. Discounted price ₹1485. 10% Off. ( 4 ),1400,1650,250
BRING GREEN Super Lemon Glutathione Brightening Serum ₹1485 10% Off Regular price ₹1650. Discounted price ₹1485. 10% Off. ( 4 ),1400,1650,250
BRING GREEN Super Lemon Glutathione Brightening Serum ₹1485 10% Off Regular price ₹1650. Discounted price ₹1485. 10% Off. ( 4 ),1400,1650,250
Himalaya Natural Glow Kesar Face Gel Duo ₹144 20% Off Regular price ₹180. Discounted price ₹144. 20% Off. ( 9962 ),90,180,90
Himalaya Natural Glow Kesar Face Gel Duo ₹144 20% Off Regular price ₹180. Discounted price ₹144. 20% Off. ( 9962 ),90,180,90
Himalaya Natural Glow Kesar Face Gel Duo ₹144 20% Off Regular price ₹180. Discounted price ₹144. 20% Off. ( 9962 ),90,180,90
Himalaya Natural Glow Kesar Face Gel Duo ₹144 20% Off Regular price ₹180. Discounted price ₹144. 20% Off. ( 9962 ),90,180,90
Himalaya Natural Glow Kesar Face Gel Duo ₹144 20% Off Regular price ₹180. Discounted price ₹144. 20% Off. ( 9962 ),90,180,90
Himalaya Natural Glow Kesar Face Gel Duo ₹144 20% Off Regular price ₹180. Discounted price ₹144. 20% Off. ( 9962 ),90,180,90
Olay Regenerist Micro-Sculpting Day Cream With Regenerist Se... ₹2968 18% Off Regular price ₹3598. Discounted price ₹2968. 18% Off. ( 13892 ),399,3598,3199
Olay Regenerist Micro-Sculpting Day Cream With Regenerist Se... ₹2968 18% Off Regular price ₹3598. Discounted price ₹2968. 18% Off. ( 13892 ),399,3598,3199
Clarins Bright Plus Advanced Serum ₹6800,5700,6800,1100
Clarins Bright Plus Advanced Serum ₹6800,5700,6800,1100
TONYMOLY Korean The Chok Chok Green Tea Watery Lotion to Hyd... ₹1394 15% Off Regular price ₹1640. Discounted price ₹1394. 15% Off. ( 35 ),1900,1640,-260
TONYMOLY Korean The Chok Chok Green Tea Watery Lotion to Hyd... ₹1394 15% Off Regular price ₹1640. Discounted price ₹1394. 15% Off. ( 35 ),1900,1640,-260
Lotus Botanicals Bio-Retinol Youth Radiance Sleeping Mask ₹745 ( 270 ),775,745,-30
Lotus Botanicals Bio-Retinol Youth Radiance Sleeping Mask ₹745 ( 270 ),775,745,-30
Lotus Botanicals Bio-Retinol Youth Radiance Sleeping Mask ₹745 ( 270 ),775,745,-30
Lotus Botanicals Bio-Retinol Youth Radiance Sleeping Mask ₹745 ( 270 ),775,745,-30
Lotus Professional Retemin Plant Retinol + Vitamin C Brighte... ₹1263 18% Off Regular price ₹1540. Discounted price ₹1263. 18% Off. ( 3632 ),745,1540,795
Lotus Professional Retemin Plant Retinol + Vitamin C Brighte... ₹1263 18% Off Regular price ₹1540. Discounted price ₹1263. 18% Off. ( 3632 ),745,1540,795
Lotus Professional Retemin Plant Retinol + Vitamin C Brighte... ₹1263 18% Off Regular price ₹1540. Discounted price ₹1263. 18% Off. ( 3632 ),745,1540,795
Lotus Professional Retemin Plant Retinol + Vitamin C Brighte... ₹1263 18% Off Regular price ₹1540. Discounted price ₹1263. 18% Off. ( 3632 ),745,1540,795
Lotus Professional Retemin Plant Retinol + Vitamin C Brighte... ₹1263 18% Off Regular price ₹1540. Discounted price ₹1263. 18% Off. ( 3632 ),795,1540,745
Lotus Professional Retemin Plant Retinol + Vitamin C Brighte... ₹1263 18% Off Regular price ₹1540. Discounted price ₹1263. 18% Off. ( 3632 ),795,1540,745
Lotus Professional Retemin Plant Retinol + Vitamin C Brighte... ₹1263 18% Off Regular price ₹1540. Discounted price ₹1263. 18% Off. ( 3632 ),795,1540,745
Lotus Professional Retemin Plant Retinol + Vitamin C Brighte... ₹1263 18% Off Regular price ₹1540. Discounted price ₹1263. 18% Off. ( 3632 ),795,1540,745
Lotus Professional Retemin Plant Retinol + Vitamin C Brighte... ₹1263 18% Off Regular price ₹1540. Discounted price ₹1263. 18% Off. ( 3632 ),895,1540,645
Lotus Professional Retemin Plant Retinol + Vitamin C Brighte... ₹1263 18% Off Regular price ₹1540. Discounted price ₹1263. 18% Off. ( 3632 ),895,1540,645
Lotus Professional Retemin Plant Retinol + Vitamin C Brighte... ₹1263 18% Off Regular price ₹1540. Discounted price ₹1263. 18% Off. ( 3632 ),895,1540,645
Lotus Professional Retemin Plant Retinol + Vitamin C Brighte... ₹1263 18% Off Regular price ₹1540. Discounted price ₹1263. 18% Off. ( 3632 ),1640,1540,-100
Lotus Professional Retemin Plant Retinol + Vitamin C Brighte... ₹1263 18% Off Regular price ₹1540. Discounted price ₹1263. 18% Off. ( 3632 ),1640,1540,-100
Lotus Professional Retemin Plant Retinol + Vitamin C Brighte... ₹1263 18% Off Regular price ₹1540. Discounted price ₹1263. 18% Off. ( 3632 ),1640,1540,-100
Lotus Professional Retemin Plant Retinol + Vitamin C Brighte... ₹1263 18% Off Regular price ₹1540. Discounted price ₹1263. 18% Off. ( 3632 ),1640,1540,-100
Lotus Professional Retemin Plant Retinol + Vitamin C Brighte... ₹1263 18% Off Regular price ₹1540. Discounted price ₹1263. 18% Off. ( 3632 ),1640,1540,-100
Lotus Professional Retemin Plant Retinol + Vitamin C Brighte... ₹1263 18% Off Regular price ₹1540. Discounted price ₹1263. 18% Off. ( 3632 ),2015,1540,-475
Lotus Professional Retemin Plant Retinol + Vitamin C Brighte... ₹1263 18% Off Regular price ₹1540. Discounted price ₹1263. 18% Off. ( 3632 ),2015,1540,-475
Lotus Professional Retemin Plant Retinol + Vitamin C Brighte... ₹1263 18% Off Regular price ₹1540. Discounted price ₹1263. 18% Off. ( 3632 ),2015,1540,-475
Lotus Organics Divine Nutritive Creme SPF 20 ₹795 ( 232 ),1590,795,-795
Lotus Organics Divine Nutritive Creme SPF 20 ₹795 ( 232 ),1590,795,-795
Lotus Organics Divine Nutritive Creme SPF 20 ₹795 ( 232 ),1590,795,-795
Estee Lauder Re-Nutriv Ultimate Lift Regenerating Youth Mois... ₹9500  Get Complimentary Product  ( 1 ),14400,9500,-4900
Estee Lauder Re-Nutriv Ultimate Lift Regenerating Youth Mois... ₹9500  Get Complimentary Product  ( 1 ),14400,9500,-4900
Estee Lauder Re-Nutriv Ultimate Lift Regenerating Youth Mois... ₹9500  Get Complimentary Product  ( 1 ),14400,9500,-4900
Estee Lauder Re-Nutriv Ultimate Lift Regenerating Youth Mois... ₹9500  Get Complimentary Product  ( 1 ),32000,9500,-22500
Estee Lauder Re-Nutriv Ultimate Lift Regenerating Youth Mois... ₹9500  Get Complimentary Product  ( 1 ),32000,9500,-22500
Estee Lauder Re-Nutriv Ultimate Lift Regenerating Youth Mois... ₹9500  Get Complimentary Product  ( 1 ),32000,9500,-22500
Estee Lauder Re-Nutriv Ultimate Lift Regenerating Youth Mois... ₹9500  Get Complimentary Product  ( 1 ),32000,9500,-22500
Estee Lauder Re-Nutriv Ultimate Lift Regenerating Youth Mois... ₹9500  Get Complimentary Product  ( 1 ),32000,9500,-22500
Estee Lauder Re-Nutriv Ultimate Lift Regenerating Youth Mois... ₹9500  Get Complimentary Product  ( 1 ),32000,9500,-22500
Estee Lauder Re-Nutriv Ultimate Lift Regenerating Youth Mois... ₹9500  Get Complimentary Product  ( 1 ),32000,9500,-22500
Estee Lauder Re-Nutriv Ultimate Lift Regenerating Youth Mois... ₹9500  Get Complimentary Product  ( 1 ),32000,9500,-22500
Glamveda Glutathione Brightening Face Cream ₹287 28% Off Regular price ₹399. Discounted price ₹287. 28% Off.  Extra 5% Off  ( 67 ),749,399,-350
Glamveda Glutathione Brightening Face Cream ₹287 28% Off Regular price ₹399. Discounted price ₹287. 28% Off.  Extra 5% Off  ( 67 ),749,399,-350
Glamveda Glutathione Brightening Face Cream ₹287 28% Off Regular price ₹399. Discounted price ₹287. 28% Off.  Extra 5% Off  ( 67 ),749,399,-350
Elizabeth Arden Advanced Ceramide Lift and Firm Day Cream ₹10450 5% Off Regular price ₹11000. Discounted price ₹10450. 5% Off. ( 2 ),4500,11000,6500
Elizabeth Arden Advanced Ceramide Lift and Firm Day Cream ₹10450 5% Off Regular price ₹11000. Discounted price ₹10450. 5% Off. ( 2 ),4500,11000,6500
Elizabeth Arden Advanced Ceramide Lift and Firm Day Cream ₹10450 5% Off Regular price ₹11000. Discounted price ₹10450. 5% Off. ( 2 ),4500,11000,6500
Benefit Cosmetics The Porefessional Smooth Sip Lightweight M... ₹4500 ( 1 ),4700,4500,-200
Benefit Cosmetics The Porefessional Smooth Sip Lightweight M... ₹4500 ( 1 ),4700,4500,-200
Benefit Cosmetics The Porefessional Smooth Sip Lightweight M... ₹4500 ( 1 ),7800,4500,-3300
Benefit Cosmetics The Porefessional Smooth Sip Lightweight M... ₹4500 ( 1 ),7800,4500,-3300
TONYMOLY Korean The Chok Chok Green Tea Watery Essence-Highl... ₹1330 30% Off Regular price ₹1900. Discounted price ₹1330. 30% Off. ( 178 ),1640,1900,260
TONYMOLY Korean The Chok Chok Green Tea Watery Essence-Highl... ₹1330 30% Off Regular price ₹1900. Discounted price ₹1330. 30% Off. ( 178 ),1640,1900,260
TONYMOLY Korean The Chok Chok Green Tea Watery Essence-Highl... ₹1330 30% Off Regular price ₹1900. Discounted price ₹1330. 30% Off. ( 178 ),1640,1900,260
Pilgrim Squalane Glow Moisturizer With Niacinamide & Vitamin... ₹660 40% Off Regular price ₹1100. Discounted price ₹660. 40% Off. ( 25585 ),550,1100,550
Pilgrim Squalane Glow Moisturizer With Niacinamide & Vitamin... ₹660 40% Off Regular price ₹1100. Discounted price ₹660. 40% Off. ( 25585 ),550,1100,550
Pilgrim Squalane Glow Moisturizer With Niacinamide & Vitamin... ₹660 40% Off Regular price ₹1100. Discounted price ₹660. 40% Off. ( 25585 ),550,1100,550
Pilgrim Squalane Glow Moisturizer With Niacinamide & Vitamin... ₹660 40% Off Regular price ₹1100. Discounted price ₹660. 40% Off. ( 25585 ),550,1100,550
Pilgrim Squalane Glow Moisturizer With Niacinamide & Vitamin... ₹660 40% Off Regular price ₹1100. Discounted price ₹660. 40% Off. ( 25585 ),1650,1100,-550
Pilgrim Squalane Glow Moisturizer With Niacinamide & Vitamin... ₹660 40% Off Regular price ₹1100. Discounted price ₹660. 40% Off. ( 25585 ),1650,1100,-550
Pilgrim Squalane Glow Moisturizer With Niacinamide & Vitamin... ₹660 40% Off Regular price ₹1100. Discounted price ₹660. 40% Off. ( 25585 ),1650,1100,-550
Lacto Calamine Super Light Face Moisturizer Gel for Oily Ski... ₹413 31% Off Regular price ₹598. Discounted price ₹413. 31% Off. ( 8071 ),299,598,299
Lacto Calamine Super Light Face Moisturizer Gel for Oily Ski... ₹413 31% Off Regular price ₹598. Discounted price ₹413. 31% Off. ( 8071 ),299,598,299
Lacto Calamine Super Light Face Moisturizer Gel for Oily Ski... ₹413 31% Off Regular price ₹598. Discounted price ₹413. 31% Off. ( 8071 ),299,598,299
Lacto Calamine Super Light Face Moisturizer Gel for Oily Ski... ₹413 31% Off Regular price ₹598. Discounted price ₹413. 31% Off. ( 8071 ),299,598,299
Innisfree Black Tea Youth Enhancing Ampoule For Anti-Aging &... ₹1946 30% Off Regular price ₹2780. Discounted price ₹1946. 30% Off. ( 422 ),1650,2780,1130
Innisfree Black Tea Youth Enhancing Ampoule For Anti-Aging &... ₹1946 30% Off Regular price ₹2780. Discounted price ₹1946. 30% Off. ( 422 ),1650,2780,1130
Innisfree Black Tea Youth Enhancing Ampoule For Anti-Aging &... ₹1946 30% Off Regular price ₹2780. Discounted price ₹1946. 30% Off. ( 422 ),1650,2780,1130
Dr.Jart+ Cicapair Intensive Soothing Repair Treatment Lotion... ₹2950  Enjoy Complimentary Gift  ( 4 ),3200,2950,-250
Dr.Jart+ Cicapair Intensive Soothing Repair Treatment Lotion... ₹2950  Enjoy Complimentary Gift  ( 4 ),3200,2950,-250
Dr.Jart+ Cicapair Intensive Soothing Repair Treatment Lotion... ₹2950  Enjoy Complimentary Gift  ( 4 ),3200,2950,-250
Dr.Jart+ Cicapair Intensive Soothing Repair Treatment Lotion... ₹2950  Enjoy Complimentary Gift  ( 4 ),3200,2950,-250
Dr.Jart+ Cicapair Intensive Soothing Repair Treatment Lotion... ₹2950  Enjoy Complimentary Gift  ( 4 ),3550,2950,-600
Dr.Jart+ Cicapair Intensive Soothing Repair Treatment Lotion... ₹2950  Enjoy Complimentary Gift  ( 4 ),3550,2950,-600
Dr.Jart+ Cicapair Intensive Soothing Repair Treatment Lotion... ₹2950  Enjoy Complimentary Gift  ( 4 ),3550,2950,-600
Dr.Jart+ Cicapair Intensive Soothing Repair Treatment Lotion... ₹2950  Enjoy Complimentary Gift  ( 4 ),3550,2950,-600
Revlon Touch & Glow Advanced Radiance Glow Cream ₹737 18% Off Regular price ₹899. Discounted price ₹737. 18% Off. ( 77 ),799,899,100
Revlon Touch & Glow Advanced Radiance Glow Cream ₹737 18% Off Regular price ₹899. Discounted price ₹737. 18% Off. ( 77 ),799,899,100
Lotus Professional Retemin Plant Retinol + Vitamin C Brighte... ₹1652 18% Off Regular price ₹2015. Discounted price ₹1652. 18% Off. ( 5098 ),745,2015,1270
Lotus Professional Retemin Plant Retinol + Vitamin C Brighte... ₹1652 18% Off Regular price ₹2015. Discounted price ₹1652. 18% Off. ( 5098 ),745,2015,1270
Lotus Professional Retemin Plant Retinol + Vitamin C Brighte... ₹1652 18% Off Regular price ₹2015. Discounted price ₹1652. 18% Off. ( 5098 ),745,2015,1270
Lotus Professional Retemin Plant Retinol + Vitamin C Brighte... ₹1652 18% Off Regular price ₹2015. Discounted price ₹1652. 18% Off. ( 5098 ),745,2015,1270
Lotus Professional Retemin Plant Retinol + Vitamin C Brighte... ₹1652 18% Off Regular price ₹2015. Discounted price ₹1652. 18% Off. ( 5098 ),795,2015,1220
Lotus Professional Retemin Plant Retinol + Vitamin C Brighte... ₹1652 18% Off Regular price ₹2015. Discounted price ₹1652. 18% Off. ( 5098 ),795,2015,1220
Lotus Professional Retemin Plant Retinol + Vitamin C Brighte... ₹1652 18% Off Regular price ₹2015. Discounted price ₹1652. 18% Off. ( 5098 ),795,2015,1220
Lotus Professional Retemin Plant Retinol + Vitamin C Brighte... ₹1652 18% Off Regular price ₹2015. Discounted price ₹1652. 18% Off. ( 5098 ),795,2015,1220
Lotus Professional Retemin Plant Retinol + Vitamin C Brighte... ₹1652 18% Off Regular price ₹2015. Discounted price ₹1652. 18% Off. ( 5098 ),895,2015,1120
Lotus Professional Retemin Plant Retinol + Vitamin C Brighte... ₹1652 18% Off Regular price ₹2015. Discounted price ₹1652. 18% Off. ( 5098 ),895,2015,1120
Lotus Professional Retemin Plant Retinol + Vitamin C Brighte... ₹1652 18% Off Regular price ₹2015. Discounted price ₹1652. 18% Off. ( 5098 ),895,2015,1120
Lotus Professional Retemin Plant Retinol + Vitamin C Brighte... ₹1652 18% Off Regular price ₹2015. Discounted price ₹1652. 18% Off. ( 5098 ),1540,2015,475
Lotus Professional Retemin Plant Retinol + Vitamin C Brighte... ₹1652 18% Off Regular price ₹2015. Discounted price ₹1652. 18% Off. ( 5098 ),1540,2015,475
Lotus Professional Retemin Plant Retinol + Vitamin C Brighte... ₹1652 18% Off Regular price ₹2015. Discounted price ₹1652. 18% Off. ( 5098 ),1540,2015,475
Lotus Professional Retemin Plant Retinol + Vitamin C Brighte... ₹1652 18% Off Regular price ₹2015. Discounted price ₹1652. 18% Off. ( 5098 ),1640,2015,375
Lotus Professional Retemin Plant Retinol + Vitamin C Brighte... ₹1652 18% Off Regular price ₹2015. Discounted price ₹1652. 18% Off. ( 5098 ),1640,2015,375
Lotus Professional Retemin Plant Retinol + Vitamin C Brighte... ₹1652 18% Off Regular price ₹2015. Discounted price ₹1652. 18% Off. ( 5098 ),1640,2015,375
Lotus Professional Retemin Plant Retinol + Vitamin C Brighte... ₹1652 18% Off Regular price ₹2015. Discounted price ₹1652. 18% Off. ( 5098 ),1640,2015,375
Lotus Professional Retemin Plant Retinol + Vitamin C Brighte... ₹1652 18% Off Regular price ₹2015. Discounted price ₹1652. 18% Off. ( 5098 ),1640,2015,375
Jovees Herbal Revita Ageing Skin Recovery Cream ₹364 20% Off Regular price ₹455. Discounted price ₹364. 20% Off. ( 185 ),565,455,-110
Jovees Herbal Revita Ageing Skin Recovery Cream ₹364 20% Off Regular price ₹455. Discounted price ₹364. 20% Off. ( 185 ),565,455,-110
Lotus Organics Vit-C Radiance Booster Crème SPF 20 PA+++ - L... ₹875 ( 85 ),945,875,-70
Lotus Organics Vit-C Radiance Booster Crème SPF 20 PA+++ - L... ₹875 ( 85 ),945,875,-70
Lotus Organics Vit-C Radiance Booster Serum - Lemon Verbena ₹945 ( 65 ),875,945,70
Lotus Organics Vit-C Radiance Booster Serum - Lemon Verbena ₹945 ( 65 ),875,945,70
Lotus Organics Vit-C Radiance Booster Serum - Lemon Verbena ₹945 ( 65 ),875,945,70
Lotus Botanicals Skin Brightening Combo ₹2360 ( 17281 ),695,2360,1665
Lotus Botanicals Skin Brightening Combo ₹2360 ( 17281 ),695,2360,1665
Lotus Botanicals Skin Brightening Combo ₹2360 ( 17281 ),695,2360,1665
Lotus Botanicals Skin Brightening Combo ₹2360 ( 17281 ),695,2360,1665
Lotus Botanicals Skin Brightening Combo ₹2360 ( 17281 ),2370,2360,-10
Lotus Botanicals Skin Brightening Combo ₹2360 ( 17281 ),2370,2360,-10
Lotus Botanicals Skin Brightening Combo ₹2360 ( 17281 ),2370,2360,-10
Mamaearth Vitamin C Daily Glow Light Gel Moisturizer ₹424 15% Off Regular price ₹499. Discounted price ₹424. 15% Off. ( 14 ),169,499,330
Mamaearth Vitamin C Daily Glow Light Gel Moisturizer ₹424 15% Off Regular price ₹499. Discounted price ₹424. 15% Off. ( 14 ),169,499,330
Mamaearth Vitamin C Daily Glow Light Gel Moisturizer ₹424 15% Off Regular price ₹499. Discounted price ₹424. 15% Off. ( 14 ),169,499,330
Mamaearth Vitamin C Daily Glow Light Gel Moisturizer ₹424 15% Off Regular price ₹499. Discounted price ₹424. 15% Off. ( 14 ),169,499,330
Mamaearth Vitamin C Daily Glow Light Gel Moisturizer ₹424 15% Off Regular price ₹499. Discounted price ₹424. 15% Off. ( 14 ),449,499,50
Mamaearth Vitamin C Daily Glow Light Gel Moisturizer ₹424 15% Off Regular price ₹499. Discounted price ₹424. 15% Off. ( 14 ),449,499,50
Mamaearth Vitamin C Daily Glow Light Gel Moisturizer ₹424 15% Off Regular price ₹499. Discounted price ₹424. 15% Off. ( 14 ),449,499,50
Mamaearth Vitamin C Daily Glow Light Gel Moisturizer ₹424 15% Off Regular price ₹499. Discounted price ₹424. 15% Off. ( 14 ),449,499,50
Garnier 30X Vitamin C Day + 10% Vitamin C Night Serum Combo ... ₹1318 ( 66739 ),628,1318,690
Garnier 30X Vitamin C Day + 10% Vitamin C Night Serum Combo ... ₹1318 ( 66739 ),628,1318,690
Garnier 30X Vitamin C Day + 10% Vitamin C Night Serum Combo ... ₹1318 ( 66739 ),628,1318,690
"Indulgeo Essentials Vitamin C Glow Essence, Antioxidant-Rich... ₹549 10% Off Regular price ₹610. Discounted price ₹549. 10% Off. ( 763 )",1240,610,-630
"Indulgeo Essentials Vitamin C Glow Essence, Antioxidant-Rich... ₹549 10% Off Regular price ₹610. Discounted price ₹549. 10% Off. ( 763 )",1240,610,-630
"Indulgeo Essentials Vitamin C Glow Essence, Antioxidant-Rich... ₹549 10% Off Regular price ₹610. Discounted price ₹549. 10% Off. ( 763 )",1240,610,-630
"Indulgeo Essentials Vitamin C Glow Essence, Antioxidant-Rich... ₹549 10% Off Regular price ₹610. Discounted price ₹549. 10% Off. ( 763 )",1240,610,-630
"Indulgeo Essentials Vitamin C Glow Essence, Antioxidant-Rich... ₹549 10% Off Regular price ₹610. Discounted price ₹549. 10% Off. ( 763 )",1240,610,-630
"Indulgeo Essentials Vitamin C Glow Essence, Antioxidant-Rich... ₹549 10% Off Regular price ₹610. Discounted price ₹549. 10% Off. ( 763 )",1240,610,-630
Keya Seth Aromatherapy Fair & Bright Fairness Serum for Brig... ₹261 5% Off Regular price ₹275. Discounted price ₹261. 5% Off. ( 158 ),359,275,-84
Keya Seth Aromatherapy Fair & Bright Fairness Serum for Brig... ₹261 5% Off Regular price ₹275. Discounted price ₹261. 5% Off. ( 158 ),359,275,-84
Keya Seth Aromatherapy Fair & Bright Fairness Serum for Brig... ₹261 5% Off Regular price ₹275. Discounted price ₹261. 5% Off. ( 158 ),359,275,-84
Estee Lauder Re-Nutriv Ultimate Lift Regenerating Youth Face... ₹32000  Get Complimentary Product,9500,32000,22500
Estee Lauder Re-Nutriv Ultimate Lift Regenerating Youth Face... ₹32000  Get Complimentary Product,9500,32000,22500
Estee Lauder Re-Nutriv Ultimate Lift Regenerating Youth Face... ₹32000  Get Complimentary Product,9500,32000,22500
Estee Lauder Re-Nutriv Ultimate Lift Regenerating Youth Face... ₹32000  Get Complimentary Product,9500,32000,22500
Estee Lauder Re-Nutriv Ultimate Lift Regenerating Youth Face... ₹32000  Get Complimentary Product,14400,32000,17600
Estee Lauder Re-Nutriv Ultimate Lift Regenerating Youth Face... ₹32000  Get Complimentary Product,14400,32000,17600
Estee Lauder Re-Nutriv Ultimate Lift Regenerating Youth Face... ₹32000  Get Complimentary Product,14400,32000,17600
Cetaphil Bright Healthy Radiance Day Protection Cream - Pack... ₹2338 10% Off Regular price ₹2598. Discounted price ₹2338. 10% Off. ( 16566 ),3297,2598,-699
Cetaphil Bright Healthy Radiance Day Protection Cream - Pack... ₹2338 10% Off Regular price ₹2598. Discounted price ₹2338. 10% Off. ( 16566 ),3297,2598,-699
Cetaphil Bright Healthy Radiance Day Protection Cream - Pack... ₹2338 10% Off Regular price ₹2598. Discounted price ₹2338. 10% Off. ( 16566 ),3297,2598,-699
Cetaphil Bright Healthy Radiance Day Protection Cream - Pack... ₹2338 10% Off Regular price ₹2598. Discounted price ₹2338. 10% Off. ( 16566 ),3297,2598,-699
Plum 5% Niacinamide Face Serum With Amino Acid - Pack Of 2 ₹970 19% Off Regular price ₹1198. Discounted price ₹970. 19% Off.  Enjoy Free Gift  ( 19804 ),599,1198,599
Plum 5% Niacinamide Face Serum With Amino Acid - Pack Of 2 ₹970 19% Off Regular price ₹1198. Discounted price ₹970. 19% Off.  Enjoy Free Gift  ( 19804 ),599,1198,599
Plum 5% Niacinamide Face Serum With Amino Acid - Pack Of 2 ₹970 19% Off Regular price ₹1198. Discounted price ₹970. 19% Off.  Enjoy Free Gift  ( 19804 ),599,1198,599
Plum 5% Niacinamide Face Serum With Amino Acid - Pack Of 2 ₹970 19% Off Regular price ₹1198. Discounted price ₹970. 19% Off.  Enjoy Free Gift  ( 19804 ),599,1198,599
Pilgrim Retinol & Hyaluronic Acid Lift & Firm Serum - Improv... ₹910 30% Off Regular price ₹1300. Discounted price ₹910. 30% Off. ( 5658 ),650,1300,650
Pilgrim Retinol & Hyaluronic Acid Lift & Firm Serum - Improv... ₹910 30% Off Regular price ₹1300. Discounted price ₹910. 30% Off. ( 5658 ),650,1300,650
Pilgrim Retinol & Hyaluronic Acid Lift & Firm Serum - Improv... ₹910 30% Off Regular price ₹1300. Discounted price ₹910. 30% Off. ( 5658 ),650,1300,650
Pilgrim Retinol & Hyaluronic Acid Lift & Firm Serum - Improv... ₹910 30% Off Regular price ₹1300. Discounted price ₹910. 30% Off. ( 5658 ),650,1300,650
Oshea Herbals Phytowhite Brightening & Lightening Whitening ... ₹945 ( 5 ),995,945,-50
Oshea Herbals Phytowhite Brightening & Lightening Whitening ... ₹945 ( 5 ),995,945,-50
Oshea Herbals Phytowhite Brightening & Lightening Whitening ... ₹995 ( 2 ),945,995,50
Oshea Herbals Phytowhite Brightening & Lightening Whitening ... ₹995 ( 2 ),945,995,50
Underated Oil Free Serum Moisturizer ₹239 20% Off Regular price ₹299. Discounted price ₹239. 20% Off. ( 79 ),349,299,-50
Underated Oil Free Serum Moisturizer ₹239 20% Off Regular price ₹299. Discounted price ₹239. 20% Off. ( 79 ),349,299,-50
Mamaearth Vitamin C Daily Glow Lumi Cream ₹281 6% Off Regular price ₹299. Discounted price ₹281. 6% Off. ( 16016 ),249,299,50
Mamaearth Vitamin C Daily Glow Lumi Cream ₹281 6% Off Regular price ₹299. Discounted price ₹281. 6% Off. ( 16016 ),249,299,50
Mamaearth Vitamin C Daily Glow Lumi Cream ₹281 6% Off Regular price ₹299. Discounted price ₹281. 6% Off. ( 16016 ),249,299,50
Mamaearth Vitamin C Daily Glow Lumi Cream ₹281 6% Off Regular price ₹299. Discounted price ₹281. 6% Off. ( 16016 ),249,299,50
Mamaearth Vitamin C Daily Glow Lumi Cream ₹281 6% Off Regular price ₹299. Discounted price ₹281. 6% Off. ( 16016 ),249,299,50
Mamaearth Vitamin C Daily Glow Lumi Cream ₹281 6% Off Regular price ₹299. Discounted price ₹281. 6% Off. ( 16016 ),249,299,50
Mamaearth Vitamin C Daily Glow Lumi Cream ₹281 6% Off Regular price ₹299. Discounted price ₹281. 6% Off. ( 16016 ),249,299,50
Mamaearth Vitamin C Daily Glow Lumi Cream ₹281 6% Off Regular price ₹299. Discounted price ₹281. 6% Off. ( 16016 ),249,299,50
Revlon Touch & Glow Advanced Radiance Face Serum ₹655 18% Off Regular price ₹799. Discounted price ₹655. 18% Off. ( 74 ),899,799,-100
Revlon Touch & Glow Advanced Radiance Face Serum ₹655 18% Off Regular price ₹799. Discounted price ₹655. 18% Off. ( 74 ),899,799,-100
Revlon Touch & Glow Advanced Radiance Face Serum ₹655 18% Off Regular price ₹799. Discounted price ₹655. 18% Off. ( 74 ),899,799,-100
Lotus Professional Retemin Plant Retinol + Vitamin C Brighte... ₹1345 18% Off Regular price ₹1640. Discounted price ₹1345. 18% Off. ( 3097 ),745,1640,895
Lotus Professional Retemin Plant Retinol + Vitamin C Brighte... ₹1345 18% Off Regular price ₹1640. Discounted price ₹1345. 18% Off. ( 3097 ),745,1640,895
Lotus Professional Retemin Plant Retinol + Vitamin C Brighte... ₹1345 18% Off Regular price ₹1640. Discounted price ₹1345. 18% Off. ( 3097 ),745,1640,895
Lotus Professional Retemin Plant Retinol + Vitamin C Brighte... ₹1345 18% Off Regular price ₹1640. Discounted price ₹1345. 18% Off. ( 3097 ),745,1640,895
Lotus Professional Retemin Plant Retinol + Vitamin C Brighte... ₹1345 18% Off Regular price ₹1640. Discounted price ₹1345. 18% Off. ( 3097 ),795,1640,845
Lotus Professional Retemin Plant Retinol + Vitamin C Brighte... ₹1345 18% Off Regular price ₹1640. Discounted price ₹1345. 18% Off. ( 3097 ),795,1640,845
Lotus Professional Retemin Plant Retinol + Vitamin C Brighte... ₹1345 18% Off Regular price ₹1640. Discounted price ₹1345. 18% Off. ( 3097 ),795,1640,845
Lotus Professional Retemin Plant Retinol + Vitamin C Brighte... ₹1345 18% Off Regular price ₹1640. Discounted price ₹1345. 18% Off. ( 3097 ),795,1640,845
Lotus Professional Retemin Plant Retinol + Vitamin C Brighte... ₹1345 18% Off Regular price ₹1640. Discounted price ₹1345. 18% Off. ( 3097 ),895,1640,745
Lotus Professional Retemin Plant Retinol + Vitamin C Brighte... ₹1345 18% Off Regular price ₹1640. Discounted price ₹1345. 18% Off. ( 3097 ),895,1640,745
Lotus Professional Retemin Plant Retinol + Vitamin C Brighte... ₹1345 18% Off Regular price ₹1640. Discounted price ₹1345. 18% Off. ( 3097 ),895,1640,745
Lotus Professional Retemin Plant Retinol + Vitamin C Brighte... ₹1345 18% Off Regular price ₹1640. Discounted price ₹1345. 18% Off. ( 3097 ),1540,1640,100
Lotus Professional Retemin Plant Retinol + Vitamin C Brighte... ₹1345 18% Off Regular price ₹1640. Discounted price ₹1345. 18% Off. ( 3097 ),1540,1640,100
Lotus Professional Retemin Plant Retinol + Vitamin C Brighte... ₹1345 18% Off Regular price ₹1640. Discounted price ₹1345. 18% Off. ( 3097 ),1540,1640,100
Lotus Professional Retemin Plant Retinol + Vitamin C Brighte... ₹1345 18% Off Regular price ₹1640. Discounted price ₹1345. 18% Off. ( 3097 ),2015,1640,-375
Lotus Professional Retemin Plant Retinol + Vitamin C Brighte... ₹1345 18% Off Regular price ₹1640. Discounted price ₹1345. 18% Off. ( 3097 ),2015,1640,-375
Lotus Professional Retemin Plant Retinol + Vitamin C Brighte... ₹1345 18% Off Regular price ₹1640. Discounted price ₹1345. 18% Off. ( 3097 ),2015,1640,-375
L'Occitane Cade Revitalizing Cream ₹5400  Extra 10% Off  ( 2 ),5350,5400,50
Biotique Advanced Organics Clear Improvement Vitamin C Ultra... ₹279 20% Off Regular price ₹349. Discounted price ₹279. 20% Off. ( 630 ),560,349,-211
Biotique Advanced Organics Clear Improvement Vitamin C Ultra... ₹279 20% Off Regular price ₹349. Discounted price ₹279. 20% Off. ( 630 ),560,349,-211
VT Cosmetics Pro Cica Reedle Shot 100 Stick ₹1124 10% Off Regular price ₹1249. Discounted price ₹1124. 10% Off. ( 3 ),3999,1249,-2750
VT Cosmetics Pro Cica Reedle Shot 100 Stick ₹1124 10% Off Regular price ₹1249. Discounted price ₹1124. 10% Off. ( 3 ),3999,1249,-2750
Jovees Herbal Revita Ageing Skin Recovery Serum ₹452 20% Off Regular price ₹565. Discounted price ₹452. 20% Off. ( 100 ),455,565,110
Jovees Herbal Revita Ageing Skin Recovery Serum ₹452 20% Off Regular price ₹565. Discounted price ₹452. 20% Off. ( 100 ),455,565,110
Jovees Herbal Revita Ageing Skin Recovery Serum ₹452 20% Off Regular price ₹565. Discounted price ₹452. 20% Off. ( 100 ),455,565,110
BRING GREEN Super Lemon Glutathione Sleeping Pack ₹1260 10% Off Regular price ₹1400. Discounted price ₹1260. 10% Off. ( 2 ),1650,1400,-250
BRING GREEN Super Lemon Glutathione Sleeping Pack ₹1260 10% Off Regular price ₹1400. Discounted price ₹1260. 10% Off. ( 2 ),1650,1400,-250
Ponds Super Light Gel Oil Free Moisturzer + Ponds Sunscreen ... ₹734 20% Off Regular price ₹923. Discounted price ₹734. 20% Off. ( 851354 ),830,923,93
Ponds Super Light Gel Oil Free Moisturzer + Ponds Sunscreen ... ₹734 20% Off Regular price ₹923. Discounted price ₹734. 20% Off. ( 851354 ),830,923,93
Ponds Super Light Gel Oil Free Moisturzer + Ponds Sunscreen ... ₹734 20% Off Regular price ₹923. Discounted price ₹734. 20% Off. ( 851354 ),830,923,93
Ponds Super Light Gel Oil Free Moisturzer + Ponds Sunscreen ... ₹734 20% Off Regular price ₹923. Discounted price ₹734. 20% Off. ( 851354 ),830,923,93
Ponds Super Light Gel Oil Free Moisturzer + Ponds Sunscreen ... ₹734 20% Off Regular price ₹923. Discounted price ₹734. 20% Off. ( 851354 ),1190,923,-267
Ponds Super Light Gel Oil Free Moisturzer + Ponds Sunscreen ... ₹734 20% Off Regular price ₹923. Discounted price ₹734. 20% Off. ( 851354 ),1190,923,-267
Ponds Super Light Gel Oil Free Moisturzer + Ponds Sunscreen ... ₹734 20% Off Regular price ₹923. Discounted price ₹734. 20% Off. ( 851354 ),1190,923,-267
Ponds Super Light Gel Oil Free Moisturzer + Ponds Sunscreen ... ₹734 20% Off Regular price ₹923. Discounted price ₹734. 20% Off. ( 851354 ),1190,923,-267
TNW The Natural Wash Face Moisturizing Gel Cream For Dry & O... ₹449 25% Off Regular price ₹599. Discounted price ₹449. 25% Off. ( 467 ),449,599,150
TNW The Natural Wash Face Moisturizing Gel Cream For Dry & O... ₹449 25% Off Regular price ₹599. Discounted price ₹449. 25% Off. ( 467 ),449,599,150
TNW The Natural Wash Face Moisturizing Gel Cream For Dry & O... ₹449 25% Off Regular price ₹599. Discounted price ₹449. 25% Off. ( 467 ),449,599,150
TNW The Natural Wash Face Moisturizing Gel Cream For Dry & O... ₹449 25% Off Regular price ₹599. Discounted price ₹449. 25% Off. ( 467 ),948,599,-349
TNW The Natural Wash Face Moisturizing Gel Cream For Dry & O... ₹449 25% Off Regular price ₹599. Discounted price ₹449. 25% Off. ( 467 ),948,599,-349
TNW The Natural Wash Face Moisturizing Gel Cream For Dry & O... ₹449 25% Off Regular price ₹599. Discounted price ₹449. 25% Off. ( 467 ),948,599,-349
TNW The Natural Wash Face Moisturizing Gel Cream For Dry & O... ₹449 25% Off Regular price ₹599. Discounted price ₹449. 25% Off. ( 467 ),948,599,-349
TNW The Natural Wash Face Moisturizing Gel Cream For Dry & O... ₹449 25% Off Regular price ₹599. Discounted price ₹449. 25% Off. ( 467 ),948,599,-349
TNW The Natural Wash Face Moisturizing Gel Cream For Dry & O... ₹449 25% Off Regular price ₹599. Discounted price ₹449. 25% Off. ( 467 ),948,599,-349
TNW The Natural Wash Face Moisturizing Gel Cream For Dry & O... ₹449 25% Off Regular price ₹599. Discounted price ₹449. 25% Off. ( 467 ),948,599,-349
TNW The Natural Wash Face Moisturizing Gel Cream For Dry & O... ₹449 25% Off Regular price ₹599. Discounted price ₹449. 25% Off. ( 467 ),1098,599,-499
TNW The Natural Wash Face Moisturizing Gel Cream For Dry & O... ₹449 25% Off Regular price ₹599. Discounted price ₹449. 25% Off. ( 467 ),1098,599,-499
TNW The Natural Wash Face Moisturizing Gel Cream For Dry & O... ₹449 25% Off Regular price ₹599. Discounted price ₹449. 25% Off. ( 467 ),1298,599,-699
TNW The Natural Wash Face Moisturizing Gel Cream For Dry & O... ₹449 25% Off Regular price ₹599. Discounted price ₹449. 25% Off. ( 467 ),1298,599,-699
TNW The Natural Wash Face Moisturizing Gel Cream For Dry & O... ₹449 25% Off Regular price ₹599. Discounted price ₹449. 25% Off. ( 467 ),1298,599,-699
SADHEV Ayurvedic Hydrating Day Cream ₹1189 15% Off Regular price ₹1399. Discounted price ₹1189. 15% Off. ( 54 ),1499,1399,-100
SADHEV Ayurvedic Hydrating Day Cream ₹1189 15% Off Regular price ₹1399. Discounted price ₹1189. 15% Off. ( 54 ),1499,1399,-100
SADHEV Ayurvedic Hydrating Day Cream ₹1189 15% Off Regular price ₹1399. Discounted price ₹1189. 15% Off. ( 54 ),1499,1399,-100
Pilgrim 24K Gold Face Serum with Niacinamide & Hyaluronic Ac... ₹973 30% Off Regular price ₹1390. Discounted price ₹973. 30% Off. ( 5660 ),695,1390,695
Pilgrim 24K Gold Face Serum with Niacinamide & Hyaluronic Ac... ₹973 30% Off Regular price ₹1390. Discounted price ₹973. 30% Off. ( 5660 ),695,1390,695
Pilgrim 24K Gold Face Serum with Niacinamide & Hyaluronic Ac... ₹973 30% Off Regular price ₹1390. Discounted price ₹973. 30% Off. ( 5660 ),695,1390,695
Pilgrim 24K Gold Face Serum with Niacinamide & Hyaluronic Ac... ₹973 30% Off Regular price ₹1390. Discounted price ₹973. 30% Off. ( 5660 ),695,1390,695
Neud 30 Minute - Diy Makeover Facial Kit (Pack of 2) ₹710 ( 22 ),355,710,355
Neud 30 Minute - Diy Makeover Facial Kit (Pack of 2) ₹710 ( 22 ),355,710,355
Re'equil Hydrate & Sun Protect Combo For Normal Skin ₹799 15% Off Regular price ₹940. Discounted price ₹799. 15% Off. ( 56243 ),690,940,250
Re'equil Hydrate & Sun Protect Combo For Normal Skin ₹799 15% Off Regular price ₹940. Discounted price ₹799. 15% Off. ( 56243 ),690,940,250
Re'equil Hydrate & Sun Protect Combo For Normal Skin ₹799 15% Off Regular price ₹940. Discounted price ₹799. 15% Off. ( 56243 ),690,940,250
Re'equil Hydrate & Sun Protect Combo For Normal Skin ₹799 15% Off Regular price ₹940. Discounted price ₹799. 15% Off. ( 56243 ),690,940,250
Oshea Herbals Vitamin C Brightening & Skin Illuminating Face... ₹545 ( 7 ),295,545,250
Oshea Herbals Vitamin C Brightening & Skin Illuminating Face... ₹545 ( 7 ),295,545,250
Oshea Herbals Vitamin C Brightening & Skin Illuminating Face... ₹545 ( 7 ),295,545,250
Dermatouch Kojic Acid 2% Cream - Pack Of 2 ₹538 10% Off Regular price ₹598. Discounted price ₹538. 10% Off. ( 4 ),398,598,200
Dermatouch Kojic Acid 2% Cream - Pack Of 2 ₹538 10% Off Regular price ₹598. Discounted price ₹538. 10% Off. ( 4 ),398,598,200
Dermatouch Kojic Acid 2% Cream - Pack Of 2 ₹538 10% Off Regular price ₹598. Discounted price ₹538. 10% Off. ( 4 ),398,598,200
Dermatouch Kojic Acid 2% Cream - Pack Of 2 ₹538 10% Off Regular price ₹598. Discounted price ₹538. 10% Off. ( 4 ),398,598,200
WOW Skin Science 99% Pure Aloe Vera Gel - Pack Of 2 ₹862 4% Off Regular price ₹898. Discounted price ₹862. 4% Off. ( 25927 ),449,898,449
WOW Skin Science 99% Pure Aloe Vera Gel - Pack Of 2 ₹862 4% Off Regular price ₹898. Discounted price ₹862. 4% Off. ( 25927 ),449,898,449
WOW Skin Science 99% Pure Aloe Vera Gel - Pack Of 2 ₹862 4% Off Regular price ₹898. Discounted price ₹862. 4% Off. ( 25927 ),449,898,449
WOW Skin Science 99% Pure Aloe Vera Gel - Pack Of 2 ₹862 4% Off Regular price ₹898. Discounted price ₹862. 4% Off. ( 25927 ),449,898,449
Joy Skin Fruits Soft Moisturizer For Face & Body with Berrie... ₹305 49% Off Regular price ₹599. Discounted price ₹305. 49% Off.  Extra 5% Off  ( 38 ),399,599,200
Joy Skin Fruits Soft Moisturizer For Face & Body with Berrie... ₹305 49% Off Regular price ₹599. Discounted price ₹305. 49% Off.  Extra 5% Off  ( 38 ),399,599,200
Joy Skin Fruits Soft Moisturizer For Face & Body with Berrie... ₹305 49% Off Regular price ₹599. Discounted price ₹305. 49% Off.  Extra 5% Off  ( 38 ),399,599,200
VT Cosmetics Pro Cica Reedle Shot 100 ₹3599 10% Off Regular price ₹3999. Discounted price ₹3599. 10% Off. ( 3 ),1249,3999,2750
VT Cosmetics Pro Cica Reedle Shot 100 ₹3599 10% Off Regular price ₹3999. Discounted price ₹3599. 10% Off. ( 3 ),1249,3999,2750
Pilgrim Glow Range -2% Kojic Acid Face Serum - Fades Pigment... ₹693 30% Off Regular price ₹990. Discounted price ₹693. 30% Off. ( 912 ),495,990,495
Pilgrim Glow Range -2% Kojic Acid Face Serum - Fades Pigment... ₹693 30% Off Regular price ₹990. Discounted price ₹693. 30% Off. ( 912 ),495,990,495
Pilgrim Glow Range -2% Kojic Acid Face Serum - Fades Pigment... ₹693 30% Off Regular price ₹990. Discounted price ₹693. 30% Off. ( 912 ),495,990,495
Biocule Aqua Boost Hydrating Face Serum - For All Skin Types ₹699 ( 176 ),1198,699,-499
Biocule Aqua Boost Hydrating Face Serum - For All Skin Types ₹699 ( 176 ),1198,699,-499
Oshea Herbals Phytoderma Face Serum With 2% Kojic Acid & 1% ... ₹549 ( 1 ),499,549,50
Oshea Herbals Phytoderma Face Serum With 2% Kojic Acid & 1% ... ₹549 ( 1 ),499,549,50
Oshea Herbals Phytoderma Face Serum With 2% Kojic Acid & 1% ... ₹549 ( 1 ),499,549,50
Oshea Herbals Phytoderma Face Serum With 2% Kojic Acid & 1% ... ₹549 ( 1 ),499,549,50
Oshea Herbals Phytoderma Face Serum With 2% Kojic Acid & 1% ... ₹549 ( 1 ),599,549,-50
Oshea Herbals Phytoderma Face Serum With 2% Kojic Acid & 1% ... ₹549 ( 1 ),599,549,-50
Oshea Herbals Phytoderma Face Serum With 2% Kojic Acid & 1% ... ₹549 ( 1 ),599,549,-50
Oshea Herbals Phytoderma Face Serum With 2% Kojic Acid & 1% ... ₹549 ( 1 ),599,549,-50
Oshea Herbals Phytoderma Face Serum With 2% Kojic Acid & 1% ... ₹549 ( 1 ),699,549,-150
Oshea Herbals Phytoderma Face Serum With 2% Kojic Acid & 1% ... ₹549 ( 1 ),699,549,-150
Pilgrim Salicylic & Glycolic Acid Anti-Acne Serum - Reduces ... ₹910 30% Off Regular price ₹1300. Discounted price ₹910. 30% Off. ( 2624 ),650,1300,650
Pilgrim Salicylic & Glycolic Acid Anti-Acne Serum - Reduces ... ₹910 30% Off Regular price ₹1300. Discounted price ₹910. 30% Off. ( 2624 ),650,1300,650
Pilgrim Salicylic & Glycolic Acid Anti-Acne Serum - Reduces ... ₹910 30% Off Regular price ₹1300. Discounted price ₹910. 30% Off. ( 2624 ),650,1300,650
Glamveda Korean Glass Skin Rice & Ceramide 3 Step Skincare (... ₹863 28% Off Regular price ₹1199. Discounted price ₹863. 28% Off.  Extra 5% Off  ( 53 ),949,1199,250
Glamveda Korean Glass Skin Rice & Ceramide 3 Step Skincare (... ₹863 28% Off Regular price ₹1199. Discounted price ₹863. 28% Off.  Extra 5% Off  ( 53 ),949,1199,250
Glamveda Korean Glass Skin Rice & Ceramide 3 Step Skincare (... ₹863 28% Off Regular price ₹1199. Discounted price ₹863. 28% Off.  Extra 5% Off  ( 53 ),949,1199,250
Glamveda Korean Glass Skin Rice & Ceramide 3 Step Skincare (... ₹863 28% Off Regular price ₹1199. Discounted price ₹863. 28% Off.  Extra 5% Off  ( 53 ),949,1199,250
Glamveda Korean Glass Skin Rice & Ceramide 3 Step Skincare (... ₹863 28% Off Regular price ₹1199. Discounted price ₹863. 28% Off.  Extra 5% Off  ( 53 ),949,1199,250
Glamveda Korean Glass Skin Rice & Ceramide 3 Step Skincare (... ₹863 28% Off Regular price ₹1199. Discounted price ₹863. 28% Off.  Extra 5% Off  ( 53 ),1694,1199,-495
Glamveda Korean Glass Skin Rice & Ceramide 3 Step Skincare (... ₹863 28% Off Regular price ₹1199. Discounted price ₹863. 28% Off.  Extra 5% Off  ( 53 ),1694,1199,-495
Glamveda Korean Glass Skin Rice & Ceramide 3 Step Skincare (... ₹863 28% Off Regular price ₹1199. Discounted price ₹863. 28% Off.  Extra 5% Off  ( 53 ),1694,1199,-495
Glamveda Korean Glass Skin Rice & Ceramide 3 Step Skincare (... ₹863 28% Off Regular price ₹1199. Discounted price ₹863. 28% Off.  Extra 5% Off  ( 53 ),1694,1199,-495
Glamveda Korean Glass Skin Rice & Ceramide 3 Step Skincare (... ₹863 28% Off Regular price ₹1199. Discounted price ₹863. 28% Off.  Extra 5% Off  ( 53 ),1694,1199,-495
Glamveda Korean Glass Skin Rice & Ceramide 3 Step Skincare (... ₹863 28% Off Regular price ₹1199. Discounted price ₹863. 28% Off.  Extra 5% Off  ( 53 ),1694,1199,-495
Glamveda Korean Glass Skin Rice & Ceramide 3 Step Skincare (... ₹863 28% Off Regular price ₹1199. Discounted price ₹863. 28% Off.  Extra 5% Off  ( 53 ),1694,1199,-495
Plum Green Tea Oil-Free Moisturizer With Niacinamide - Pack ... ₹761 19% Off Regular price ₹940. Discounted price ₹761. 19% Off.  Enjoy Free Gift  ( 40973 ),470,940,470
Plum Green Tea Oil-Free Moisturizer With Niacinamide - Pack ... ₹761 19% Off Regular price ₹940. Discounted price ₹761. 19% Off.  Enjoy Free Gift  ( 40973 ),470,940,470
Plum Green Tea Oil-Free Moisturizer With Niacinamide - Pack ... ₹761 19% Off Regular price ₹940. Discounted price ₹761. 19% Off.  Enjoy Free Gift  ( 40973 ),470,940,470
Plum Green Tea Oil-Free Moisturizer With Niacinamide - Pack ... ₹761 19% Off Regular price ₹940. Discounted price ₹761. 19% Off.  Enjoy Free Gift  ( 40973 ),470,940,470
Kora Organics Plant Stem Cell Retinol Alternative Moisturize... ₹1690 35% Off Regular price ₹2600. Discounted price ₹1690. 35% Off. ( 1 ),8300,2600,-5700
Kora Organics Plant Stem Cell Retinol Alternative Moisturize... ₹1690 35% Off Regular price ₹2600. Discounted price ₹1690. 35% Off. ( 1 ),8300,2600,-5700
Lotus Professional Retemin Plant Retinol + Vitamin C Brighte... ₹1345 18% Off Regular price ₹1640. Discounted price ₹1345. 18% Off. ( 3097 ),745,1640,895
Lotus Professional Retemin Plant Retinol + Vitamin C Brighte... ₹1345 18% Off Regular price ₹1640. Discounted price ₹1345. 18% Off. ( 3097 ),745,1640,895
Lotus Professional Retemin Plant Retinol + Vitamin C Brighte... ₹1345 18% Off Regular price ₹1640. Discounted price ₹1345. 18% Off. ( 3097 ),745,1640,895
Lotus Professional Retemin Plant Retinol + Vitamin C Brighte... ₹1345 18% Off Regular price ₹1640. Discounted price ₹1345. 18% Off. ( 3097 ),745,1640,895
Lotus Professional Retemin Plant Retinol + Vitamin C Brighte... ₹1345 18% Off Regular price ₹1640. Discounted price ₹1345. 18% Off. ( 3097 ),795,1640,845
Lotus Professional Retemin Plant Retinol + Vitamin C Brighte... ₹1345 18% Off Regular price ₹1640. Discounted price ₹1345. 18% Off. ( 3097 ),795,1640,845
Lotus Professional Retemin Plant Retinol + Vitamin C Brighte... ₹1345 18% Off Regular price ₹1640. Discounted price ₹1345. 18% Off. ( 3097 ),795,1640,845
Lotus Professional Retemin Plant Retinol + Vitamin C Brighte... ₹1345 18% Off Regular price ₹1640. Discounted price ₹1345. 18% Off. ( 3097 ),795,1640,845
Lotus Professional Retemin Plant Retinol + Vitamin C Brighte... ₹1345 18% Off Regular price ₹1640. Discounted price ₹1345. 18% Off. ( 3097 ),895,1640,745
Lotus Professional Retemin Plant Retinol + Vitamin C Brighte... ₹1345 18% Off Regular price ₹1640. Discounted price ₹1345. 18% Off. ( 3097 ),895,1640,745
Lotus Professional Retemin Plant Retinol + Vitamin C Brighte... ₹1345 18% Off Regular price ₹1640. Discounted price ₹1345. 18% Off. ( 3097 ),895,1640,745
Lotus Professional Retemin Plant Retinol + Vitamin C Brighte... ₹1345 18% Off Regular price ₹1640. Discounted price ₹1345. 18% Off. ( 3097 ),1540,1640,100
Lotus Professional Retemin Plant Retinol + Vitamin C Brighte... ₹1345 18% Off Regular price ₹1640. Discounted price ₹1345. 18% Off. ( 3097 ),1540,1640,100
Lotus Professional Retemin Plant Retinol + Vitamin C Brighte... ₹1345 18% Off Regular price ₹1640. Discounted price ₹1345. 18% Off. ( 3097 ),1540,1640,100
Lotus Professional Retemin Plant Retinol + Vitamin C Brighte... ₹1345 18% Off Regular price ₹1640. Discounted price ₹1345. 18% Off. ( 3097 ),2015,1640,-375
Lotus Professional Retemin Plant Retinol + Vitamin C Brighte... ₹1345 18% Off Regular price ₹1640. Discounted price ₹1345. 18% Off. ( 3097 ),2015,1640,-375
Lotus Professional Retemin Plant Retinol + Vitamin C Brighte... ₹1345 18% Off Regular price ₹1640. Discounted price ₹1345. 18% Off. ( 3097 ),2015,1640,-375
Plix Glutathione Skin Glow 15 Effervescent Tablets And Pinea... ₹1054 14% Off Regular price ₹1225. Discounted price ₹1054. 14% Off.  Enjoy Complimentary Gift  ( 36 ),1550,1225,-325
Plix Glutathione Skin Glow 15 Effervescent Tablets And Pinea... ₹1054 14% Off Regular price ₹1225. Discounted price ₹1054. 14% Off.  Enjoy Complimentary Gift  ( 36 ),1550,1225,-325
L'Occitane Immortelle Precious Enriched Emulsion ₹950  Extra 10% Off  ( 19 ),5900,950,-4950
L'Occitane Immortelle Precious Enriched Emulsion ₹950  Extra 10% Off  ( 19 ),5900,950,-4950
Benefit Cosmetics The Porefessional Shrink Wrap ₹4700 ( 1 ),4500,4700,200
Benefit Cosmetics The Porefessional Shrink Wrap ₹4700 ( 1 ),4500,4700,200
Benefit Cosmetics The Porefessional Shrink Wrap ₹4700 ( 1 ),4500,4700,200
Benefit Cosmetics The Porefessional Shrink Wrap ₹4700 ( 1 ),7800,4700,-3100
Benefit Cosmetics The Porefessional Shrink Wrap ₹4700 ( 1 ),7800,4700,-3100
"Vaadi Herbals Fairness Cream - Saffron, Aloe Vera & Turmeric... ₹153 10% Off Regular price ₹170. Discounted price ₹153. 10% Off.  Extra 10% Off  ( 569 )",340,170,-170
"Vaadi Herbals Fairness Cream - Saffron, Aloe Vera & Turmeric... ₹153 10% Off Regular price ₹170. Discounted price ₹153. 10% Off.  Extra 10% Off  ( 569 )",340,170,-170
"Vaadi Herbals Fairness Cream - Saffron, Aloe Vera & Turmeric... ₹153 10% Off Regular price ₹170. Discounted price ₹153. 10% Off.  Extra 10% Off  ( 569 )",340,170,-170
Lotus Organics Precious Brightening Creme & Serum Combo ₹1840 ( 4898 ),575,1840,1265
Lotus Organics Precious Brightening Creme & Serum Combo ₹1840 ( 4898 ),575,1840,1265
Lotus Organics Precious Brightening Creme & Serum Combo ₹1840 ( 4898 ),895,1840,945
Lotus Organics Precious Brightening Creme & Serum Combo ₹1840 ( 4898 ),895,1840,945
Lotus Organics Precious Brightening Creme & Serum Combo ₹1840 ( 4898 ),895,1840,945
Lotus Organics Precious Brightening Creme & Serum Combo ₹1840 ( 4898 ),895,1840,945
Lotus Organics Precious Brightening Creme & Serum Combo ₹1840 ( 4898 ),945,1840,895
Lotus Organics Precious Brightening Creme & Serum Combo ₹1840 ( 4898 ),945,1840,895
Lotus Organics Precious Brightening Creme & Serum Combo ₹1840 ( 4898 ),945,1840,895
Lotus Organics Precious Brightening Creme & Serum Combo ₹1840 ( 4898 ),1790,1840,50
Lotus Organics Precious Brightening Creme & Serum Combo ₹1840 ( 4898 ),1790,1840,50
Lotus Organics Precious Brightening Creme & Serum Combo ₹1840 ( 4898 ),1790,1840,50
Lotus Organics Precious Brightening Creme & Serum Combo ₹1840 ( 4898 ),1790,1840,50
Lotus Organics Precious Brightening Creme & Serum Combo ₹1840 ( 4898 ),1900,1840,-60
Lotus Organics Precious Brightening Creme & Serum Combo ₹1840 ( 4898 ),1900,1840,-60
Lotus Organics Precious Brightening Creme & Serum Combo ₹1840 ( 4898 ),1900,1840,-60
L'Occitane Reine Blanche Illuminating Lotion ₹3900  Extra 10% Off  ( 204 ),3600,3900,300
Glamveda Korean Glass Skin Rice & Ceramide Face Serum & Mois... ₹664 30% Off Regular price ₹949. Discounted price ₹664. 30% Off.  Extra 5% Off  ( 62 ),1199,949,-250
Glamveda Korean Glass Skin Rice & Ceramide Face Serum & Mois... ₹664 30% Off Regular price ₹949. Discounted price ₹664. 30% Off.  Extra 5% Off  ( 62 ),1199,949,-250
Glamveda Korean Glass Skin Rice & Ceramide Face Serum & Mois... ₹664 30% Off Regular price ₹949. Discounted price ₹664. 30% Off.  Extra 5% Off  ( 62 ),1199,949,-250
Glamveda Korean Glass Skin Rice & Ceramide Face Serum & Mois... ₹664 30% Off Regular price ₹949. Discounted price ₹664. 30% Off.  Extra 5% Off  ( 62 ),1199,949,-250
Glamveda Korean Glass Skin Rice & Ceramide Face Serum & Mois... ₹664 30% Off Regular price ₹949. Discounted price ₹664. 30% Off.  Extra 5% Off  ( 62 ),1199,949,-250
Glamveda Korean Glass Skin Rice & Ceramide Face Serum & Mois... ₹664 30% Off Regular price ₹949. Discounted price ₹664. 30% Off.  Extra 5% Off  ( 62 ),1694,949,-745
Glamveda Korean Glass Skin Rice & Ceramide Face Serum & Mois... ₹664 30% Off Regular price ₹949. Discounted price ₹664. 30% Off.  Extra 5% Off  ( 62 ),1694,949,-745
Glamveda Korean Glass Skin Rice & Ceramide Face Serum & Mois... ₹664 30% Off Regular price ₹949. Discounted price ₹664. 30% Off.  Extra 5% Off  ( 62 ),1694,949,-745
Glamveda Korean Glass Skin Rice & Ceramide Face Serum & Mois... ₹664 30% Off Regular price ₹949. Discounted price ₹664. 30% Off.  Extra 5% Off  ( 62 ),1694,949,-745
Glamveda Korean Glass Skin Rice & Ceramide Face Serum & Mois... ₹664 30% Off Regular price ₹949. Discounted price ₹664. 30% Off.  Extra 5% Off  ( 62 ),1694,949,-745
Glamveda Korean Glass Skin Rice & Ceramide Face Serum & Mois... ₹664 30% Off Regular price ₹949. Discounted price ₹664. 30% Off.  Extra 5% Off  ( 62 ),1694,949,-745
Glamveda Korean Glass Skin Rice & Ceramide Face Serum & Mois... ₹664 30% Off Regular price ₹949. Discounted price ₹664. 30% Off.  Extra 5% Off  ( 62 ),1694,949,-745
Lotus Botanicals GlycoBoost Radiant Skin Serum Creme ₹695 ( 102 ),795,695,-100
Lotus Botanicals GlycoBoost Radiant Skin Serum Creme ₹695 ( 102 ),795,695,-100
Palmer's Skin Success Extra Strength Tone Correcting Face Cr... ₹1395 7% Off Regular price ₹1500. Discounted price ₹1395. 7% Off. ( 1 ),1700,1500,-200
Palmer's Skin Success Extra Strength Tone Correcting Face Cr... ₹1395 7% Off Regular price ₹1500. Discounted price ₹1395. 7% Off. ( 1 ),1700,1500,-200
Pilgrim 5 Ceramides Barrier Repair Moisturizer with Korean C... ₹569 28% Off Regular price ₹790. Discounted price ₹569. 28% Off. ( 1854 ),395,790,395
Pilgrim 5 Ceramides Barrier Repair Moisturizer with Korean C... ₹569 28% Off Regular price ₹790. Discounted price ₹569. 28% Off. ( 1854 ),395,790,395
Pilgrim 5 Ceramides Barrier Repair Moisturizer with Korean C... ₹569 28% Off Regular price ₹790. Discounted price ₹569. 28% Off. ( 1854 ),395,790,395
Pilgrim 5 Ceramides Barrier Repair Moisturizer with Korean C... ₹569 28% Off Regular price ₹790. Discounted price ₹569. 28% Off. ( 1854 ),395,790,395
Pilgrim 2% Hyaluronic Acid Hydration Serum - Deeply Hydrates... ₹763 30% Off Regular price ₹1090. Discounted price ₹763. 30% Off. ( 2954 ),545,1090,545
Pilgrim 2% Hyaluronic Acid Hydration Serum - Deeply Hydrates... ₹763 30% Off Regular price ₹1090. Discounted price ₹763. 30% Off. ( 2954 ),545,1090,545
Pilgrim 2% Hyaluronic Acid Hydration Serum - Deeply Hydrates... ₹763 30% Off Regular price ₹1090. Discounted price ₹763. 30% Off. ( 2954 ),545,1090,545
Pilgrim 2% Hyaluronic Acid Hydration Serum - Deeply Hydrates... ₹763 30% Off Regular price ₹1090. Discounted price ₹763. 30% Off. ( 2954 ),545,1090,545
La Prairie Platinum Rare Haute-Rejuvenation Face Cream ₹103600,73200,103600,30400
La Prairie Platinum Rare Haute-Rejuvenation Face Cream ₹103600,73200,103600,30400
SADHEV Ayurvedic Hydrating Day Cream Spf 15 ₹1274 15% Off Regular price ₹1499. Discounted price ₹1274. 15% Off. ( 70 ),1399,1499,100
SADHEV Ayurvedic Hydrating Day Cream Spf 15 ₹1274 15% Off Regular price ₹1499. Discounted price ₹1274. 15% Off. ( 70 ),1399,1499,100
SADHEV Ayurvedic Hydrating Day Cream Spf 15 ₹1274 15% Off Regular price ₹1499. Discounted price ₹1274. 15% Off. ( 70 ),1399,1499,100
VT Cosmetics Vita-Light Reedle Shot 700 ₹5399 10% Off Regular price ₹5999. Discounted price ₹5399. 10% Off.,1249,5999,4750
VT Cosmetics Vita-Light Reedle Shot 700 ₹5399 10% Off Regular price ₹5999. Discounted price ₹5399. 10% Off.,1249,5999,4750
VT Cosmetics Vita-Light Reedle Shot 700 ₹5399 10% Off Regular price ₹5999. Discounted price ₹5399. 10% Off.,1249,5999,4750
VT Cosmetics Vita-Light Reedle Shot 700 ₹5399 10% Off Regular price ₹5999. Discounted price ₹5399. 10% Off.,3999,5999,2000
VT Cosmetics Vita-Light Reedle Shot 700 ₹5399 10% Off Regular price ₹5999. Discounted price ₹5399. 10% Off.,3999,5999,2000
VT Cosmetics Vita-Light Reedle Shot 700 ₹5399 10% Off Regular price ₹5999. Discounted price ₹5399. 10% Off.,4999,5999,1000
VT Cosmetics Vita-Light Reedle Shot 700 ₹5399 10% Off Regular price ₹5999. Discounted price ₹5399. 10% Off.,4999,5999,1000
Clarins Bright Plus Advanced Serum - In - Lotion ₹5700 ( 1 ),6800,5700,-1100
Clarins Bright Plus Advanced Serum - In - Lotion ₹5700 ( 1 ),6800,5700,-1100
Blue Nectar Night Repair Cream for Ultra Hydration & Skin Re... ₹996 9% Off Regular price ₹1095. Discounted price ₹996. 9% Off. ( 27 ),1115,1095,-20
Blue Nectar Night Repair Cream for Ultra Hydration & Skin Re... ₹996 9% Off Regular price ₹1095. Discounted price ₹996. 9% Off. ( 27 ),1115,1095,-20
Blue Nectar Night Repair Cream for Ultra Hydration & Skin Re... ₹996 9% Off Regular price ₹1095. Discounted price ₹996. 9% Off. ( 27 ),1115,1095,-20
Blue Nectar Night Repair Cream for Ultra Hydration & Skin Re... ₹996 9% Off Regular price ₹1095. Discounted price ₹996. 9% Off. ( 27 ),1115,1095,-20
Pilgrim 24K Gold Gel Moisturizer With Hyaluronic Acid & Alph... ₹954 40% Off Regular price ₹1590. Discounted price ₹954. 40% Off. ( 1771 ),795,1590,795
Pilgrim 24K Gold Gel Moisturizer With Hyaluronic Acid & Alph... ₹954 40% Off Regular price ₹1590. Discounted price ₹954. 40% Off. ( 1771 ),795,1590,795
Pilgrim 24K Gold Gel Moisturizer With Hyaluronic Acid & Alph... ₹954 40% Off Regular price ₹1590. Discounted price ₹954. 40% Off. ( 1771 ),795,1590,795
Glamveda Korean Glass Skin Rice & Ceramide 3 Step Skincare (... ₹863 28% Off Regular price ₹1199. Discounted price ₹863. 28% Off.  Extra 5% Off  ( 53 ),949,1199,250
Glamveda Korean Glass Skin Rice & Ceramide 3 Step Skincare (... ₹863 28% Off Regular price ₹1199. Discounted price ₹863. 28% Off.  Extra 5% Off  ( 53 ),949,1199,250
Glamveda Korean Glass Skin Rice & Ceramide 3 Step Skincare (... ₹863 28% Off Regular price ₹1199. Discounted price ₹863. 28% Off.  Extra 5% Off  ( 53 ),949,1199,250
Glamveda Korean Glass Skin Rice & Ceramide 3 Step Skincare (... ₹863 28% Off Regular price ₹1199. Discounted price ₹863. 28% Off.  Extra 5% Off  ( 53 ),949,1199,250
Glamveda Korean Glass Skin Rice & Ceramide 3 Step Skincare (... ₹863 28% Off Regular price ₹1199. Discounted price ₹863. 28% Off.  Extra 5% Off  ( 53 ),949,1199,250
Glamveda Korean Glass Skin Rice & Ceramide 3 Step Skincare (... ₹863 28% Off Regular price ₹1199. Discounted price ₹863. 28% Off.  Extra 5% Off  ( 53 ),1694,1199,-495
Glamveda Korean Glass Skin Rice & Ceramide 3 Step Skincare (... ₹863 28% Off Regular price ₹1199. Discounted price ₹863. 28% Off.  Extra 5% Off  ( 53 ),1694,1199,-495
Glamveda Korean Glass Skin Rice & Ceramide 3 Step Skincare (... ₹863 28% Off Regular price ₹1199. Discounted price ₹863. 28% Off.  Extra 5% Off  ( 53 ),1694,1199,-495
Glamveda Korean Glass Skin Rice & Ceramide 3 Step Skincare (... ₹863 28% Off Regular price ₹1199. Discounted price ₹863. 28% Off.  Extra 5% Off  ( 53 ),1694,1199,-495
Glamveda Korean Glass Skin Rice & Ceramide 3 Step Skincare (... ₹863 28% Off Regular price ₹1199. Discounted price ₹863. 28% Off.  Extra 5% Off  ( 53 ),1694,1199,-495
Glamveda Korean Glass Skin Rice & Ceramide 3 Step Skincare (... ₹863 28% Off Regular price ₹1199. Discounted price ₹863. 28% Off.  Extra 5% Off  ( 53 ),1694,1199,-495
Glamveda Korean Glass Skin Rice & Ceramide 3 Step Skincare (... ₹863 28% Off Regular price ₹1199. Discounted price ₹863. 28% Off.  Extra 5% Off  ( 53 ),1694,1199,-495
Oshea Herbals Vitamin C Brightening Face Gel ₹295 ( 6 ),545,295,-250
Oshea Herbals Vitamin C Brightening Face Gel ₹295 ( 6 ),545,295,-250
Oshea Herbals Vitamin C Brightening Face Gel ₹295 ( 6 ),545,295,-250
Oshea Herbals Vitamin C Brightening Face Gel ₹295 ( 6 ),545,295,-250
Oshea Herbals Vitamin C Brightening Face Gel ₹295 ( 6 ),545,295,-250
Pilgrim 10% Niacinamide Face Serum - Fades Acne Marks - Clea... ₹909 30% Off Regular price ₹1298. Discounted price ₹909. 30% Off. ( 1025 ),498,1298,800
Pilgrim 10% Niacinamide Face Serum - Fades Acne Marks - Clea... ₹909 30% Off Regular price ₹1298. Discounted price ₹909. 30% Off. ( 1025 ),498,1298,800
Pilgrim 10% Niacinamide Face Serum - Fades Acne Marks - Clea... ₹909 30% Off Regular price ₹1298. Discounted price ₹909. 30% Off. ( 1025 ),498,1298,800
Pilgrim 10% Niacinamide Face Serum - Fades Acne Marks - Clea... ₹909 30% Off Regular price ₹1298. Discounted price ₹909. 30% Off. ( 1025 ),649,1298,649
Pilgrim 10% Niacinamide Face Serum - Fades Acne Marks - Clea... ₹909 30% Off Regular price ₹1298. Discounted price ₹909. 30% Off. ( 1025 ),649,1298,649
Pilgrim 10% Niacinamide Face Serum - Fades Acne Marks - Clea... ₹909 30% Off Regular price ₹1298. Discounted price ₹909. 30% Off. ( 1025 ),649,1298,649
Pilgrim 10% Niacinamide Face Serum - Fades Acne Marks - Clea... ₹909 30% Off Regular price ₹1298. Discounted price ₹909. 30% Off. ( 1025 ),649,1298,649
Lotus Botanicals GlycoBoost Radiant Skin Super Serum ₹795 ( 307 ),695,795,100
Lotus Botanicals GlycoBoost Radiant Skin Super Serum ₹795 ( 307 ),695,795,100
TNW The Natural Wash Face Moisturizing Cream With Shea Butte... ₹337 25% Off Regular price ₹449. Discounted price ₹337. 25% Off. ( 177 ),599,449,-150
TNW The Natural Wash Face Moisturizing Cream With Shea Butte... ₹337 25% Off Regular price ₹449. Discounted price ₹337. 25% Off. ( 177 ),599,449,-150
TNW The Natural Wash Face Moisturizing Cream With Shea Butte... ₹337 25% Off Regular price ₹449. Discounted price ₹337. 25% Off. ( 177 ),599,449,-150
TNW The Natural Wash Face Moisturizing Cream With Shea Butte... ₹337 25% Off Regular price ₹449. Discounted price ₹337. 25% Off. ( 177 ),948,449,-499
TNW The Natural Wash Face Moisturizing Cream With Shea Butte... ₹337 25% Off Regular price ₹449. Discounted price ₹337. 25% Off. ( 177 ),948,449,-499
TNW The Natural Wash Face Moisturizing Cream With Shea Butte... ₹337 25% Off Regular price ₹449. Discounted price ₹337. 25% Off. ( 177 ),948,449,-499
TNW The Natural Wash Face Moisturizing Cream With Shea Butte... ₹337 25% Off Regular price ₹449. Discounted price ₹337. 25% Off. ( 177 ),948,449,-499
TNW The Natural Wash Face Moisturizing Cream With Shea Butte... ₹337 25% Off Regular price ₹449. Discounted price ₹337. 25% Off. ( 177 ),948,449,-499
TNW The Natural Wash Face Moisturizing Cream With Shea Butte... ₹337 25% Off Regular price ₹449. Discounted price ₹337. 25% Off. ( 177 ),948,449,-499
TNW The Natural Wash Face Moisturizing Cream With Shea Butte... ₹337 25% Off Regular price ₹449. Discounted price ₹337. 25% Off. ( 177 ),948,449,-499
TNW The Natural Wash Face Moisturizing Cream With Shea Butte... ₹337 25% Off Regular price ₹449. Discounted price ₹337. 25% Off. ( 177 ),1098,449,-649
TNW The Natural Wash Face Moisturizing Cream With Shea Butte... ₹337 25% Off Regular price ₹449. Discounted price ₹337. 25% Off. ( 177 ),1098,449,-649
TNW The Natural Wash Face Moisturizing Cream With Shea Butte... ₹337 25% Off Regular price ₹449. Discounted price ₹337. 25% Off. ( 177 ),1298,449,-849
TNW The Natural Wash Face Moisturizing Cream With Shea Butte... ₹337 25% Off Regular price ₹449. Discounted price ₹337. 25% Off. ( 177 ),1298,449,-849
TNW The Natural Wash Face Moisturizing Cream With Shea Butte... ₹337 25% Off Regular price ₹449. Discounted price ₹337. 25% Off. ( 177 ),1298,449,-849
Lotus Organics Divine Nutritive Creme & Night Cream Combo ₹1590 ( 802 ),795,1590,795
Lotus Organics Divine Nutritive Creme & Night Cream Combo ₹1590 ( 802 ),795,1590,795
Lotus Organics Divine Nutritive Creme & Night Cream Combo ₹1590 ( 802 ),795,1590,795
Lotus Botanicals 100x Vitamin C Wash & Moisturise Combo ₹1230 ( 9409 ),1240,1230,-10
Lotus Botanicals 100x Vitamin C Wash & Moisturise Combo ₹1230 ( 9409 ),1240,1230,-10
Lotus Botanicals 100x Vitamin C Wash & Moisturise Combo ₹1230 ( 9409 ),1240,1230,-10
Estee Lauder Re-Nutriv Ultimate Diamond Transformative Brill... ₹27300  Get Complimentary Product  ( 1 ),40500,27300,-13200
Estee Lauder Re-Nutriv Ultimate Diamond Transformative Brill... ₹27300  Get Complimentary Product  ( 1 ),40500,27300,-13200
Estee Lauder Re-Nutriv Ultimate Diamond Transformative Brill... ₹27300  Get Complimentary Product  ( 1 ),40500,27300,-13200
Estee Lauder Re-Nutriv Ultimate Lift Regenerating Youth Trea... ₹14400  Get Complimentary Product,9500,14400,4900
Estee Lauder Re-Nutriv Ultimate Lift Regenerating Youth Trea... ₹14400  Get Complimentary Product,9500,14400,4900
Estee Lauder Re-Nutriv Ultimate Lift Regenerating Youth Trea... ₹14400  Get Complimentary Product,9500,14400,4900
Estee Lauder Re-Nutriv Ultimate Lift Regenerating Youth Trea... ₹14400  Get Complimentary Product,9500,14400,4900
Estee Lauder Re-Nutriv Ultimate Lift Regenerating Youth Trea... ₹14400  Get Complimentary Product,32000,14400,-17600
Estee Lauder Re-Nutriv Ultimate Lift Regenerating Youth Trea... ₹14400  Get Complimentary Product,32000,14400,-17600
Estee Lauder Re-Nutriv Ultimate Lift Regenerating Youth Trea... ₹14400  Get Complimentary Product,32000,14400,-17600
Estee Lauder Re-Nutriv Ultimate Lift Regenerating Youth Trea... ₹14400  Get Complimentary Product,32000,14400,-17600
Estee Lauder Re-Nutriv Ultimate Lift Regenerating Youth Trea... ₹14400  Get Complimentary Product,32000,14400,-17600
Estee Lauder Re-Nutriv Ultimate Lift Regenerating Youth Trea... ₹14400  Get Complimentary Product,32000,14400,-17600
Estee Lauder Re-Nutriv Ultimate Lift Regenerating Youth Trea... ₹14400  Get Complimentary Product,32000,14400,-17600
Estee Lauder Re-Nutriv Ultimate Lift Regenerating Youth Trea... ₹14400  Get Complimentary Product,32000,14400,-17600
Glamveda Glutathione Brightening Face Wash + Face Cream ₹539 28% Off Regular price ₹749. Discounted price ₹539. 28% Off.  Extra 5% Off  ( 43 ),399,749,350
Glamveda Glutathione Brightening Face Wash + Face Cream ₹539 28% Off Regular price ₹749. Discounted price ₹539. 28% Off.  Extra 5% Off  ( 43 ),399,749,350
Glamveda Glutathione Brightening Face Wash + Face Cream ₹539 28% Off Regular price ₹749. Discounted price ₹539. 28% Off.  Extra 5% Off  ( 43 ),399,749,350
Vaadi Herbals 24 Carat Gold Massage Cream ₹221 25% Off Regular price ₹295. Discounted price ₹221. 25% Off.  Extra 10% Off  ( 79 ),320,295,-25
Vaadi Herbals 24 Carat Gold Massage Cream ₹221 25% Off Regular price ₹295. Discounted price ₹221. 25% Off.  Extra 10% Off  ( 79 ),320,295,-25
Vaadi Herbals 24 Carat Gold Massage Cream ₹221 25% Off Regular price ₹295. Discounted price ₹221. 25% Off.  Extra 10% Off  ( 79 ),320,295,-25
Glamveda Korean Glass Skin Rice & Ceramide Face Serum & Mois... ₹664 30% Off Regular price ₹949. Discounted price ₹664. 30% Off.  Extra 5% Off  ( 62 ),1199,949,-250
Glamveda Korean Glass Skin Rice & Ceramide Face Serum & Mois... ₹664 30% Off Regular price ₹949. Discounted price ₹664. 30% Off.  Extra 5% Off  ( 62 ),1199,949,-250
Glamveda Korean Glass Skin Rice & Ceramide Face Serum & Mois... ₹664 30% Off Regular price ₹949. Discounted price ₹664. 30% Off.  Extra 5% Off  ( 62 ),1199,949,-250
Glamveda Korean Glass Skin Rice & Ceramide Face Serum & Mois... ₹664 30% Off Regular price ₹949. Discounted price ₹664. 30% Off.  Extra 5% Off  ( 62 ),1199,949,-250
Glamveda Korean Glass Skin Rice & Ceramide Face Serum & Mois... ₹664 30% Off Regular price ₹949. Discounted price ₹664. 30% Off.  Extra 5% Off  ( 62 ),1199,949,-250
Glamveda Korean Glass Skin Rice & Ceramide Face Serum & Mois... ₹664 30% Off Regular price ₹949. Discounted price ₹664. 30% Off.  Extra 5% Off  ( 62 ),1694,949,-745
Glamveda Korean Glass Skin Rice & Ceramide Face Serum & Mois... ₹664 30% Off Regular price ₹949. Discounted price ₹664. 30% Off.  Extra 5% Off  ( 62 ),1694,949,-745
Glamveda Korean Glass Skin Rice & Ceramide Face Serum & Mois... ₹664 30% Off Regular price ₹949. Discounted price ₹664. 30% Off.  Extra 5% Off  ( 62 ),1694,949,-745
Glamveda Korean Glass Skin Rice & Ceramide Face Serum & Mois... ₹664 30% Off Regular price ₹949. Discounted price ₹664. 30% Off.  Extra 5% Off  ( 62 ),1694,949,-745
Glamveda Korean Glass Skin Rice & Ceramide Face Serum & Mois... ₹664 30% Off Regular price ₹949. Discounted price ₹664. 30% Off.  Extra 5% Off  ( 62 ),1694,949,-745
Glamveda Korean Glass Skin Rice & Ceramide Face Serum & Mois... ₹664 30% Off Regular price ₹949. Discounted price ₹664. 30% Off.  Extra 5% Off  ( 62 ),1694,949,-745
Glamveda Korean Glass Skin Rice & Ceramide Face Serum & Mois... ₹664 30% Off Regular price ₹949. Discounted price ₹664. 30% Off.  Extra 5% Off  ( 62 ),1694,949,-745
Deconstruct Retinol & Peptide Serum - 0.2% Retinol + 1% Pept... ₹1199 25% Off Regular price ₹1598. Discounted price ₹1199. 25% Off. ( 7077 ),799,1598,799
Deconstruct Retinol & Peptide Serum - 0.2% Retinol + 1% Pept... ₹1199 25% Off Regular price ₹1598. Discounted price ₹1199. 25% Off. ( 7077 ),799,1598,799
Deconstruct Retinol & Peptide Serum - 0.2% Retinol + 1% Pept... ₹1199 25% Off Regular price ₹1598. Discounted price ₹1199. 25% Off. ( 7077 ),799,1598,799
Deconstruct Retinol & Peptide Serum - 0.2% Retinol + 1% Pept... ₹1199 25% Off Regular price ₹1598. Discounted price ₹1199. 25% Off. ( 7077 ),799,1598,799
Joy Skin Fruits Soft Moisturizer For Face & Body with Berrie... ₹245 39% Off Regular price ₹399. Discounted price ₹245. 39% Off.  Extra 5% Off  ( 31 ),599,399,-200
Joy Skin Fruits Soft Moisturizer For Face & Body with Berrie... ₹245 39% Off Regular price ₹399. Discounted price ₹245. 39% Off.  Extra 5% Off  ( 31 ),599,399,-200
Joy Skin Fruits Soft Moisturizer For Face & Body with Berrie... ₹245 39% Off Regular price ₹399. Discounted price ₹245. 39% Off.  Extra 5% Off  ( 31 ),599,399,-200
Aroma Magic Vitamin C Skin Brightening Gel SPF 30 & Skin Ton... ₹484 25% Off Regular price ₹645. Discounted price ₹484. 25% Off. ( 11974 ),395,645,250
Aroma Magic Vitamin C Skin Brightening Gel SPF 30 & Skin Ton... ₹484 25% Off Regular price ₹645. Discounted price ₹484. 25% Off. ( 11974 ),395,645,250
Aroma Magic Vitamin C Skin Brightening Gel SPF 30 & Skin Ton... ₹484 25% Off Regular price ₹645. Discounted price ₹484. 25% Off. ( 11974 ),395,645,250
Aroma Magic Vitamin C Skin Brightening Gel SPF 30 & Skin Ton... ₹484 25% Off Regular price ₹645. Discounted price ₹484. 25% Off. ( 11974 ),395,645,250
TONYMOLY Pure Dew Tea Tree Yuja C Purifying Essence ₹1148 30% Off Regular price ₹1640. Discounted price ₹1148. 30% Off.,1740,1640,-100
TONYMOLY Pure Dew Tea Tree Yuja C Purifying Essence ₹1148 30% Off Regular price ₹1640. Discounted price ₹1148. 30% Off.,1740,1640,-100
TONYMOLY Pure Dew Tea Tree Yuja C Purifying Essence ₹1148 30% Off Regular price ₹1640. Discounted price ₹1148. 30% Off.,1740,1640,-100
Biotique Advanced Organics Clear Improvement Vitamin C Brigh... ₹448 20% Off Regular price ₹560. Discounted price ₹448. 20% Off. ( 232 ),349,560,211
Biotique Advanced Organics Clear Improvement Vitamin C Brigh... ₹448 20% Off Regular price ₹560. Discounted price ₹448. 20% Off. ( 232 ),349,560,211
Biotique Advanced Organics Clear Improvement Vitamin C Brigh... ₹448 20% Off Regular price ₹560. Discounted price ₹448. 20% Off. ( 232 ),349,560,211
Vaadi Herbals Fairness Moisturiser With Mandarin Extract ₹140 10% Off Regular price ₹155. Discounted price ₹140. 10% Off.  Extra 10% Off  ( 555 ),295,155,-140
Vaadi Herbals Fairness Moisturiser With Mandarin Extract ₹140 10% Off Regular price ₹155. Discounted price ₹140. 10% Off.  Extra 10% Off  ( 555 ),295,155,-140
Vaadi Herbals Fairness Moisturiser With Mandarin Extract ₹140 10% Off Regular price ₹155. Discounted price ₹140. 10% Off.  Extra 10% Off  ( 555 ),295,155,-140
AromaMusk Aloever Hydrating Gel with Pure Aloe Vera Gel & Vi... ₹251 28% Off Regular price ₹349. Discounted price ₹251. 28% Off. ( 8 ),698,349,-349
AromaMusk Aloever Hydrating Gel with Pure Aloe Vera Gel & Vi... ₹251 28% Off Regular price ₹349. Discounted price ₹251. 28% Off. ( 8 ),698,349,-349
Palmer's Skin Success Extra Strength Tone Correcting Face Se... ₹1496 12% Off Regular price ₹1700. Discounted price ₹1496. 12% Off. ( 1 ),1500,1700,200
Palmer's Skin Success Extra Strength Tone Correcting Face Se... ₹1496 12% Off Regular price ₹1700. Discounted price ₹1496. 12% Off. ( 1 ),1500,1700,200
Palmer's Skin Success Extra Strength Tone Correcting Face Se... ₹1496 12% Off Regular price ₹1700. Discounted price ₹1496. 12% Off. ( 1 ),1500,1700,200
The Body Temple Vitamin C 10% & Niacinamide 5% + Glutathione... ₹1397 30% Off Regular price ₹1996. Discounted price ₹1397. 30% Off.,2994,1996,-998
The Body Temple Vitamin C 10% & Niacinamide 5% + Glutathione... ₹1397 30% Off Regular price ₹1996. Discounted price ₹1397. 30% Off.,2994,1996,-998
The Body Temple Vitamin C 20% +L-Glutathione 5% & Vitamin C ... ₹1397 30% Off Regular price ₹1996. Discounted price ₹1397. 30% Off.,998,1996,998
The Body Temple Vitamin C 20% +L-Glutathione 5% & Vitamin C ... ₹1397 30% Off Regular price ₹1996. Discounted price ₹1397. 30% Off.,998,1996,998
Pilgrim Squalane Glow Moisturizer For Hydration Pack Of 3- P... ₹957 42% Off Regular price ₹1650. Discounted price ₹957. 42% Off. ( 25588 ),550,1650,1100
Pilgrim Squalane Glow Moisturizer For Hydration Pack Of 3- P... ₹957 42% Off Regular price ₹1650. Discounted price ₹957. 42% Off. ( 25588 ),550,1650,1100
Pilgrim Squalane Glow Moisturizer For Hydration Pack Of 3- P... ₹957 42% Off Regular price ₹1650. Discounted price ₹957. 42% Off. ( 25588 ),550,1650,1100
Pilgrim Squalane Glow Moisturizer For Hydration Pack Of 3- P... ₹957 42% Off Regular price ₹1650. Discounted price ₹957. 42% Off. ( 25588 ),550,1650,1100
Pilgrim Squalane Glow Moisturizer For Hydration Pack Of 3- P... ₹957 42% Off Regular price ₹1650. Discounted price ₹957. 42% Off. ( 25588 ),1100,1650,550
Pilgrim Squalane Glow Moisturizer For Hydration Pack Of 3- P... ₹957 42% Off Regular price ₹1650. Discounted price ₹957. 42% Off. ( 25588 ),1100,1650,550
Pilgrim Squalane Glow Moisturizer For Hydration Pack Of 3- P... ₹957 42% Off Regular price ₹1650. Discounted price ₹957. 42% Off. ( 25588 ),1100,1650,550
Vaadi Herbals Fairness Moisturiser With Mandarin Extract ₹266 10% Off Regular price ₹295. Discounted price ₹266. 10% Off.  Extra 10% Off  ( 186 ),155,295,140
Vaadi Herbals Fairness Moisturiser With Mandarin Extract ₹266 10% Off Regular price ₹295. Discounted price ₹266. 10% Off.  Extra 10% Off  ( 186 ),155,295,140
Vaadi Herbals Fairness Moisturiser With Mandarin Extract ₹266 10% Off Regular price ₹295. Discounted price ₹266. 10% Off.  Extra 10% Off  ( 186 ),155,295,140
TONYMOLY Pure Dew Tea Tree Yuja C Purifying Cream ₹1218 30% Off Regular price ₹1740. Discounted price ₹1218. 30% Off. ( 2 ),1640,1740,100
TONYMOLY Pure Dew Tea Tree Yuja C Purifying Cream ₹1218 30% Off Regular price ₹1740. Discounted price ₹1218. 30% Off. ( 2 ),1640,1740,100
Lotus Organics Precious Brightening Creme Face Wash & Exfoli... ₹1900 ( 6588 ),575,1900,1325
Lotus Organics Precious Brightening Creme Face Wash & Exfoli... ₹1900 ( 6588 ),575,1900,1325
Lotus Organics Precious Brightening Creme Face Wash & Exfoli... ₹1900 ( 6588 ),895,1900,1005
Lotus Organics Precious Brightening Creme Face Wash & Exfoli... ₹1900 ( 6588 ),895,1900,1005
Lotus Organics Precious Brightening Creme Face Wash & Exfoli... ₹1900 ( 6588 ),895,1900,1005
Lotus Organics Precious Brightening Creme Face Wash & Exfoli... ₹1900 ( 6588 ),895,1900,1005
Lotus Organics Precious Brightening Creme Face Wash & Exfoli... ₹1900 ( 6588 ),945,1900,955
Lotus Organics Precious Brightening Creme Face Wash & Exfoli... ₹1900 ( 6588 ),945,1900,955
Lotus Organics Precious Brightening Creme Face Wash & Exfoli... ₹1900 ( 6588 ),945,1900,955
Lotus Organics Precious Brightening Creme Face Wash & Exfoli... ₹1900 ( 6588 ),1790,1900,110
Lotus Organics Precious Brightening Creme Face Wash & Exfoli... ₹1900 ( 6588 ),1790,1900,110
Lotus Organics Precious Brightening Creme Face Wash & Exfoli... ₹1900 ( 6588 ),1790,1900,110
Lotus Organics Precious Brightening Creme Face Wash & Exfoli... ₹1900 ( 6588 ),1790,1900,110
Lotus Organics Precious Brightening Creme Face Wash & Exfoli... ₹1900 ( 6588 ),1840,1900,60
Lotus Organics Precious Brightening Creme Face Wash & Exfoli... ₹1900 ( 6588 ),1840,1900,60
Lotus Organics Precious Brightening Creme Face Wash & Exfoli... ₹1900 ( 6588 ),1840,1900,60
Oshea Herbals Phytoderma Face Serum With 2% Hyaluronic Acid ... ₹599 ( 1 ),499,599,100
Oshea Herbals Phytoderma Face Serum With 2% Hyaluronic Acid ... ₹599 ( 1 ),499,599,100
Oshea Herbals Phytoderma Face Serum With 2% Hyaluronic Acid ... ₹599 ( 1 ),499,599,100
Oshea Herbals Phytoderma Face Serum With 2% Hyaluronic Acid ... ₹599 ( 1 ),499,599,100
Oshea Herbals Phytoderma Face Serum With 2% Hyaluronic Acid ... ₹599 ( 1 ),549,599,50
Oshea Herbals Phytoderma Face Serum With 2% Hyaluronic Acid ... ₹599 ( 1 ),549,599,50
Oshea Herbals Phytoderma Face Serum With 2% Hyaluronic Acid ... ₹599 ( 1 ),549,599,50
Oshea Herbals Phytoderma Face Serum With 2% Hyaluronic Acid ... ₹599 ( 1 ),549,599,50
Oshea Herbals Phytoderma Face Serum With 2% Hyaluronic Acid ... ₹599 ( 1 ),549,599,50
Oshea Herbals Phytoderma Face Serum With 2% Hyaluronic Acid ... ₹599 ( 1 ),549,599,50
Oshea Herbals Phytoderma Face Serum With 2% Hyaluronic Acid ... ₹599 ( 1 ),699,599,-100
Oshea Herbals Phytoderma Face Serum With 2% Hyaluronic Acid ... ₹599 ( 1 ),699,599,-100
SkinInspired Mattifying Gel Moisturizer Refill Oil-Free Face... ₹899 ( 1 ),1099,899,-200
SkinInspired Mattifying Gel Moisturizer Refill Oil-Free Face... ₹899 ( 1 ),1099,899,-200
SkinInspired Mattifying Gel Moisturizer Refill Oil-Free Face... ₹899 ( 1 ),1099,899,-200
SkinInspired Mattifying Gel Moisturizer Refill Oil-Free Face... ₹899 ( 1 ),1099,899,-200
Biotique Advanced Organics Vitamin E & Hyaluronic Acid Super... ₹79 20% Off Regular price ₹99. Discounted price ₹79. 20% Off. ( 1270 ),560,99,-461
Biotique Advanced Organics Vitamin E & Hyaluronic Acid Super... ₹79 20% Off Regular price ₹99. Discounted price ₹79. 20% Off. ( 1270 ),560,99,-461
Biotique Advanced Organics Vitamin E & Hyaluronic Acid Super... ₹79 20% Off Regular price ₹99. Discounted price ₹79. 20% Off. ( 1270 ),560,99,-461
Pilgrim Oil-Free Gel Moisturiser With Hyaluronic Acid For Ac... ₹693 30% Off Regular price ₹990. Discounted price ₹693. 30% Off. ( 1962 ),495,990,495
Pilgrim Oil-Free Gel Moisturiser With Hyaluronic Acid For Ac... ₹693 30% Off Regular price ₹990. Discounted price ₹693. 30% Off. ( 1962 ),495,990,495
Pilgrim Oil-Free Gel Moisturiser With Hyaluronic Acid For Ac... ₹693 30% Off Regular price ₹990. Discounted price ₹693. 30% Off. ( 1962 ),495,990,495
Pilgrim Oil-Free Gel Moisturiser With Hyaluronic Acid For Ac... ₹693 30% Off Regular price ₹990. Discounted price ₹693. 30% Off. ( 1962 ),495,990,495
Makeup Revolution Skincare Blemish and Pore Refining Serum -... ₹809 10% Off Regular price ₹899. Discounted price ₹809. 10% Off. ( 136 ),995,899,-96
Makeup Revolution Skincare Blemish and Pore Refining Serum -... ₹809 10% Off Regular price ₹899. Discounted price ₹809. 10% Off. ( 136 ),995,899,-96
"Oshea Herbals Phytoderma Face Serum With 10% Niacinamide, Zi... ₹549 ( 2 )",499,549,50
"Oshea Herbals Phytoderma Face Serum With 10% Niacinamide, Zi... ₹549 ( 2 )",499,549,50
"Oshea Herbals Phytoderma Face Serum With 10% Niacinamide, Zi... ₹549 ( 2 )",499,549,50
"Oshea Herbals Phytoderma Face Serum With 10% Niacinamide, Zi... ₹549 ( 2 )",499,549,50
"Oshea Herbals Phytoderma Face Serum With 10% Niacinamide, Zi... ₹549 ( 2 )",599,549,-50
"Oshea Herbals Phytoderma Face Serum With 10% Niacinamide, Zi... ₹549 ( 2 )",599,549,-50
"Oshea Herbals Phytoderma Face Serum With 10% Niacinamide, Zi... ₹549 ( 2 )",599,549,-50
"Oshea Herbals Phytoderma Face Serum With 10% Niacinamide, Zi... ₹549 ( 2 )",599,549,-50
"Oshea Herbals Phytoderma Face Serum With 10% Niacinamide, Zi... ₹549 ( 2 )",699,549,-150
"Oshea Herbals Phytoderma Face Serum With 10% Niacinamide, Zi... ₹549 ( 2 )",699,549,-150
NutriGlow Advanced Organics Age Repair Tightening Serum ₹404 15% Off Regular price ₹475. Discounted price ₹404. 15% Off. ( 15 ),425,475,50
NutriGlow Advanced Organics Age Repair Tightening Serum ₹404 15% Off Regular price ₹475. Discounted price ₹404. 15% Off. ( 15 ),425,475,50
NutriGlow Advanced Organics Age Repair Tightening Serum ₹404 15% Off Regular price ₹475. Discounted price ₹404. 15% Off. ( 15 ),425,475,50
La Prairie Skin Caviar Essence-In-Lotion Hydrating Pre-Serum ₹29800,18600,29800,11200
La Prairie Skin Caviar Essence-In-Lotion Hydrating Pre-Serum ₹29800,18600,29800,11200
La Prairie Skin Caviar Essence-In-Lotion Hydrating Pre-Serum ₹29800,18600,29800,11200
Oshea Herbals Phytoderma Face Serum With 10% Glycolic Acid &... ₹499 ( 3 ),549,499,-50
Oshea Herbals Phytoderma Face Serum With 10% Glycolic Acid &... ₹499 ( 3 ),549,499,-50
Oshea Herbals Phytoderma Face Serum With 10% Glycolic Acid &... ₹499 ( 3 ),549,499,-50
Oshea Herbals Phytoderma Face Serum With 10% Glycolic Acid &... ₹499 ( 3 ),549,499,-50
Oshea Herbals Phytoderma Face Serum With 10% Glycolic Acid &... ₹499 ( 3 ),549,499,-50
Oshea Herbals Phytoderma Face Serum With 10% Glycolic Acid &... ₹499 ( 3 ),549,499,-50
Oshea Herbals Phytoderma Face Serum With 10% Glycolic Acid &... ₹499 ( 3 ),599,499,-100
Oshea Herbals Phytoderma Face Serum With 10% Glycolic Acid &... ₹499 ( 3 ),599,499,-100
Oshea Herbals Phytoderma Face Serum With 10% Glycolic Acid &... ₹499 ( 3 ),599,499,-100
Oshea Herbals Phytoderma Face Serum With 10% Glycolic Acid &... ₹499 ( 3 ),599,499,-100
Oshea Herbals Phytoderma Face Serum With 10% Glycolic Acid &... ₹499 ( 3 ),699,499,-200
Oshea Herbals Phytoderma Face Serum With 10% Glycolic Acid &... ₹499 ( 3 ),699,499,-200
Oshea Herbals Phytoderma Face Serum With 0.2% Retinol & Pome... ₹599 ( 3 ),499,599,100
Oshea Herbals Phytoderma Face Serum With 0.2% Retinol & Pome... ₹599 ( 3 ),499,599,100
Oshea Herbals Phytoderma Face Serum With 0.2% Retinol & Pome... ₹599 ( 3 ),499,599,100
Oshea Herbals Phytoderma Face Serum With 0.2% Retinol & Pome... ₹599 ( 3 ),499,599,100
Oshea Herbals Phytoderma Face Serum With 0.2% Retinol & Pome... ₹599 ( 3 ),549,599,50
Oshea Herbals Phytoderma Face Serum With 0.2% Retinol & Pome... ₹599 ( 3 ),549,599,50
Oshea Herbals Phytoderma Face Serum With 0.2% Retinol & Pome... ₹599 ( 3 ),549,599,50
Oshea Herbals Phytoderma Face Serum With 0.2% Retinol & Pome... ₹599 ( 3 ),549,599,50
Oshea Herbals Phytoderma Face Serum With 0.2% Retinol & Pome... ₹599 ( 3 ),549,599,50
Oshea Herbals Phytoderma Face Serum With 0.2% Retinol & Pome... ₹599 ( 3 ),549,599,50
Oshea Herbals Phytoderma Face Serum With 0.2% Retinol & Pome... ₹599 ( 3 ),699,599,-100
Oshea Herbals Phytoderma Face Serum With 0.2% Retinol & Pome... ₹599 ( 3 ),699,599,-100
BODYOPS Kojic Acid 2% + Alpha Arbutin 1% & Vitamin C 10% + N... ₹699 30% Off Regular price ₹999. Discounted price ₹699. 30% Off.,1998,999,-999
BODYOPS Kojic Acid 2% + Alpha Arbutin 1% & Vitamin C 10% + N... ₹699 30% Off Regular price ₹999. Discounted price ₹699. 30% Off.,1998,999,-999
BODYOPS Kojic Acid 2% + Alpha Arbutin 1% & Vitamin C 10% + N... ₹699 30% Off Regular price ₹999. Discounted price ₹699. 30% Off.,1998,999,-999
BODYOPS Kojic Acid 2% + Alpha Arbutin 1% & Vitamin C 10% + N... ₹699 30% Off Regular price ₹999. Discounted price ₹699. 30% Off.,1998,999,-999
BODYOPS Kojic Acid 2% + Alpha Arbutin 1% & Vitamin C 10% + N... ₹699 30% Off Regular price ₹999. Discounted price ₹699. 30% Off.,1998,999,-999
BODYOPS Kojic Acid 2% + Alpha Arbutin 1% & Vitamin C 10% + N... ₹699 30% Off Regular price ₹999. Discounted price ₹699. 30% Off.,1998,999,-999
BODYOPS Kojic Acid 2% + Alpha Arbutin 1% & Vitamin C 10% + N... ₹699 30% Off Regular price ₹999. Discounted price ₹699. 30% Off.,2997,999,-1998
BODYOPS Kojic Acid 2% + Alpha Arbutin 1% & Vitamin C 10% + N... ₹699 30% Off Regular price ₹999. Discounted price ₹699. 30% Off.,2997,999,-1998
BODYOPS Kojic Acid 2% + Alpha Arbutin 1% & Vitamin C 10% + N... ₹699 30% Off Regular price ₹999. Discounted price ₹699. 30% Off.,2997,999,-1998
Oshea Herbals Phytoderma Face Serum With 2% Salicylic Acid &... ₹499 ( 1 ),549,499,-50
Oshea Herbals Phytoderma Face Serum With 2% Salicylic Acid &... ₹499 ( 1 ),549,499,-50
Oshea Herbals Phytoderma Face Serum With 2% Salicylic Acid &... ₹499 ( 1 ),549,499,-50
Oshea Herbals Phytoderma Face Serum With 2% Salicylic Acid &... ₹499 ( 1 ),549,499,-50
Oshea Herbals Phytoderma Face Serum With 2% Salicylic Acid &... ₹499 ( 1 ),549,499,-50
Oshea Herbals Phytoderma Face Serum With 2% Salicylic Acid &... ₹499 ( 1 ),549,499,-50
Oshea Herbals Phytoderma Face Serum With 2% Salicylic Acid &... ₹499 ( 1 ),599,499,-100
Oshea Herbals Phytoderma Face Serum With 2% Salicylic Acid &... ₹499 ( 1 ),599,499,-100
Oshea Herbals Phytoderma Face Serum With 2% Salicylic Acid &... ₹499 ( 1 ),599,499,-100
Oshea Herbals Phytoderma Face Serum With 2% Salicylic Acid &... ₹499 ( 1 ),599,499,-100
Oshea Herbals Phytoderma Face Serum With 2% Salicylic Acid &... ₹499 ( 1 ),699,499,-200
Oshea Herbals Phytoderma Face Serum With 2% Salicylic Acid &... ₹499 ( 1 ),699,499,-200
Blue Nectar Kumkumadi Serum - Pack Of 2 ₹2750 11% Off Regular price ₹3090. Discounted price ₹2750. 11% Off. ( 238 ),2350,3090,740
Blue Nectar Kumkumadi Serum - Pack Of 2 ₹2750 11% Off Regular price ₹3090. Discounted price ₹2750. 11% Off. ( 238 ),2350,3090,740
Plix Glutathione Skin Glow 15 Effervescent Tablets And Guava... ₹1550  Enjoy Complimentary Gift  ( 7 ),1225,1550,325
Plix Glutathione Skin Glow 15 Effervescent Tablets And Guava... ₹1550  Enjoy Complimentary Gift  ( 7 ),1225,1550,325
Oshea Herbals Phytoderma Face Serum With 10% Vitamin C & Gra... ₹699 ( 1 ),499,699,200
Oshea Herbals Phytoderma Face Serum With 10% Vitamin C & Gra... ₹699 ( 1 ),499,699,200
Oshea Herbals Phytoderma Face Serum With 10% Vitamin C & Gra... ₹699 ( 1 ),499,699,200
Oshea Herbals Phytoderma Face Serum With 10% Vitamin C & Gra... ₹699 ( 1 ),499,699,200
Oshea Herbals Phytoderma Face Serum With 10% Vitamin C & Gra... ₹699 ( 1 ),549,699,150
Oshea Herbals Phytoderma Face Serum With 10% Vitamin C & Gra... ₹699 ( 1 ),549,699,150
Oshea Herbals Phytoderma Face Serum With 10% Vitamin C & Gra... ₹699 ( 1 ),549,699,150
Oshea Herbals Phytoderma Face Serum With 10% Vitamin C & Gra... ₹699 ( 1 ),549,699,150
Oshea Herbals Phytoderma Face Serum With 10% Vitamin C & Gra... ₹699 ( 1 ),549,699,150
Oshea Herbals Phytoderma Face Serum With 10% Vitamin C & Gra... ₹699 ( 1 ),549,699,150
Oshea Herbals Phytoderma Face Serum With 10% Vitamin C & Gra... ₹699 ( 1 ),599,699,100
Oshea Herbals Phytoderma Face Serum With 10% Vitamin C & Gra... ₹699 ( 1 ),599,699,100
Oshea Herbals Phytoderma Face Serum With 10% Vitamin C & Gra... ₹699 ( 1 ),599,699,100
Oshea Herbals Phytoderma Face Serum With 10% Vitamin C & Gra... ₹699 ( 1 ),599,699,100
Blue Nectar Kumkumadi Serum - Pack Of 2 ₹1998 15% Off Regular price ₹2350. Discounted price ₹1998. 15% Off. ( 1594 ),3090,2350,-740
Blue Nectar Kumkumadi Serum - Pack Of 2 ₹1998 15% Off Regular price ₹2350. Discounted price ₹1998. 15% Off. ( 1594 ),3090,2350,-740
Biocule Aqua Boost Hydrating Face Serum + Face Toner For Ski... ₹1198 ( 774 ),699,1198,499
Biocule Aqua Boost Hydrating Face Serum + Face Toner For Ski... ₹1198 ( 774 ),699,1198,499
The Body Temple Vitamin C 20% + L-Glutathione 5% & Lactic Ac... ₹699 30% Off Regular price ₹998. Discounted price ₹699. 30% Off. ( 1 ),1996,998,-998
The Body Temple Vitamin C 20% + L-Glutathione 5% & Lactic Ac... ₹699 30% Off Regular price ₹998. Discounted price ₹699. 30% Off. ( 1 ),1996,998,-998
The Body Temple Vitamin C 20% + L-Glutathione 5% & Lactic Ac... ₹699 30% Off Regular price ₹998. Discounted price ₹699. 30% Off. ( 1 ),1996,998,-998
The Body Temple Vitamin C 20% + L-Glutathione 5% & Lactic Ac... ₹699 30% Off Regular price ₹998. Discounted price ₹699. 30% Off. ( 1 ),1996,998,-998
The Body Temple Vitamin C 20% + L-Glutathione 5% & Lactic Ac... ₹699 30% Off Regular price ₹998. Discounted price ₹699. 30% Off. ( 1 ),1996,998,-998
La Prairie Platinum Rare Haute-Rejuvenation Cellular Life-Lo... ₹73200,103600,73200,-30400
La Prairie Platinum Rare Haute-Rejuvenation Cellular Life-Lo... ₹73200,103600,73200,-30400
La Prairie Platinum Rare Haute-Rejuvenation Cellular Life-Lo... ₹73200,103600,73200,-30400
Nature Glow Herbal 10% Niacinamide Face Serum ₹296 20% Off Regular price ₹370. Discounted price ₹296. 20% Off.,620,370,-250
WOW Skin Science Aloe Vera Gel & Vitamin C Face Cream ₹810 4% Off Regular price ₹848. Discounted price ₹810. 4% Off. ( 30145 ),1048,848,-200
WOW Skin Science Aloe Vera Gel & Vitamin C Face Cream ₹810 4% Off Regular price ₹848. Discounted price ₹810. 4% Off. ( 30145 ),1048,848,-200
BODYOPS Kojic Acid 2% + Alpha Arbutin 1% & Salicylic Acid 2%... ₹699 30% Off Regular price ₹999. Discounted price ₹699. 30% Off. ( 1 ),1998,999,-999
BODYOPS Kojic Acid 2% + Alpha Arbutin 1% & Salicylic Acid 2%... ₹699 30% Off Regular price ₹999. Discounted price ₹699. 30% Off. ( 1 ),1998,999,-999
BODYOPS Kojic Acid 2% + Alpha Arbutin 1% & Salicylic Acid 2%... ₹699 30% Off Regular price ₹999. Discounted price ₹699. 30% Off. ( 1 ),1998,999,-999
BODYOPS Kojic Acid 2% + Alpha Arbutin 1% & Salicylic Acid 2%... ₹699 30% Off Regular price ₹999. Discounted price ₹699. 30% Off. ( 1 ),1998,999,-999
BODYOPS Kojic Acid 2% + Alpha Arbutin 1% & Salicylic Acid 2%... ₹699 30% Off Regular price ₹999. Discounted price ₹699. 30% Off. ( 1 ),1998,999,-999
BODYOPS Kojic Acid 2% + Alpha Arbutin 1% & Salicylic Acid 2%... ₹699 30% Off Regular price ₹999. Discounted price ₹699. 30% Off. ( 1 ),1998,999,-999
BODYOPS Kojic Acid 2% + Alpha Arbutin 1% & Salicylic Acid 2%... ₹699 30% Off Regular price ₹999. Discounted price ₹699. 30% Off. ( 1 ),2997,999,-1998
BODYOPS Kojic Acid 2% + Alpha Arbutin 1% & Salicylic Acid 2%... ₹699 30% Off Regular price ₹999. Discounted price ₹699. 30% Off. ( 1 ),2997,999,-1998
BODYOPS Kojic Acid 2% + Alpha Arbutin 1% & Salicylic Acid 2%... ₹699 30% Off Regular price ₹999. Discounted price ₹699. 30% Off. ( 1 ),2997,999,-1998
BODYOPS Kojic Acid 2% + Alpha Arbutin 1% & Lactic Acid 10% (... ₹699 30% Off Regular price ₹999. Discounted price ₹699. 30% Off.,1998,999,-999
BODYOPS Kojic Acid 2% + Alpha Arbutin 1% & Lactic Acid 10% (... ₹699 30% Off Regular price ₹999. Discounted price ₹699. 30% Off.,1998,999,-999
BODYOPS Kojic Acid 2% + Alpha Arbutin 1% & Lactic Acid 10% (... ₹699 30% Off Regular price ₹999. Discounted price ₹699. 30% Off.,1998,999,-999
BODYOPS Kojic Acid 2% + Alpha Arbutin 1% & Lactic Acid 10% (... ₹699 30% Off Regular price ₹999. Discounted price ₹699. 30% Off.,1998,999,-999
BODYOPS Kojic Acid 2% + Alpha Arbutin 1% & Lactic Acid 10% (... ₹699 30% Off Regular price ₹999. Discounted price ₹699. 30% Off.,1998,999,-999
BODYOPS Kojic Acid 2% + Alpha Arbutin 1% & Lactic Acid 10% (... ₹699 30% Off Regular price ₹999. Discounted price ₹699. 30% Off.,1998,999,-999
BODYOPS Kojic Acid 2% + Alpha Arbutin 1% & Lactic Acid 10% (... ₹699 30% Off Regular price ₹999. Discounted price ₹699. 30% Off.,2997,999,-1998
BODYOPS Kojic Acid 2% + Alpha Arbutin 1% & Lactic Acid 10% (... ₹699 30% Off Regular price ₹999. Discounted price ₹699. 30% Off.,2997,999,-1998
BODYOPS Kojic Acid 2% + Alpha Arbutin 1% & Lactic Acid 10% (... ₹699 30% Off Regular price ₹999. Discounted price ₹699. 30% Off.,2997,999,-1998
Nature Glow Herbal Alpha Arbutin Face Serum ₹591 15% Off Regular price ₹695. Discounted price ₹591. 15% Off.,385,695,310
Dermalogica Circular Hydration Serum ₹1050,4500,1050,-3450
Dermalogica Circular Hydration Serum ₹1050,4500,1050,-3450
Oshea Herbals Phytoderma Face Serum With 2% Alpha Arbutin & ... ₹549,499,549,50
Oshea Herbals Phytoderma Face Serum With 2% Alpha Arbutin & ... ₹549,499,549,50
Oshea Herbals Phytoderma Face Serum With 2% Alpha Arbutin & ... ₹549,499,549,50
Oshea Herbals Phytoderma Face Serum With 2% Alpha Arbutin & ... ₹549,499,549,50
Oshea Herbals Phytoderma Face Serum With 2% Alpha Arbutin & ... ₹549,599,549,-50
Oshea Herbals Phytoderma Face Serum With 2% Alpha Arbutin & ... ₹549,599,549,-50
Oshea Herbals Phytoderma Face Serum With 2% Alpha Arbutin & ... ₹549,599,549,-50
Oshea Herbals Phytoderma Face Serum With 2% Alpha Arbutin & ... ₹549,599,549,-50
Oshea Herbals Phytoderma Face Serum With 2% Alpha Arbutin & ... ₹549,699,549,-150
Oshea Herbals Phytoderma Face Serum With 2% Alpha Arbutin & ... ₹549,699,549,-150
The Body Temple Vitamin C 10% & Niacinamide 5% + Retinol 0.6... ₹1397 30% Off Regular price ₹1996. Discounted price ₹1397. 30% Off.,2994,1996,-998
The Body Temple Vitamin C 10% & Niacinamide 5% + Retinol 0.6... ₹1397 30% Off Regular price ₹1996. Discounted price ₹1397. 30% Off.,2994,1996,-998
Elizabeth Arden Prevage Anti-Aging + Intensive Repair Eye Se... ₹13300 5% Off Regular price ₹14000. Discounted price ₹13300. 5% Off. ( 1 ),15450,14000,-1450
Elizabeth Arden Prevage Anti-Aging + Intensive Repair Eye Se... ₹13300 5% Off Regular price ₹14000. Discounted price ₹13300. 5% Off. ( 1 ),15450,14000,-1450
Elizabeth Arden Prevage Anti-Aging + Intensive Repair Eye Se... ₹13300 5% Off Regular price ₹14000. Discounted price ₹13300. 5% Off. ( 1 ),15450,14000,-1450
Avon Anew Platinum Lift & Tighten Lifting Serum Mini ₹849 15% Off Regular price ₹999. Discounted price ₹849. 15% Off.,3299,999,-2300
BODYOPS Kojic Acid 2% + Alpha Arbutin 1% & Niacinamide 5% (3... ₹699 30% Off Regular price ₹999. Discounted price ₹699. 30% Off.,1998,999,-999
BODYOPS Kojic Acid 2% + Alpha Arbutin 1% & Niacinamide 5% (3... ₹699 30% Off Regular price ₹999. Discounted price ₹699. 30% Off.,1998,999,-999
BODYOPS Kojic Acid 2% + Alpha Arbutin 1% & Niacinamide 5% (3... ₹699 30% Off Regular price ₹999. Discounted price ₹699. 30% Off.,1998,999,-999
BODYOPS Kojic Acid 2% + Alpha Arbutin 1% & Niacinamide 5% (3... ₹699 30% Off Regular price ₹999. Discounted price ₹699. 30% Off.,1998,999,-999
BODYOPS Kojic Acid 2% + Alpha Arbutin 1% & Niacinamide 5% (3... ₹699 30% Off Regular price ₹999. Discounted price ₹699. 30% Off.,1998,999,-999
BODYOPS Kojic Acid 2% + Alpha Arbutin 1% & Niacinamide 5% (3... ₹699 30% Off Regular price ₹999. Discounted price ₹699. 30% Off.,1998,999,-999
BODYOPS Kojic Acid 2% + Alpha Arbutin 1% & Niacinamide 5% (3... ₹699 30% Off Regular price ₹999. Discounted price ₹699. 30% Off.,2997,999,-1998
BODYOPS Kojic Acid 2% + Alpha Arbutin 1% & Niacinamide 5% (3... ₹699 30% Off Regular price ₹999. Discounted price ₹699. 30% Off.,2997,999,-1998
BODYOPS Kojic Acid 2% + Alpha Arbutin 1% & Niacinamide 5% (3... ₹699 30% Off Regular price ₹999. Discounted price ₹699. 30% Off.,2997,999,-1998
Avon Anew Platinum Lift & Tighten Lifting Serum ₹2969 10% Off Regular price ₹3299. Discounted price ₹2969. 10% Off.,999,3299,2300
Avon Anew Platinum Lift & Tighten Lifting Serum ₹2969 10% Off Regular price ₹3299. Discounted price ₹2969. 10% Off.,999,3299,2300
BODYOPS Kojic Acid 2% + Alpha Arbutin 1% & Vitamin C 20% + G... ₹699 30% Off Regular price ₹999. Discounted price ₹699. 30% Off.,1998,999,-999
BODYOPS Kojic Acid 2% + Alpha Arbutin 1% & Vitamin C 20% + G... ₹699 30% Off Regular price ₹999. Discounted price ₹699. 30% Off.,1998,999,-999
BODYOPS Kojic Acid 2% + Alpha Arbutin 1% & Vitamin C 20% + G... ₹699 30% Off Regular price ₹999. Discounted price ₹699. 30% Off.,1998,999,-999
BODYOPS Kojic Acid 2% + Alpha Arbutin 1% & Vitamin C 20% + G... ₹699 30% Off Regular price ₹999. Discounted price ₹699. 30% Off.,1998,999,-999
BODYOPS Kojic Acid 2% + Alpha Arbutin 1% & Vitamin C 20% + G... ₹699 30% Off Regular price ₹999. Discounted price ₹699. 30% Off.,1998,999,-999
BODYOPS Kojic Acid 2% + Alpha Arbutin 1% & Vitamin C 20% + G... ₹699 30% Off Regular price ₹999. Discounted price ₹699. 30% Off.,1998,999,-999
BODYOPS Kojic Acid 2% + Alpha Arbutin 1% & Vitamin C 20% + G... ₹699 30% Off Regular price ₹999. Discounted price ₹699. 30% Off.,2997,999,-1998
BODYOPS Kojic Acid 2% + Alpha Arbutin 1% & Vitamin C 20% + G... ₹699 30% Off Regular price ₹999. Discounted price ₹699. 30% Off.,2997,999,-1998
BODYOPS Kojic Acid 2% + Alpha Arbutin 1% & Vitamin C 20% + G... ₹699 30% Off Regular price ₹999. Discounted price ₹699. 30% Off.,2997,999,-1998
BODYOPS Niacinamide 10% & Retinol 0.6% (30ml Each - Pack Of ... ₹1399 30% Off Regular price ₹1998. Discounted price ₹1399. 30% Off. ( 2 ),2997,1998,-999
BODYOPS Kojic Acid 2% + Alpha Arbutin 1% & Retinol 0.6% (30m... ₹2098 30% Off Regular price ₹2997. Discounted price ₹2098. 30% Off. ( 2 ),999,2997,1998
BODYOPS Kojic Acid 2% + Alpha Arbutin 1% & Retinol 0.6% (30m... ₹2098 30% Off Regular price ₹2997. Discounted price ₹2098. 30% Off. ( 2 ),999,2997,1998
BODYOPS Kojic Acid 2% + Alpha Arbutin 1% & Retinol 0.6% (30m... ₹2098 30% Off Regular price ₹2997. Discounted price ₹2098. 30% Off. ( 2 ),999,2997,1998
BODYOPS Kojic Acid 2% + Alpha Arbutin 1% & Retinol 0.6% (30m... ₹2098 30% Off Regular price ₹2997. Discounted price ₹2098. 30% Off. ( 2 ),999,2997,1998
BODYOPS Kojic Acid 2% + Alpha Arbutin 1% & Retinol 0.6% (30m... ₹2098 30% Off Regular price ₹2997. Discounted price ₹2098. 30% Off. ( 2 ),999,2997,1998
BODYOPS Kojic Acid 2% + Alpha Arbutin 1% & Retinol 0.6% (30m... ₹2098 30% Off Regular price ₹2997. Discounted price ₹2098. 30% Off. ( 2 ),999,2997,1998
BODYOPS Kojic Acid 2% + Alpha Arbutin 1% & Retinol 0.6% (30m... ₹2098 30% Off Regular price ₹2997. Discounted price ₹2098. 30% Off. ( 2 ),999,2997,1998
BODYOPS Kojic Acid 2% + Alpha Arbutin 1% & Retinol 0.6% (30m... ₹2098 30% Off Regular price ₹2997. Discounted price ₹2098. 30% Off. ( 2 ),999,2997,1998
BODYOPS Kojic Acid 2% + Alpha Arbutin 1% & Retinol 0.6% (30m... ₹2098 30% Off Regular price ₹2997. Discounted price ₹2098. 30% Off. ( 2 ),999,2997,1998
BODYOPS Kojic Acid 2% + Alpha Arbutin 1% & Retinol 0.6% (30m... ₹2098 30% Off Regular price ₹2997. Discounted price ₹2098. 30% Off. ( 2 ),1998,2997,999
BODYOPS Kojic Acid 2% + Alpha Arbutin 1% & Retinol 0.6% (30m... ₹2098 30% Off Regular price ₹2997. Discounted price ₹2098. 30% Off. ( 2 ),1998,2997,999
BODYOPS Kojic Acid 2% + Alpha Arbutin 1% & Retinol 0.6% (30m... ₹2098 30% Off Regular price ₹2997. Discounted price ₹2098. 30% Off. ( 2 ),1998,2997,999
BODYOPS Kojic Acid 2% + Alpha Arbutin 1% & Retinol 0.6% (30m... ₹2098 30% Off Regular price ₹2997. Discounted price ₹2098. 30% Off. ( 2 ),1998,2997,999
BODYOPS Kojic Acid 2% + Alpha Arbutin 1% & Retinol 0.6% (30m... ₹2098 30% Off Regular price ₹2997. Discounted price ₹2098. 30% Off. ( 2 ),1998,2997,999
BODYOPS Kojic Acid 2% + Alpha Arbutin 1% & Retinol 0.6% (30m... ₹2098 30% Off Regular price ₹2997. Discounted price ₹2098. 30% Off. ( 2 ),1998,2997,999
BODYOPS Kojic Acid 2% + Alpha Arbutin 1% & Hyaluronic Acid 2... ₹1399 30% Off Regular price ₹1998. Discounted price ₹1399. 30% Off.,999,1998,999
BODYOPS Kojic Acid 2% + Alpha Arbutin 1% & Hyaluronic Acid 2... ₹1399 30% Off Regular price ₹1998. Discounted price ₹1399. 30% Off.,999,1998,999
BODYOPS Kojic Acid 2% + Alpha Arbutin 1% & Hyaluronic Acid 2... ₹1399 30% Off Regular price ₹1998. Discounted price ₹1399. 30% Off.,999,1998,999
BODYOPS Kojic Acid 2% + Alpha Arbutin 1% & Hyaluronic Acid 2... ₹1399 30% Off Regular price ₹1998. Discounted price ₹1399. 30% Off.,999,1998,999
BODYOPS Kojic Acid 2% + Alpha Arbutin 1% & Hyaluronic Acid 2... ₹1399 30% Off Regular price ₹1998. Discounted price ₹1399. 30% Off.,999,1998,999
BODYOPS Kojic Acid 2% + Alpha Arbutin 1% & Hyaluronic Acid 2... ₹1399 30% Off Regular price ₹1998. Discounted price ₹1399. 30% Off.,999,1998,999
BODYOPS Kojic Acid 2% + Alpha Arbutin 1% & Hyaluronic Acid 2... ₹1399 30% Off Regular price ₹1998. Discounted price ₹1399. 30% Off.,999,1998,999
BODYOPS Kojic Acid 2% + Alpha Arbutin 1% & Hyaluronic Acid 2... ₹1399 30% Off Regular price ₹1998. Discounted price ₹1399. 30% Off.,999,1998,999
BODYOPS Kojic Acid 2% + Alpha Arbutin 1% & Hyaluronic Acid 2... ₹1399 30% Off Regular price ₹1998. Discounted price ₹1399. 30% Off.,999,1998,999
BODYOPS Kojic Acid 2% + Alpha Arbutin 1% & Hyaluronic Acid 2... ₹1399 30% Off Regular price ₹1998. Discounted price ₹1399. 30% Off.,2997,1998,-999
BODYOPS Kojic Acid 2% + Alpha Arbutin 1% & Hyaluronic Acid 2... ₹1399 30% Off Regular price ₹1998. Discounted price ₹1399. 30% Off.,2997,1998,-999
BODYOPS Kojic Acid 2% + Alpha Arbutin 1% & Hyaluronic Acid 2... ₹1399 30% Off Regular price ₹1998. Discounted price ₹1399. 30% Off.,2997,1998,-999
Nature Glow Herbal Hyaluronic Serum ₹328 20% Off Regular price ₹410. Discounted price ₹328. 20% Off.,699,410,-289
BODYOPS Kojic Acid 2% + Alpha Arbutin 1% & Glutathione 10% (... ₹1399 30% Off Regular price ₹1998. Discounted price ₹1399. 30% Off.,999,1998,999
BODYOPS Kojic Acid 2% + Alpha Arbutin 1% & Glutathione 10% (... ₹1399 30% Off Regular price ₹1998. Discounted price ₹1399. 30% Off.,999,1998,999
BODYOPS Kojic Acid 2% + Alpha Arbutin 1% & Glutathione 10% (... ₹1399 30% Off Regular price ₹1998. Discounted price ₹1399. 30% Off.,999,1998,999
BODYOPS Kojic Acid 2% + Alpha Arbutin 1% & Glutathione 10% (... ₹1399 30% Off Regular price ₹1998. Discounted price ₹1399. 30% Off.,999,1998,999
BODYOPS Kojic Acid 2% + Alpha Arbutin 1% & Glutathione 10% (... ₹1399 30% Off Regular price ₹1998. Discounted price ₹1399. 30% Off.,999,1998,999
BODYOPS Kojic Acid 2% + Alpha Arbutin 1% & Glutathione 10% (... ₹1399 30% Off Regular price ₹1998. Discounted price ₹1399. 30% Off.,999,1998,999
BODYOPS Kojic Acid 2% + Alpha Arbutin 1% & Glutathione 10% (... ₹1399 30% Off Regular price ₹1998. Discounted price ₹1399. 30% Off.,999,1998,999
BODYOPS Kojic Acid 2% + Alpha Arbutin 1% & Glutathione 10% (... ₹1399 30% Off Regular price ₹1998. Discounted price ₹1399. 30% Off.,999,1998,999
BODYOPS Kojic Acid 2% + Alpha Arbutin 1% & Glutathione 10% (... ₹1399 30% Off Regular price ₹1998. Discounted price ₹1399. 30% Off.,999,1998,999
BODYOPS Kojic Acid 2% + Alpha Arbutin 1% & Glutathione 10% (... ₹1399 30% Off Regular price ₹1998. Discounted price ₹1399. 30% Off.,2997,1998,-999
BODYOPS Kojic Acid 2% + Alpha Arbutin 1% & Glutathione 10% (... ₹1399 30% Off Regular price ₹1998. Discounted price ₹1399. 30% Off.,2997,1998,-999
BODYOPS Kojic Acid 2% + Alpha Arbutin 1% & Glutathione 10% (... ₹1399 30% Off Regular price ₹1998. Discounted price ₹1399. 30% Off.,2997,1998,-999
Lakme Retinol Advanced Renewal Serum 0.1% Retinol + 5% Pepti... ₹499,999,499,-500
Lakme Retinol Advanced Renewal Serum 0.1% Retinol + 5% Pepti... ₹499,999,499,-500
Lakme Retinol Advanced Renewal Serum 0.1% Retinol + 5% Pepti... ₹499,999,499,-500
Lakme Retinol Advanced Renewal Serum 0.1% Retinol + 5% Pepti... ₹499,999,499,-500
The Body Temple Retinol 0.3% & Vitamin C 10% + Niacinamide 5... ₹1397 30% Off Regular price ₹1996. Discounted price ₹1397. 30% Off.,2994,1996,-998
The Body Temple Vitamin C 10% & Niacinamide 5% + Glycolic Ac... ₹1397 30% Off Regular price ₹1996. Discounted price ₹1397. 30% Off.,2994,1996,-998
The Body Temple Vitamin C 10% & Niacinamide 5% + Glycolic Ac... ₹1397 30% Off Regular price ₹1996. Discounted price ₹1397. 30% Off.,2994,1996,-998
The Body Temple Vitamin C 10% & Niacinamide 5% + AHA 25% + B... ₹2096 30% Off Regular price ₹2994. Discounted price ₹2096. 30% Off.,1996,2994,998
The Body Temple Vitamin C 10% & Niacinamide 5% + AHA 25% + B... ₹2096 30% Off Regular price ₹2994. Discounted price ₹2096. 30% Off.,1996,2994,998
The Body Temple Vitamin C 10% & Niacinamide 5% + AHA 25% + B... ₹2096 30% Off Regular price ₹2994. Discounted price ₹2096. 30% Off.,1996,2994,998
The Body Temple Vitamin C 10% & Niacinamide 5% + AHA 25% + B... ₹2096 30% Off Regular price ₹2994. Discounted price ₹2096. 30% Off.,1996,2994,998
The Body Temple Vitamin C 10% & Niacinamide 5% + AHA 25% + B... ₹2096 30% Off Regular price ₹2994. Discounted price ₹2096. 30% Off.,1996,2994,998
Nature Glow Herbal 10% Niacinamide Face Serum ₹527 15% Off Regular price ₹620. Discounted price ₹527. 15% Off.,370,620,250
Nature Glow Herbal 10% Niacinamide Face Serum ₹527 15% Off Regular price ₹620. Discounted price ₹527. 15% Off.,370,620,250
Nature Glow Herbal Hyaluronic Serum ₹594 15% Off Regular price ₹699. Discounted price ₹594. 15% Off.,410,699,289
The Body Temple Vitamin C 10% & Niacinamide 5% + Lactic Acid... ₹2096 30% Off Regular price ₹2994. Discounted price ₹2096. 30% Off.,1996,2994,998
The Body Temple Vitamin C 10% & Niacinamide 5% + Lactic Acid... ₹2096 30% Off Regular price ₹2994. Discounted price ₹2096. 30% Off.,1996,2994,998
The Body Temple Vitamin C 10% & Niacinamide 5% + Lactic Acid... ₹2096 30% Off Regular price ₹2994. Discounted price ₹2096. 30% Off.,1996,2994,998
The Body Temple Vitamin C 10% & Niacinamide 5% + Lactic Acid... ₹2096 30% Off Regular price ₹2994. Discounted price ₹2096. 30% Off.,1996,2994,998
The Body Temple Vitamin C 10% & Niacinamide 5% + Lactic Acid... ₹2096 30% Off Regular price ₹2994. Discounted price ₹2096. 30% Off.,1996,2994,998
Nature Glow Herbal Alpha Arbutin Face Serum ₹308 20% Off Regular price ₹385. Discounted price ₹308. 20% Off.,695,385,-310
Nature Glow Herbal Alpha Arbutin Face Serum ₹308 20% Off Regular price ₹385. Discounted price ₹308. 20% Off.,695,385,-310
The Body Temple Vitamin C 20% + L-Glutathione 5% & Retinol 0... ₹1397 30% Off Regular price ₹1996. Discounted price ₹1397. 30% Off.,998,1996,998
The Body Temple Vitamin C 20% + L-Glutathione 5% & Retinol 0... ₹1397 30% Off Regular price ₹1996. Discounted price ₹1397. 30% Off.,998,1996,998
BODYOPS Kojic Acid 2% + Alpha Arbutin 1% & Glycolic Acid 10%... ₹699 30% Off Regular price ₹999. Discounted price ₹699. 30% Off. ( 1 ),1998,999,-999
BODYOPS Kojic Acid 2% + Alpha Arbutin 1% & Glycolic Acid 10%... ₹699 30% Off Regular price ₹999. Discounted price ₹699. 30% Off. ( 1 ),1998,999,-999
BODYOPS Kojic Acid 2% + Alpha Arbutin 1% & Glycolic Acid 10%... ₹699 30% Off Regular price ₹999. Discounted price ₹699. 30% Off. ( 1 ),1998,999,-999
BODYOPS Kojic Acid 2% + Alpha Arbutin 1% & Glycolic Acid 10%... ₹699 30% Off Regular price ₹999. Discounted price ₹699. 30% Off. ( 1 ),1998,999,-999
BODYOPS Kojic Acid 2% + Alpha Arbutin 1% & Glycolic Acid 10%... ₹699 30% Off Regular price ₹999. Discounted price ₹699. 30% Off. ( 1 ),1998,999,-999
BODYOPS Kojic Acid 2% + Alpha Arbutin 1% & Glycolic Acid 10%... ₹699 30% Off Regular price ₹999. Discounted price ₹699. 30% Off. ( 1 ),1998,999,-999
BODYOPS Kojic Acid 2% + Alpha Arbutin 1% & Glycolic Acid 10%... ₹699 30% Off Regular price ₹999. Discounted price ₹699. 30% Off. ( 1 ),2997,999,-1998
BODYOPS Kojic Acid 2% + Alpha Arbutin 1% & Glycolic Acid 10%... ₹699 30% Off Regular price ₹999. Discounted price ₹699. 30% Off. ( 1 ),2997,999,-1998
BODYOPS Kojic Acid 2% + Alpha Arbutin 1% & Glycolic Acid 10%... ₹699 30% Off Regular price ₹999. Discounted price ₹699. 30% Off. ( 1 ),2997,999,-1998
The Body Temple Vitamin C 20% + L-Glutathione 5% & Glycolic ... ₹1397 30% Off Regular price ₹1996. Discounted price ₹1397. 30% Off.,998,1996,998
The Body Temple Vitamin C 20% + L-Glutathione 5% & Glycolic ... ₹1397 30% Off Regular price ₹1996. Discounted price ₹1397. 30% Off.,998,1996,998
BODYOPS Kojic Acid 2% + Alpha Arbutin 1% & Niacinamide 10% (... ₹1399 30% Off Regular price ₹1998. Discounted price ₹1399. 30% Off. ( 8 ),999,1998,999
BODYOPS Kojic Acid 2% + Alpha Arbutin 1% & Niacinamide 10% (... ₹1399 30% Off Regular price ₹1998. Discounted price ₹1399. 30% Off. ( 8 ),999,1998,999
BODYOPS Kojic Acid 2% + Alpha Arbutin 1% & Niacinamide 10% (... ₹1399 30% Off Regular price ₹1998. Discounted price ₹1399. 30% Off. ( 8 ),999,1998,999
BODYOPS Kojic Acid 2% + Alpha Arbutin 1% & Niacinamide 10% (... ₹1399 30% Off Regular price ₹1998. Discounted price ₹1399. 30% Off. ( 8 ),999,1998,999
BODYOPS Kojic Acid 2% + Alpha Arbutin 1% & Niacinamide 10% (... ₹1399 30% Off Regular price ₹1998. Discounted price ₹1399. 30% Off. ( 8 ),999,1998,999
BODYOPS Kojic Acid 2% + Alpha Arbutin 1% & Niacinamide 10% (... ₹1399 30% Off Regular price ₹1998. Discounted price ₹1399. 30% Off. ( 8 ),999,1998,999
BODYOPS Kojic Acid 2% + Alpha Arbutin 1% & Niacinamide 10% (... ₹1399 30% Off Regular price ₹1998. Discounted price ₹1399. 30% Off. ( 8 ),999,1998,999
BODYOPS Kojic Acid 2% + Alpha Arbutin 1% & Niacinamide 10% (... ₹1399 30% Off Regular price ₹1998. Discounted price ₹1399. 30% Off. ( 8 ),999,1998,999
BODYOPS Kojic Acid 2% + Alpha Arbutin 1% & Niacinamide 10% (... ₹1399 30% Off Regular price ₹1998. Discounted price ₹1399. 30% Off. ( 8 ),999,1998,999
BODYOPS Kojic Acid 2% + Alpha Arbutin 1% & Niacinamide 10% (... ₹1399 30% Off Regular price ₹1998. Discounted price ₹1399. 30% Off. ( 8 ),2997,1998,-999
BODYOPS Kojic Acid 2% + Alpha Arbutin 1% & Niacinamide 10% (... ₹1399 30% Off Regular price ₹1998. Discounted price ₹1399. 30% Off. ( 8 ),2997,1998,-999
BODYOPS Kojic Acid 2% + Alpha Arbutin 1% & Niacinamide 10% (... ₹1399 30% Off Regular price ₹1998. Discounted price ₹1399. 30% Off. ( 8 ),2997,1998,-999
The Body Temple Retinol 0.3% & Vitamin C 10% (30Ml Each - Pa... ₹2096 30% Off Regular price ₹2994. Discounted price ₹2096. 30% Off.,1996,2994,998
BODYOPS Kojic Acid 2% + Alpha Arbutin 1% & AHA 25% + BHA 2% ... ₹1399 30% Off Regular price ₹1998. Discounted price ₹1399. 30% Off.,999,1998,999
BODYOPS Kojic Acid 2% + Alpha Arbutin 1% & AHA 25% + BHA 2% ... ₹1399 30% Off Regular price ₹1998. Discounted price ₹1399. 30% Off.,999,1998,999
BODYOPS Kojic Acid 2% + Alpha Arbutin 1% & AHA 25% + BHA 2% ... ₹1399 30% Off Regular price ₹1998. Discounted price ₹1399. 30% Off.,999,1998,999
BODYOPS Kojic Acid 2% + Alpha Arbutin 1% & AHA 25% + BHA 2% ... ₹1399 30% Off Regular price ₹1998. Discounted price ₹1399. 30% Off.,999,1998,999
BODYOPS Kojic Acid 2% + Alpha Arbutin 1% & AHA 25% + BHA 2% ... ₹1399 30% Off Regular price ₹1998. Discounted price ₹1399. 30% Off.,999,1998,999
BODYOPS Kojic Acid 2% + Alpha Arbutin 1% & AHA 25% + BHA 2% ... ₹1399 30% Off Regular price ₹1998. Discounted price ₹1399. 30% Off.,999,1998,999
BODYOPS Kojic Acid 2% + Alpha Arbutin 1% & AHA 25% + BHA 2% ... ₹1399 30% Off Regular price ₹1998. Discounted price ₹1399. 30% Off.,999,1998,999
BODYOPS Kojic Acid 2% + Alpha Arbutin 1% & AHA 25% + BHA 2% ... ₹1399 30% Off Regular price ₹1998. Discounted price ₹1399. 30% Off.,999,1998,999
BODYOPS Kojic Acid 2% + Alpha Arbutin 1% & AHA 25% + BHA 2% ... ₹1399 30% Off Regular price ₹1998. Discounted price ₹1399. 30% Off.,999,1998,999
BODYOPS Kojic Acid 2% + Alpha Arbutin 1% & AHA 25% + BHA 2% ... ₹1399 30% Off Regular price ₹1998. Discounted price ₹1399. 30% Off.,2997,1998,-999
BODYOPS Kojic Acid 2% + Alpha Arbutin 1% & AHA 25% + BHA 2% ... ₹1399 30% Off Regular price ₹1998. Discounted price ₹1399. 30% Off.,2997,1998,-999
BODYOPS Kojic Acid 2% + Alpha Arbutin 1% & AHA 25% + BHA 2% ... ₹1399 30% Off Regular price ₹1998. Discounted price ₹1399. 30% Off.,2997,1998,-999
The Body Temple Vitamin C 20% + L-Glutathione 5% & Glutathio... ₹1397 30% Off Regular price ₹1996. Discounted price ₹1397. 30% Off.,998,1996,998
The Body Temple Vitamin C 20% + L-Glutathione 5% & Glutathio... ₹1397 30% Off Regular price ₹1996. Discounted price ₹1397. 30% Off.,998,1996,998
BODYOPS Kojic Acid 2% + Alpha Arbutin 1% & Retinol 0.3% (30m... ₹1399 30% Off Regular price ₹1998. Discounted price ₹1399. 30% Off.,999,1998,999
BODYOPS Kojic Acid 2% + Alpha Arbutin 1% & Retinol 0.3% (30m... ₹1399 30% Off Regular price ₹1998. Discounted price ₹1399. 30% Off.,999,1998,999
BODYOPS Kojic Acid 2% + Alpha Arbutin 1% & Retinol 0.3% (30m... ₹1399 30% Off Regular price ₹1998. Discounted price ₹1399. 30% Off.,999,1998,999
BODYOPS Kojic Acid 2% + Alpha Arbutin 1% & Retinol 0.3% (30m... ₹1399 30% Off Regular price ₹1998. Discounted price ₹1399. 30% Off.,999,1998,999
BODYOPS Kojic Acid 2% + Alpha Arbutin 1% & Retinol 0.3% (30m... ₹1399 30% Off Regular price ₹1998. Discounted price ₹1399. 30% Off.,999,1998,999
BODYOPS Kojic Acid 2% + Alpha Arbutin 1% & Retinol 0.3% (30m... ₹1399 30% Off Regular price ₹1998. Discounted price ₹1399. 30% Off.,999,1998,999
BODYOPS Kojic Acid 2% + Alpha Arbutin 1% & Retinol 0.3% (30m... ₹1399 30% Off Regular price ₹1998. Discounted price ₹1399. 30% Off.,999,1998,999
BODYOPS Kojic Acid 2% + Alpha Arbutin 1% & Retinol 0.3% (30m... ₹1399 30% Off Regular price ₹1998. Discounted price ₹1399. 30% Off.,999,1998,999
BODYOPS Kojic Acid 2% + Alpha Arbutin 1% & Retinol 0.3% (30m... ₹1399 30% Off Regular price ₹1998. Discounted price ₹1399. 30% Off.,999,1998,999
BODYOPS Kojic Acid 2% + Alpha Arbutin 1% & Retinol 0.3% (30m... ₹1399 30% Off Regular price ₹1998. Discounted price ₹1399. 30% Off.,2997,1998,-999
BODYOPS Kojic Acid 2% + Alpha Arbutin 1% & Retinol 0.3% (30m... ₹1399 30% Off Regular price ₹1998. Discounted price ₹1399. 30% Off.,2997,1998,-999
BODYOPS Kojic Acid 2% + Alpha Arbutin 1% & Retinol 0.3% (30m... ₹1399 30% Off Regular price ₹1998. Discounted price ₹1399. 30% Off.,2997,1998,-999
BODYOPS Salicylic Acid 2% & Niacinamide 5% (30ml Each - Pack... ₹2098 30% Off Regular price ₹2997. Discounted price ₹2098. 30% Off.,1998,2997,999
BODYOPS Kojic Acid 2% + Alpha Arbutin 1% & Alpha Arbutin 2% ... ₹1399 30% Off Regular price ₹1998. Discounted price ₹1399. 30% Off.,999,1998,999
BODYOPS Kojic Acid 2% + Alpha Arbutin 1% & Alpha Arbutin 2% ... ₹1399 30% Off Regular price ₹1998. Discounted price ₹1399. 30% Off.,999,1998,999
BODYOPS Kojic Acid 2% + Alpha Arbutin 1% & Alpha Arbutin 2% ... ₹1399 30% Off Regular price ₹1998. Discounted price ₹1399. 30% Off.,999,1998,999
BODYOPS Kojic Acid 2% + Alpha Arbutin 1% & Alpha Arbutin 2% ... ₹1399 30% Off Regular price ₹1998. Discounted price ₹1399. 30% Off.,999,1998,999
BODYOPS Kojic Acid 2% + Alpha Arbutin 1% & Alpha Arbutin 2% ... ₹1399 30% Off Regular price ₹1998. Discounted price ₹1399. 30% Off.,999,1998,999
BODYOPS Kojic Acid 2% + Alpha Arbutin 1% & Alpha Arbutin 2% ... ₹1399 30% Off Regular price ₹1998. Discounted price ₹1399. 30% Off.,999,1998,999
BODYOPS Kojic Acid 2% + Alpha Arbutin 1% & Alpha Arbutin 2% ... ₹1399 30% Off Regular price ₹1998. Discounted price ₹1399. 30% Off.,999,1998,999
BODYOPS Kojic Acid 2% + Alpha Arbutin 1% & Alpha Arbutin 2% ... ₹1399 30% Off Regular price ₹1998. Discounted price ₹1399. 30% Off.,999,1998,999
BODYOPS Kojic Acid 2% + Alpha Arbutin 1% & Alpha Arbutin 2% ... ₹1399 30% Off Regular price ₹1998. Discounted price ₹1399. 30% Off.,999,1998,999
BODYOPS Kojic Acid 2% + Alpha Arbutin 1% & Alpha Arbutin 2% ... ₹1399 30% Off Regular price ₹1998. Discounted price ₹1399. 30% Off.,2997,1998,-999
BODYOPS Kojic Acid 2% + Alpha Arbutin 1% & Alpha Arbutin 2% ... ₹1399 30% Off Regular price ₹1998. Discounted price ₹1399. 30% Off.,2997,1998,-999
BODYOPS Kojic Acid 2% + Alpha Arbutin 1% & Alpha Arbutin 2% ... ₹1399 30% Off Regular price ₹1998. Discounted price ₹1399. 30% Off.,2997,1998,-999
BODYOPS Kojic Acid 2% + Alpha Arbutin 1% & Vitamin C 10% (30... ₹2098 30% Off Regular price ₹2997. Discounted price ₹2098. 30% Off.,999,2997,1998
BODYOPS Kojic Acid 2% + Alpha Arbutin 1% & Vitamin C 10% (30... ₹2098 30% Off Regular price ₹2997. Discounted price ₹2098. 30% Off.,999,2997,1998
BODYOPS Kojic Acid 2% + Alpha Arbutin 1% & Vitamin C 10% (30... ₹2098 30% Off Regular price ₹2997. Discounted price ₹2098. 30% Off.,999,2997,1998
BODYOPS Kojic Acid 2% + Alpha Arbutin 1% & Vitamin C 10% (30... ₹2098 30% Off Regular price ₹2997. Discounted price ₹2098. 30% Off.,999,2997,1998
BODYOPS Kojic Acid 2% + Alpha Arbutin 1% & Vitamin C 10% (30... ₹2098 30% Off Regular price ₹2997. Discounted price ₹2098. 30% Off.,999,2997,1998
BODYOPS Kojic Acid 2% + Alpha Arbutin 1% & Vitamin C 10% (30... ₹2098 30% Off Regular price ₹2997. Discounted price ₹2098. 30% Off.,999,2997,1998
BODYOPS Kojic Acid 2% + Alpha Arbutin 1% & Vitamin C 10% (30... ₹2098 30% Off Regular price ₹2997. Discounted price ₹2098. 30% Off.,999,2997,1998
BODYOPS Kojic Acid 2% + Alpha Arbutin 1% & Vitamin C 10% (30... ₹2098 30% Off Regular price ₹2997. Discounted price ₹2098. 30% Off.,999,2997,1998
BODYOPS Kojic Acid 2% + Alpha Arbutin 1% & Vitamin C 10% (30... ₹2098 30% Off Regular price ₹2997. Discounted price ₹2098. 30% Off.,999,2997,1998
BODYOPS Kojic Acid 2% + Alpha Arbutin 1% & Vitamin C 10% (30... ₹2098 30% Off Regular price ₹2997. Discounted price ₹2098. 30% Off.,1998,2997,999
BODYOPS Kojic Acid 2% + Alpha Arbutin 1% & Vitamin C 10% (30... ₹2098 30% Off Regular price ₹2997. Discounted price ₹2098. 30% Off.,1998,2997,999
BODYOPS Kojic Acid 2% + Alpha Arbutin 1% & Vitamin C 10% (30... ₹2098 30% Off Regular price ₹2997. Discounted price ₹2098. 30% Off.,1998,2997,999
BODYOPS Kojic Acid 2% + Alpha Arbutin 1% & Vitamin C 10% (30... ₹2098 30% Off Regular price ₹2997. Discounted price ₹2098. 30% Off.,1998,2997,999
BODYOPS Kojic Acid 2% + Alpha Arbutin 1% & Vitamin C 10% (30... ₹2098 30% Off Regular price ₹2997. Discounted price ₹2098. 30% Off.,1998,2997,999
BODYOPS Kojic Acid 2% + Alpha Arbutin 1% & Vitamin C 10% (30... ₹2098 30% Off Regular price ₹2997. Discounted price ₹2098. 30% Off.,1998,2997,999
BODYOPS Salicylic Acid 2% & Niacinamide 10% (30ml Each - Pac... ₹1399 30% Off Regular price ₹1998. Discounted price ₹1399. 30% Off. ( 2 ),2997,1998,-999
Out Of Stock Personal Touch Sunstalker Korea Aqua Gel Sunscreen SPF 50 PA... ₹594 15% Off Regular price ₹699. Discounted price ₹594. 15% Off. ( 252 ),1599,699,-900
Out Of Stock COSRX The Vitamin C 23 Serum ₹1125 10% Off Regular price ₹1250. Discounted price ₹1125. 10% Off. ( 2784 ),1850,1250,-600
Out Of Stock Proven Honest Derma (PHD) 2% Alpha Arbutin Serum ₹629 10% Off Regular price ₹699. Discounted price ₹629. 10% Off. ( 19 ),495,699,204
Out Of Stock Proven Honest Derma (PHD) 2% Alpha Arbutin Serum ₹629 10% Off Regular price ₹699. Discounted price ₹629. 10% Off. ( 19 ),649,699,50
Out Of Stock SKIN1004 Madagascar Centella Probio-Cica Intensive Serum ₹2069 10% Off Regular price ₹2299. Discounted price ₹2069. 10% Off. ( 39 ),699,2299,1600
Out Of Stock SKIN1004 Madagascar Centella Probio-Cica Intensive Serum ₹2069 10% Off Regular price ₹2299. Discounted price ₹2069. 10% Off. ( 39 ),699,2299,1600
Out Of Stock Proven Honest Derma (PHD) 2% Salicylic Acid Anti-Acne Serum ₹584 10% Off Regular price ₹649. Discounted price ₹584. 10% Off. ( 16 ),495,649,154
Out Of Stock Proven Honest Derma (PHD) 2% Salicylic Acid Anti-Acne Serum ₹584 10% Off Regular price ₹649. Discounted price ₹584. 10% Off. ( 16 ),699,649,-50
Out Of Stock Proven Honest Derma (PHD) 10% Vitamin C Brightening Serum ₹629 10% Off Regular price ₹699. Discounted price ₹629. 10% Off. ( 17 ),495,699,204
Out Of Stock Proven Honest Derma (PHD) 10% Vitamin C Brightening Serum ₹629 10% Off Regular price ₹699. Discounted price ₹629. 10% Off. ( 17 ),649,699,50
Out Of Stock Keya Seth Aromatherapy- Aromatic Spa Hair Conditions Serum S... ₹145 15% Off Regular price ₹170. Discounted price ₹145. 15% Off. ( 162 ),285,170,-115
Out Of Stock Keya Seth Aromatherapy- Aromatic Spa Hair Conditions Serum S... ₹145 15% Off Regular price ₹170. Discounted price ₹145. 15% Off. ( 162 ),320,170,-150
Out Of Stock Keya Seth Aromatherapy- Aromatic Spa Hair Conditions Serum S... ₹145 15% Off Regular price ₹170. Discounted price ₹145. 15% Off. ( 162 ),320,170,-150
Out Of Stock Keya Seth Aromatherapy- Aromatic Spa Hair Conditions Serum S... ₹145 15% Off Regular price ₹170. Discounted price ₹145. 15% Off. ( 162 ),320,170,-150
Out Of Stock Keya Seth Aromatherapy- Aromatic Spa Hair Conditions Serum S... ₹145 15% Off Regular price ₹170. Discounted price ₹145. 15% Off. ( 162 ),1149,170,-979
Out Of Stock Keya Seth Aromatherapy- Aromatic Spa Hair Conditions Serum S... ₹145 15% Off Regular price ₹170. Discounted price ₹145. 15% Off. ( 162 ),1149,170,-979
Out Of Stock Guerlain Abeille Royale UV Skin Defense Protective Fluid You... ₹8900 ( 2 ),10000,8900,-1100
Out Of Stock Guerlain Abeille Royale UV Skin Defense Protective Fluid You... ₹8900 ( 2 ),10000,8900,-1100
Out Of Stock Guerlain Abeille Royale UV Skin Defense Protective Fluid You... ₹8900 ( 2 ),10050,8900,-1150
Out Of Stock Guerlain Abeille Royale UV Skin Defense Protective Fluid You... ₹8900 ( 2 ),16600,8900,-7700
Out Of Stock Guerlain Abeille Royale UV Skin Defense Protective Fluid You... ₹8900 ( 2 ),16600,8900,-7700
Out Of Stock Guerlain Abeille Royale UV Skin Defense Protective Fluid You... ₹8900 ( 2 ),17500,8900,-8600
Out Of Stock Guerlain Abeille Royale UV Skin Defense Protective Fluid You... ₹8900 ( 2 ),17500,8900,-8600
Out Of Stock Nature's Essence Facialist Daily Brightening Serum with 2% A... ₹280 20% Off Regular price ₹350. Discounted price ₹280. 20% Off. ( 268 ),325,350,25
Out Of Stock Nature's Essence Facialist Daily Brightening Serum with 2% A... ₹280 20% Off Regular price ₹350. Discounted price ₹280. 20% Off. ( 268 ),325,350,25
"Out Of Stock Round Lab Birch Juice Moisturizing Ampoule, Long-Lasting Hyd... ₹2159 20% Off Regular price ₹2699. Discounted price ₹2159. 20% Off. ( 1 )",3099,2699,-400
Out Of Stock Guerlain Abeille Royale 21 Lifting Oil Bottle ₹10000 ( 11 ),8900,10000,1100
Out Of Stock Guerlain Abeille Royale 21 Lifting Oil Bottle ₹10000 ( 11 ),8900,10000,1100
Out Of Stock Guerlain Abeille Royale 21 Lifting Oil Bottle ₹10000 ( 11 ),10050,10000,-50
Out Of Stock Guerlain Abeille Royale 21 Lifting Oil Bottle ₹10000 ( 11 ),16600,10000,-6600
Out Of Stock Guerlain Abeille Royale 21 Lifting Oil Bottle ₹10000 ( 11 ),16600,10000,-6600
Out Of Stock Guerlain Abeille Royale 21 Lifting Oil Bottle ₹10000 ( 11 ),17500,10000,-7500
Out Of Stock Guerlain Abeille Royale 21 Lifting Oil Bottle ₹10000 ( 11 ),17500,10000,-7500
Out Of Stock Keya Seth Aromatherapy Tetra Skin Whitening Cream Nourishing... ₹257 10% Off Regular price ₹285. Discounted price ₹257. 10% Off. ( 53 ),320,285,-35
Out Of Stock Keya Seth Aromatherapy Tetra Skin Whitening Cream Nourishing... ₹257 10% Off Regular price ₹285. Discounted price ₹257. 10% Off. ( 53 ),320,285,-35
Out Of Stock Keya Seth Aromatherapy Tetra Skin Whitening Cream Nourishing... ₹257 10% Off Regular price ₹285. Discounted price ₹257. 10% Off. ( 53 ),320,285,-35
Out Of Stock Keya Seth Aromatherapy Tetra Skin Whitening Cream Nourishing... ₹257 10% Off Regular price ₹285. Discounted price ₹257. 10% Off. ( 53 ),1149,285,-864
Out Of Stock Keya Seth Aromatherapy Tetra Skin Whitening Cream Nourishing... ₹257 10% Off Regular price ₹285. Discounted price ₹257. 10% Off. ( 53 ),1149,285,-864
Out Of Stock Guerlain Abeille Royale UV Skin Defense Protective Fluid You... ₹8900 ( 2 ),10000,8900,-1100
Out Of Stock Guerlain Abeille Royale UV Skin Defense Protective Fluid You... ₹8900 ( 2 ),10000,8900,-1100
Out Of Stock Guerlain Abeille Royale UV Skin Defense Protective Fluid You... ₹8900 ( 2 ),10050,8900,-1150
Out Of Stock Guerlain Abeille Royale UV Skin Defense Protective Fluid You... ₹8900 ( 2 ),16600,8900,-7700
Out Of Stock Guerlain Abeille Royale UV Skin Defense Protective Fluid You... ₹8900 ( 2 ),16600,8900,-7700
Out Of Stock Guerlain Abeille Royale UV Skin Defense Protective Fluid You... ₹8900 ( 2 ),17500,8900,-8600
Out Of Stock Guerlain Abeille Royale UV Skin Defense Protective Fluid You... ₹8900 ( 2 ),17500,8900,-8600
Out Of Stock Nature's Essence Facialist Daily Brightening Serum with 2% A... ₹280 20% Off Regular price ₹350. Discounted price ₹280. 20% Off. ( 268 ),325,350,25
Out Of Stock Nature's Essence Facialist Daily Brightening Serum with 2% A... ₹280 20% Off Regular price ₹350. Discounted price ₹280. 20% Off. ( 268 ),325,350,25
"Out Of Stock Round Lab Birch Juice Moisturizing Ampoule, Long-Lasting Hyd... ₹2159 20% Off Regular price ₹2699. Discounted price ₹2159. 20% Off. ( 1 )",3099,2699,-400
